ISO-10303-21;
HEADER;
FILE_DESCRIPTION(('FreeCAD Model'),'2;1');
FILE_NAME('Open CASCADE Shape Model','2026-04-08T20:58:56',('Author'),(
    ''),'Open CASCADE STEP processor 7.8','FreeCAD','Unknown');
FILE_SCHEMA(('AUTOMOTIVE_DESIGN { 1 0 10303 214 1 1 1 1 }'));
ENDSEC;
DATA;
#1 = APPLICATION_PROTOCOL_DEFINITION('international standard',
  'automotive_design',2000,#2);
#2 = APPLICATION_CONTEXT(
  'core data for automotive mechanical design processes');
#3 = SHAPE_DEFINITION_REPRESENTATION(#4,#10);
#4 = PRODUCT_DEFINITION_SHAPE('','',#5);
#5 = PRODUCT_DEFINITION('design','',#6,#9);
#6 = PRODUCT_DEFINITION_FORMATION('','',#7);
#7 = PRODUCT('Assembly','Assembly','',(#8));
#8 = PRODUCT_CONTEXT('',#2,'mechanical');
#9 = PRODUCT_DEFINITION_CONTEXT('part definition',#2,'design');
#10 = SHAPE_REPRESENTATION('',(#11,#15,#19,#23,#27,#31,#35,#39,#43,#47,
    #51,#55,#59,#63,#67),#71);
#11 = AXIS2_PLACEMENT_3D('',#12,#13,#14);
#12 = CARTESIAN_POINT('',(0.,0.,0.));
#13 = DIRECTION('',(0.,0.,1.));
#14 = DIRECTION('',(1.,0.,-0.));
#15 = AXIS2_PLACEMENT_3D('',#16,#17,#18);
#16 = CARTESIAN_POINT('',(0.,0.,0.));
#17 = DIRECTION('',(0.,0.,1.));
#18 = DIRECTION('',(1.,0.,0.));
#19 = AXIS2_PLACEMENT_3D('',#20,#21,#22);
#20 = CARTESIAN_POINT('',(146.91528230467,41.991458719563,40.));
#21 = DIRECTION('',(0.,-0.,1.));
#22 = DIRECTION('',(2.22044604925E-16,1.,0.));
#23 = AXIS2_PLACEMENT_3D('',#24,#25,#26);
#24 = CARTESIAN_POINT('',(147.41185098442,56.991458719563,40.));
#25 = DIRECTION('',(-0.,0.,1.));
#26 = DIRECTION('',(2.22044604925E-16,-1.,0.));
#27 = AXIS2_PLACEMENT_3D('',#28,#29,#30);
#28 = CARTESIAN_POINT('',(-60.07071,77.996409928314,10.));
#29 = DIRECTION('',(-0.,0.,1.));
#30 = DIRECTION('',(2.22044604925E-16,-1.,0.));
#31 = AXIS2_PLACEMENT_3D('',#32,#33,#34);
#32 = CARTESIAN_POINT('',(-34.5702232678,29.369491285497,40.));
#33 = DIRECTION('',(0.,0.,1.));
#34 = DIRECTION('',(1.,0.,0.));
#35 = AXIS2_PLACEMENT_3D('',#36,#37,#38);
#36 = CARTESIAN_POINT('',(50.,50.,40.));
#37 = DIRECTION('',(0.,0.,1.));
#38 = DIRECTION('',(1.,0.,0.));
#39 = AXIS2_PLACEMENT_3D('',#40,#41,#42);
#40 = CARTESIAN_POINT('',(19.106121296426,110.,25.583690409617));
#41 = DIRECTION('',(-4.475273554066E-16,-1.,3.997546628327E-18));
#42 = DIRECTION('',(0.115166599077,-5.551115123126E-17,-0.993346190639)
  );
#43 = AXIS2_PLACEMENT_3D('',#44,#45,#46);
#44 = CARTESIAN_POINT('',(18.351233528875,2.356950111324E-16,
    24.974720195035));
#45 = DIRECTION('',(-4.681941722542E-17,-1.,2.170524101386E-16));
#46 = DIRECTION('',(0.21085590997,-2.22044604925E-16,-0.97751715342));
#47 = AXIS2_PLACEMENT_3D('',#48,#49,#50);
#48 = CARTESIAN_POINT('',(160.87146343952,2.595492537248E-16,
    21.588057576782));
#49 = DIRECTION('',(-6.588645241686E-17,-1.,8.935841892066E-17));
#50 = DIRECTION('',(0.593452405107,-1.110223024625E-16,-0.804869084307)
  );
#51 = AXIS2_PLACEMENT_3D('',#52,#53,#54);
#52 = CARTESIAN_POINT('',(163.98409284344,110.,25.493233340127));
#53 = DIRECTION('',(-2.891947692613E-17,-1.,2.201532884847E-16));
#54 = DIRECTION('',(0.130241745508,-2.22044604925E-16,-0.991482267984));
#55 = AXIS2_PLACEMENT_3D('',#56,#57,#58);
#56 = CARTESIAN_POINT('',(-11.88906125989,10.,-138.966785441));
#57 = DIRECTION('',(-2.71943381561E-16,-1.,1.570172295571E-16));
#58 = DIRECTION('',(0.965933424194,-2.22044604925E-16,0.25879068767));
#59 = AXIS2_PLACEMENT_3D('',#60,#61,#62);
#60 = CARTESIAN_POINT('',(130.96146799527,100.,-141.9026091947));
#61 = DIRECTION('',(-2.563395465293E-17,-1.,4.570383772925E-16));
#62 = DIRECTION('',(0.9550383993,1.110223024625E-16,0.296482134137));
#63 = AXIS2_PLACEMENT_3D('',#64,#65,#66);
#64 = CARTESIAN_POINT('',(-42.38152322231,100.,-120.7895029903));
#65 = DIRECTION('',(1.568374969449E-17,-1.,2.215986796451E-16));
#66 = DIRECTION('',(0.999223218691,6.938893903907E-18,
    -3.940760369578E-02));
#67 = AXIS2_PLACEMENT_3D('',#68,#69,#70);
#68 = CARTESIAN_POINT('',(176.48699184725,10.,-134.7045393754));
#69 = DIRECTION('',(2.760043445124E-16,-1.,1.305243698265E-16));
#70 = DIRECTION('',(0.904009500436,3.053113317719E-16,0.427512366046));
#71 = ( GEOMETRIC_REPRESENTATION_CONTEXT(3) 
GLOBAL_UNCERTAINTY_ASSIGNED_CONTEXT((#75)) GLOBAL_UNIT_ASSIGNED_CONTEXT(
(#72,#73,#74)) REPRESENTATION_CONTEXT('Context #1',
  '3D Context with UNIT and UNCERTAINTY') );
#72 = ( LENGTH_UNIT() NAMED_UNIT(*) SI_UNIT(.MILLI.,.METRE.) );
#73 = ( NAMED_UNIT(*) PLANE_ANGLE_UNIT() SI_UNIT($,.RADIAN.) );
#74 = ( NAMED_UNIT(*) SI_UNIT($,.STERADIAN.) SOLID_ANGLE_UNIT() );
#75 = UNCERTAINTY_MEASURE_WITH_UNIT(LENGTH_MEASURE(1.E-05),#72,
  'distance_accuracy_value','confusion accuracy');
#76 = PRODUCT_RELATED_PRODUCT_CATEGORY('part',$,(#7));
#77 = SHAPE_DEFINITION_REPRESENTATION(#78,#84);
#78 = PRODUCT_DEFINITION_SHAPE('','',#79);
#79 = PRODUCT_DEFINITION('design','',#80,#83);
#80 = PRODUCT_DEFINITION_FORMATION('','',#81);
#81 = PRODUCT('Body','Body','',(#82));
#82 = PRODUCT_CONTEXT('',#2,'mechanical');
#83 = PRODUCT_DEFINITION_CONTEXT('part definition',#2,'design');
#84 = ADVANCED_BREP_SHAPE_REPRESENTATION('',(#11,#85),#1112);
#85 = MANIFOLD_SOLID_BREP('',#86);
#86 = CLOSED_SHELL('',(#87,#149,#180,#211,#242,#273,#298,#323,#351,#375,
    #399,#423,#440,#613,#630,#642,#654,#679,#711,#735,#759,#777,#802,
    #827,#852,#877,#902,#934,#958,#982,#1000,#1025,#1034,#1046,#1055,
    #1064,#1073,#1082,#1091,#1103));
#87 = ADVANCED_FACE('',(#88,#122,#133),#144,.F.);
#88 = FACE_BOUND('',#89,.F.);
#89 = EDGE_LOOP('',(#90,#100,#108,#116));
#90 = ORIENTED_EDGE('',*,*,#91,.T.);
#91 = EDGE_CURVE('',#92,#94,#96,.T.);
#92 = VERTEX_POINT('',#93);
#93 = CARTESIAN_POINT('',(0.,0.,4.));
#94 = VERTEX_POINT('',#95);
#95 = CARTESIAN_POINT('',(0.,1.E-15,36.));
#96 = LINE('',#97,#98);
#97 = CARTESIAN_POINT('',(0.,0.,0.));
#98 = VECTOR('',#99,1.);
#99 = DIRECTION('',(0.,0.,1.));
#100 = ORIENTED_EDGE('',*,*,#101,.T.);
#101 = EDGE_CURVE('',#94,#102,#104,.T.);
#102 = VERTEX_POINT('',#103);
#103 = CARTESIAN_POINT('',(200.,1.E-15,36.));
#104 = LINE('',#105,#106);
#105 = CARTESIAN_POINT('',(0.,0.,36.));
#106 = VECTOR('',#107,1.);
#107 = DIRECTION('',(1.,0.,0.));
#108 = ORIENTED_EDGE('',*,*,#109,.F.);
#109 = EDGE_CURVE('',#110,#102,#112,.T.);
#110 = VERTEX_POINT('',#111);
#111 = CARTESIAN_POINT('',(200.,0.,4.));
#112 = LINE('',#113,#114);
#113 = CARTESIAN_POINT('',(200.,0.,0.));
#114 = VECTOR('',#115,1.);
#115 = DIRECTION('',(0.,0.,1.));
#116 = ORIENTED_EDGE('',*,*,#117,.F.);
#117 = EDGE_CURVE('',#92,#110,#118,.T.);
#118 = LINE('',#119,#120);
#119 = CARTESIAN_POINT('',(0.,0.,4.));
#120 = VECTOR('',#121,1.);
#121 = DIRECTION('',(1.,0.,0.));
#122 = FACE_BOUND('',#123,.F.);
#123 = EDGE_LOOP('',(#124));
#124 = ORIENTED_EDGE('',*,*,#125,.F.);
#125 = EDGE_CURVE('',#126,#126,#128,.T.);
#126 = VERTEX_POINT('',#127);
#127 = CARTESIAN_POINT('',(27.,0.,17.505188455197));
#128 = CIRCLE('',#129,2.);
#129 = AXIS2_PLACEMENT_3D('',#130,#131,#132);
#130 = CARTESIAN_POINT('',(25.,0.,17.505188455197));
#131 = DIRECTION('',(0.,1.,-2.2E-16));
#132 = DIRECTION('',(1.,0.,0.));
#133 = FACE_BOUND('',#134,.F.);
#134 = EDGE_LOOP('',(#135));
#135 = ORIENTED_EDGE('',*,*,#136,.F.);
#136 = EDGE_CURVE('',#137,#137,#139,.T.);
#137 = VERTEX_POINT('',#138);
#138 = CARTESIAN_POINT('',(172.,0.,17.505188455197));
#139 = CIRCLE('',#140,2.);
#140 = AXIS2_PLACEMENT_3D('',#141,#142,#143);
#141 = CARTESIAN_POINT('',(170.,0.,17.505188455197));
#142 = DIRECTION('',(0.,1.,-2.2E-16));
#143 = DIRECTION('',(1.,0.,0.));
#144 = PLANE('',#145);
#145 = AXIS2_PLACEMENT_3D('',#146,#147,#148);
#146 = CARTESIAN_POINT('',(0.,0.,0.));
#147 = DIRECTION('',(0.,1.,0.));
#148 = DIRECTION('',(1.,0.,0.));
#149 = ADVANCED_FACE('',(#150),#175,.F.);
#150 = FACE_BOUND('',#151,.F.);
#151 = EDGE_LOOP('',(#152,#162,#168,#169));
#152 = ORIENTED_EDGE('',*,*,#153,.T.);
#153 = EDGE_CURVE('',#154,#156,#158,.T.);
#154 = VERTEX_POINT('',#155);
#155 = CARTESIAN_POINT('',(0.,100.,4.));
#156 = VERTEX_POINT('',#157);
#157 = CARTESIAN_POINT('',(0.,100.,36.));
#158 = LINE('',#159,#160);
#159 = CARTESIAN_POINT('',(0.,100.,0.));
#160 = VECTOR('',#161,1.);
#161 = DIRECTION('',(0.,0.,1.));
#162 = ORIENTED_EDGE('',*,*,#163,.T.);
#163 = EDGE_CURVE('',#156,#94,#164,.T.);
#164 = LINE('',#165,#166);
#165 = CARTESIAN_POINT('',(0.,100.,36.));
#166 = VECTOR('',#167,1.);
#167 = DIRECTION('',(0.,-1.,0.));
#168 = ORIENTED_EDGE('',*,*,#91,.F.);
#169 = ORIENTED_EDGE('',*,*,#170,.F.);
#170 = EDGE_CURVE('',#154,#92,#171,.T.);
#171 = LINE('',#172,#173);
#172 = CARTESIAN_POINT('',(0.,100.,4.));
#173 = VECTOR('',#174,1.);
#174 = DIRECTION('',(0.,-1.,0.));
#175 = PLANE('',#176);
#176 = AXIS2_PLACEMENT_3D('',#177,#178,#179);
#177 = CARTESIAN_POINT('',(0.,100.,0.));
#178 = DIRECTION('',(1.,0.,0.));
#179 = DIRECTION('',(0.,-1.,0.));
#180 = ADVANCED_FACE('',(#181),#206,.T.);
#181 = FACE_BOUND('',#182,.F.);
#182 = EDGE_LOOP('',(#183,#191,#192,#200));
#183 = ORIENTED_EDGE('',*,*,#184,.F.);
#184 = EDGE_CURVE('',#92,#185,#187,.T.);
#185 = VERTEX_POINT('',#186);
#186 = CARTESIAN_POINT('',(4.,4.,0.));
#187 = LINE('',#188,#189);
#188 = CARTESIAN_POINT('',(18.,18.,-14.));
#189 = VECTOR('',#190,1.);
#190 = DIRECTION('',(0.57735026919,0.57735026919,-0.57735026919));
#191 = ORIENTED_EDGE('',*,*,#117,.T.);
#192 = ORIENTED_EDGE('',*,*,#193,.T.);
#193 = EDGE_CURVE('',#110,#194,#196,.T.);
#194 = VERTEX_POINT('',#195);
#195 = CARTESIAN_POINT('',(196.,4.,0.));
#196 = LINE('',#197,#198);
#197 = CARTESIAN_POINT('',(165.33333333333,34.666666666667,
    -30.66666666666));
#198 = VECTOR('',#199,1.);
#199 = DIRECTION('',(-0.57735026919,0.57735026919,-0.57735026919));
#200 = ORIENTED_EDGE('',*,*,#201,.F.);
#201 = EDGE_CURVE('',#185,#194,#202,.T.);
#202 = LINE('',#203,#204);
#203 = CARTESIAN_POINT('',(0.,4.,0.));
#204 = VECTOR('',#205,1.);
#205 = DIRECTION('',(1.,0.,0.));
#206 = PLANE('',#207);
#207 = AXIS2_PLACEMENT_3D('',#208,#209,#210);
#208 = CARTESIAN_POINT('',(0.,2.,2.));
#209 = DIRECTION('',(0.,-0.707106781187,-0.707106781187));
#210 = DIRECTION('',(-1.,-0.,-0.));
#211 = ADVANCED_FACE('',(#212),#237,.F.);
#212 = FACE_BOUND('',#213,.T.);
#213 = EDGE_LOOP('',(#214,#222,#223,#231));
#214 = ORIENTED_EDGE('',*,*,#215,.F.);
#215 = EDGE_CURVE('',#94,#216,#218,.T.);
#216 = VERTEX_POINT('',#217);
#217 = CARTESIAN_POINT('',(4.,4.,40.));
#218 = LINE('',#219,#220);
#219 = CARTESIAN_POINT('',(18.,18.,54.));
#220 = VECTOR('',#221,1.);
#221 = DIRECTION('',(0.57735026919,0.57735026919,0.57735026919));
#222 = ORIENTED_EDGE('',*,*,#101,.T.);
#223 = ORIENTED_EDGE('',*,*,#224,.T.);
#224 = EDGE_CURVE('',#102,#225,#227,.T.);
#225 = VERTEX_POINT('',#226);
#226 = CARTESIAN_POINT('',(196.,4.,40.));
#227 = LINE('',#228,#229);
#228 = CARTESIAN_POINT('',(165.33333333333,34.666666666667,
    70.666666666667));
#229 = VECTOR('',#230,1.);
#230 = DIRECTION('',(-0.57735026919,0.57735026919,0.57735026919));
#231 = ORIENTED_EDGE('',*,*,#232,.F.);
#232 = EDGE_CURVE('',#216,#225,#233,.T.);
#233 = LINE('',#234,#235);
#234 = CARTESIAN_POINT('',(0.,4.,40.));
#235 = VECTOR('',#236,1.);
#236 = DIRECTION('',(1.,0.,0.));
#237 = PLANE('',#238);
#238 = AXIS2_PLACEMENT_3D('',#239,#240,#241);
#239 = CARTESIAN_POINT('',(0.,2.,38.));
#240 = DIRECTION('',(0.,0.707106781187,-0.707106781187));
#241 = DIRECTION('',(-1.,-0.,-0.));
#242 = ADVANCED_FACE('',(#243),#268,.F.);
#243 = FACE_BOUND('',#244,.F.);
#244 = EDGE_LOOP('',(#245,#246,#254,#262));
#245 = ORIENTED_EDGE('',*,*,#109,.T.);
#246 = ORIENTED_EDGE('',*,*,#247,.T.);
#247 = EDGE_CURVE('',#102,#248,#250,.T.);
#248 = VERTEX_POINT('',#249);
#249 = CARTESIAN_POINT('',(200.,100.,36.));
#250 = LINE('',#251,#252);
#251 = CARTESIAN_POINT('',(200.,0.,36.));
#252 = VECTOR('',#253,1.);
#253 = DIRECTION('',(0.,1.,0.));
#254 = ORIENTED_EDGE('',*,*,#255,.F.);
#255 = EDGE_CURVE('',#256,#248,#258,.T.);
#256 = VERTEX_POINT('',#257);
#257 = CARTESIAN_POINT('',(200.,100.,4.));
#258 = LINE('',#259,#260);
#259 = CARTESIAN_POINT('',(200.,100.,0.));
#260 = VECTOR('',#261,1.);
#261 = DIRECTION('',(0.,0.,1.));
#262 = ORIENTED_EDGE('',*,*,#263,.F.);
#263 = EDGE_CURVE('',#110,#256,#264,.T.);
#264 = LINE('',#265,#266);
#265 = CARTESIAN_POINT('',(200.,0.,4.));
#266 = VECTOR('',#267,1.);
#267 = DIRECTION('',(0.,1.,0.));
#268 = PLANE('',#269);
#269 = AXIS2_PLACEMENT_3D('',#270,#271,#272);
#270 = CARTESIAN_POINT('',(200.,0.,0.));
#271 = DIRECTION('',(-1.,0.,0.));
#272 = DIRECTION('',(0.,1.,0.));
#273 = ADVANCED_FACE('',(#274),#293,.F.);
#274 = FACE_BOUND('',#275,.T.);
#275 = EDGE_LOOP('',(#276,#285,#291,#292));
#276 = ORIENTED_EDGE('',*,*,#277,.T.);
#277 = EDGE_CURVE('',#278,#278,#280,.T.);
#278 = VERTEX_POINT('',#279);
#279 = CARTESIAN_POINT('',(27.,100.,17.505188455197));
#280 = CIRCLE('',#281,2.);
#281 = AXIS2_PLACEMENT_3D('',#282,#283,#284);
#282 = CARTESIAN_POINT('',(25.,100.,17.505188455197));
#283 = DIRECTION('',(0.,1.,-2.2E-16));
#284 = DIRECTION('',(1.,0.,0.));
#285 = ORIENTED_EDGE('',*,*,#286,.T.);
#286 = EDGE_CURVE('',#278,#126,#287,.T.);
#287 = LINE('',#288,#289);
#288 = CARTESIAN_POINT('',(27.,219.,17.505188455197));
#289 = VECTOR('',#290,1.);
#290 = DIRECTION('',(0.,-1.,2.2E-16));
#291 = ORIENTED_EDGE('',*,*,#125,.F.);
#292 = ORIENTED_EDGE('',*,*,#286,.F.);
#293 = CYLINDRICAL_SURFACE('',#294,2.);
#294 = AXIS2_PLACEMENT_3D('',#295,#296,#297);
#295 = CARTESIAN_POINT('',(25.,219.,17.505188455197));
#296 = DIRECTION('',(0.,1.,-2.2E-16));
#297 = DIRECTION('',(1.,0.,0.));
#298 = ADVANCED_FACE('',(#299),#318,.F.);
#299 = FACE_BOUND('',#300,.T.);
#300 = EDGE_LOOP('',(#301,#310,#316,#317));
#301 = ORIENTED_EDGE('',*,*,#302,.T.);
#302 = EDGE_CURVE('',#303,#303,#305,.T.);
#303 = VERTEX_POINT('',#304);
#304 = CARTESIAN_POINT('',(172.,100.,17.505188455197));
#305 = CIRCLE('',#306,2.);
#306 = AXIS2_PLACEMENT_3D('',#307,#308,#309);
#307 = CARTESIAN_POINT('',(170.,100.,17.505188455197));
#308 = DIRECTION('',(0.,1.,-2.2E-16));
#309 = DIRECTION('',(1.,0.,0.));
#310 = ORIENTED_EDGE('',*,*,#311,.T.);
#311 = EDGE_CURVE('',#303,#137,#312,.T.);
#312 = LINE('',#313,#314);
#313 = CARTESIAN_POINT('',(172.,219.,17.505188455197));
#314 = VECTOR('',#315,1.);
#315 = DIRECTION('',(0.,-1.,2.2E-16));
#316 = ORIENTED_EDGE('',*,*,#136,.F.);
#317 = ORIENTED_EDGE('',*,*,#311,.F.);
#318 = CYLINDRICAL_SURFACE('',#319,2.);
#319 = AXIS2_PLACEMENT_3D('',#320,#321,#322);
#320 = CARTESIAN_POINT('',(170.,219.,17.505188455197));
#321 = DIRECTION('',(0.,1.,-2.2E-16));
#322 = DIRECTION('',(1.,0.,0.));
#323 = ADVANCED_FACE('',(#324,#340,#343),#346,.F.);
#324 = FACE_BOUND('',#325,.F.);
#325 = EDGE_LOOP('',(#326,#327,#333,#334));
#326 = ORIENTED_EDGE('',*,*,#255,.T.);
#327 = ORIENTED_EDGE('',*,*,#328,.T.);
#328 = EDGE_CURVE('',#248,#156,#329,.T.);
#329 = LINE('',#330,#331);
#330 = CARTESIAN_POINT('',(200.,100.,36.));
#331 = VECTOR('',#332,1.);
#332 = DIRECTION('',(-1.,0.,0.));
#333 = ORIENTED_EDGE('',*,*,#153,.F.);
#334 = ORIENTED_EDGE('',*,*,#335,.F.);
#335 = EDGE_CURVE('',#256,#154,#336,.T.);
#336 = LINE('',#337,#338);
#337 = CARTESIAN_POINT('',(200.,100.,4.));
#338 = VECTOR('',#339,1.);
#339 = DIRECTION('',(-1.,0.,0.));
#340 = FACE_BOUND('',#341,.F.);
#341 = EDGE_LOOP('',(#342));
#342 = ORIENTED_EDGE('',*,*,#302,.T.);
#343 = FACE_BOUND('',#344,.F.);
#344 = EDGE_LOOP('',(#345));
#345 = ORIENTED_EDGE('',*,*,#277,.T.);
#346 = PLANE('',#347);
#347 = AXIS2_PLACEMENT_3D('',#348,#349,#350);
#348 = CARTESIAN_POINT('',(200.,100.,0.));
#349 = DIRECTION('',(0.,-1.,0.));
#350 = DIRECTION('',(-1.,0.,0.));
#351 = ADVANCED_FACE('',(#352),#370,.T.);
#352 = FACE_BOUND('',#353,.F.);
#353 = EDGE_LOOP('',(#354,#362,#363,#364));
#354 = ORIENTED_EDGE('',*,*,#355,.T.);
#355 = EDGE_CURVE('',#356,#154,#358,.T.);
#356 = VERTEX_POINT('',#357);
#357 = CARTESIAN_POINT('',(4.,96.,4.E-15));
#358 = LINE('',#359,#360);
#359 = CARTESIAN_POINT('',(34.666666666667,65.333333333333,
    -30.66666666666));
#360 = VECTOR('',#361,1.);
#361 = DIRECTION('',(-0.57735026919,0.57735026919,0.57735026919));
#362 = ORIENTED_EDGE('',*,*,#170,.T.);
#363 = ORIENTED_EDGE('',*,*,#184,.T.);
#364 = ORIENTED_EDGE('',*,*,#365,.F.);
#365 = EDGE_CURVE('',#356,#185,#366,.T.);
#366 = LINE('',#367,#368);
#367 = CARTESIAN_POINT('',(4.,100.,0.));
#368 = VECTOR('',#369,1.);
#369 = DIRECTION('',(0.,-1.,0.));
#370 = PLANE('',#371);
#371 = AXIS2_PLACEMENT_3D('',#372,#373,#374);
#372 = CARTESIAN_POINT('',(2.,100.,2.));
#373 = DIRECTION('',(-0.707106781187,0.,-0.707106781187));
#374 = DIRECTION('',(0.,1.,0.));
#375 = ADVANCED_FACE('',(#376),#394,.F.);
#376 = FACE_BOUND('',#377,.T.);
#377 = EDGE_LOOP('',(#378,#386,#387,#388));
#378 = ORIENTED_EDGE('',*,*,#379,.T.);
#379 = EDGE_CURVE('',#380,#156,#382,.T.);
#380 = VERTEX_POINT('',#381);
#381 = CARTESIAN_POINT('',(4.,96.,40.));
#382 = LINE('',#383,#384);
#383 = CARTESIAN_POINT('',(34.666666666667,65.333333333333,
    70.666666666667));
#384 = VECTOR('',#385,1.);
#385 = DIRECTION('',(-0.57735026919,0.57735026919,-0.57735026919));
#386 = ORIENTED_EDGE('',*,*,#163,.T.);
#387 = ORIENTED_EDGE('',*,*,#215,.T.);
#388 = ORIENTED_EDGE('',*,*,#389,.F.);
#389 = EDGE_CURVE('',#380,#216,#390,.T.);
#390 = LINE('',#391,#392);
#391 = CARTESIAN_POINT('',(4.,100.,40.));
#392 = VECTOR('',#393,1.);
#393 = DIRECTION('',(0.,-1.,0.));
#394 = PLANE('',#395);
#395 = AXIS2_PLACEMENT_3D('',#396,#397,#398);
#396 = CARTESIAN_POINT('',(2.,100.,38.));
#397 = DIRECTION('',(0.707106781187,0.,-0.707106781187));
#398 = DIRECTION('',(0.,1.,0.));
#399 = ADVANCED_FACE('',(#400),#418,.F.);
#400 = FACE_BOUND('',#401,.F.);
#401 = EDGE_LOOP('',(#402,#403,#411,#417));
#402 = ORIENTED_EDGE('',*,*,#201,.T.);
#403 = ORIENTED_EDGE('',*,*,#404,.T.);
#404 = EDGE_CURVE('',#194,#405,#407,.T.);
#405 = VERTEX_POINT('',#406);
#406 = CARTESIAN_POINT('',(196.,96.,-1.6E-14));
#407 = LINE('',#408,#409);
#408 = CARTESIAN_POINT('',(196.,0.,0.));
#409 = VECTOR('',#410,1.);
#410 = DIRECTION('',(0.,1.,0.));
#411 = ORIENTED_EDGE('',*,*,#412,.T.);
#412 = EDGE_CURVE('',#405,#356,#413,.T.);
#413 = LINE('',#414,#415);
#414 = CARTESIAN_POINT('',(200.,96.,0.));
#415 = VECTOR('',#416,1.);
#416 = DIRECTION('',(-1.,0.,0.));
#417 = ORIENTED_EDGE('',*,*,#365,.T.);
#418 = PLANE('',#419);
#419 = AXIS2_PLACEMENT_3D('',#420,#421,#422);
#420 = CARTESIAN_POINT('',(100.,50.,0.));
#421 = DIRECTION('',(0.,0.,1.));
#422 = DIRECTION('',(1.,0.,0.));
#423 = ADVANCED_FACE('',(#424),#435,.T.);
#424 = FACE_BOUND('',#425,.T.);
#425 = EDGE_LOOP('',(#426,#427,#428,#434));
#426 = ORIENTED_EDGE('',*,*,#193,.T.);
#427 = ORIENTED_EDGE('',*,*,#404,.T.);
#428 = ORIENTED_EDGE('',*,*,#429,.T.);
#429 = EDGE_CURVE('',#405,#256,#430,.T.);
#430 = LINE('',#431,#432);
#431 = CARTESIAN_POINT('',(182.,82.,-14.));
#432 = VECTOR('',#433,1.);
#433 = DIRECTION('',(0.57735026919,0.57735026919,0.57735026919));
#434 = ORIENTED_EDGE('',*,*,#263,.F.);
#435 = PLANE('',#436);
#436 = AXIS2_PLACEMENT_3D('',#437,#438,#439);
#437 = CARTESIAN_POINT('',(198.,0.,2.));
#438 = DIRECTION('',(0.707106781187,0.,-0.707106781187));
#439 = DIRECTION('',(0.,1.,0.));
#440 = ADVANCED_FACE('',(#441,#459,#470,#506,#517,#528,#539,#550,#561,
    #597),#608,.T.);
#441 = FACE_BOUND('',#442,.T.);
#442 = EDGE_LOOP('',(#443,#444,#452,#458));
#443 = ORIENTED_EDGE('',*,*,#232,.T.);
#444 = ORIENTED_EDGE('',*,*,#445,.T.);
#445 = EDGE_CURVE('',#225,#446,#448,.T.);
#446 = VERTEX_POINT('',#447);
#447 = CARTESIAN_POINT('',(196.,96.,40.));
#448 = LINE('',#449,#450);
#449 = CARTESIAN_POINT('',(196.,0.,40.));
#450 = VECTOR('',#451,1.);
#451 = DIRECTION('',(0.,1.,0.));
#452 = ORIENTED_EDGE('',*,*,#453,.T.);
#453 = EDGE_CURVE('',#446,#380,#454,.T.);
#454 = LINE('',#455,#456);
#455 = CARTESIAN_POINT('',(200.,96.,40.));
#456 = VECTOR('',#457,1.);
#457 = DIRECTION('',(-1.,0.,0.));
#458 = ORIENTED_EDGE('',*,*,#389,.T.);
#459 = FACE_BOUND('',#460,.T.);
#460 = EDGE_LOOP('',(#461));
#461 = ORIENTED_EDGE('',*,*,#462,.F.);
#462 = EDGE_CURVE('',#463,#463,#465,.T.);
#463 = VERTEX_POINT('',#464);
#464 = CARTESIAN_POINT('',(11.92929,33.699,40.));
#465 = CIRCLE('',#466,2.);
#466 = AXIS2_PLACEMENT_3D('',#467,#468,#469);
#467 = CARTESIAN_POINT('',(9.92929,33.699,40.));
#468 = DIRECTION('',(0.,0.,1.));
#469 = DIRECTION('',(1.,0.,0.));
#470 = FACE_BOUND('',#471,.T.);
#471 = EDGE_LOOP('',(#472,#483,#491,#500));
#472 = ORIENTED_EDGE('',*,*,#473,.F.);
#473 = EDGE_CURVE('',#474,#476,#478,.T.);
#474 = VERTEX_POINT('',#475);
#475 = CARTESIAN_POINT('',(93.099,11.86545952562,40.));
#476 = VERTEX_POINT('',#477);
#477 = CARTESIAN_POINT('',(93.099,6.86545952562,40.));
#478 = CIRCLE('',#479,2.5);
#479 = AXIS2_PLACEMENT_3D('',#480,#481,#482);
#480 = CARTESIAN_POINT('',(93.099,9.36545952562,40.));
#481 = DIRECTION('',(0.,0.,1.));
#482 = DIRECTION('',(1.,0.,0.));
#483 = ORIENTED_EDGE('',*,*,#484,.T.);
#484 = EDGE_CURVE('',#474,#485,#487,.T.);
#485 = VERTEX_POINT('',#486);
#486 = CARTESIAN_POINT('',(193.099,11.86545952562,40.));
#487 = LINE('',#488,#489);
#488 = CARTESIAN_POINT('',(93.099,11.86545952562,40.));
#489 = VECTOR('',#490,1.);
#490 = DIRECTION('',(1.,0.,0.));
#491 = ORIENTED_EDGE('',*,*,#492,.F.);
#492 = EDGE_CURVE('',#493,#485,#495,.T.);
#493 = VERTEX_POINT('',#494);
#494 = CARTESIAN_POINT('',(193.099,6.86545952562,40.));
#495 = CIRCLE('',#496,2.5);
#496 = AXIS2_PLACEMENT_3D('',#497,#498,#499);
#497 = CARTESIAN_POINT('',(193.099,9.36545952562,40.));
#498 = DIRECTION('',(0.,0.,1.));
#499 = DIRECTION('',(1.,0.,0.));
#500 = ORIENTED_EDGE('',*,*,#501,.F.);
#501 = EDGE_CURVE('',#476,#493,#502,.T.);
#502 = LINE('',#503,#504);
#503 = CARTESIAN_POINT('',(93.099,6.86545952562,40.));
#504 = VECTOR('',#505,1.);
#505 = DIRECTION('',(1.,0.,0.));
#506 = FACE_BOUND('',#507,.T.);
#507 = EDGE_LOOP('',(#508));
#508 = ORIENTED_EDGE('',*,*,#509,.F.);
#509 = EDGE_CURVE('',#510,#510,#512,.T.);
#510 = VERTEX_POINT('',#511);
#511 = CARTESIAN_POINT('',(133.91528230467,21.991458719563,40.));
#512 = CIRCLE('',#513,2.);
#513 = AXIS2_PLACEMENT_3D('',#514,#515,#516);
#514 = CARTESIAN_POINT('',(131.91528230467,21.991458719563,40.));
#515 = DIRECTION('',(0.,0.,1.));
#516 = DIRECTION('',(1.,0.,0.));
#517 = FACE_BOUND('',#518,.T.);
#518 = EDGE_LOOP('',(#519));
#519 = ORIENTED_EDGE('',*,*,#520,.F.);
#520 = EDGE_CURVE('',#521,#521,#523,.T.);
#521 = VERTEX_POINT('',#522);
#522 = CARTESIAN_POINT('',(163.91528230467,21.720603076067,40.));
#523 = CIRCLE('',#524,2.);
#524 = AXIS2_PLACEMENT_3D('',#525,#526,#527);
#525 = CARTESIAN_POINT('',(161.91528230467,21.720603076067,40.));
#526 = DIRECTION('',(0.,0.,1.));
#527 = DIRECTION('',(1.,0.,0.));
#528 = FACE_BOUND('',#529,.T.);
#529 = EDGE_LOOP('',(#530));
#530 = ORIENTED_EDGE('',*,*,#531,.F.);
#531 = EDGE_CURVE('',#532,#532,#534,.T.);
#532 = VERTEX_POINT('',#533);
#533 = CARTESIAN_POINT('',(80.,50.,40.));
#534 = CIRCLE('',#535,30.);
#535 = AXIS2_PLACEMENT_3D('',#536,#537,#538);
#536 = CARTESIAN_POINT('',(50.,50.,40.));
#537 = DIRECTION('',(0.,0.,1.));
#538 = DIRECTION('',(1.,0.,0.));
#539 = FACE_BOUND('',#540,.T.);
#540 = EDGE_LOOP('',(#541));
#541 = ORIENTED_EDGE('',*,*,#542,.F.);
#542 = EDGE_CURVE('',#543,#543,#545,.T.);
#543 = VERTEX_POINT('',#544);
#544 = CARTESIAN_POINT('',(11.92929,64.019,40.));
#545 = CIRCLE('',#546,2.);
#546 = AXIS2_PLACEMENT_3D('',#547,#548,#549);
#547 = CARTESIAN_POINT('',(9.92929,64.019,40.));
#548 = DIRECTION('',(0.,0.,1.));
#549 = DIRECTION('',(1.,0.,0.));
#550 = FACE_BOUND('',#551,.T.);
#551 = EDGE_LOOP('',(#552));
#552 = ORIENTED_EDGE('',*,*,#553,.F.);
#553 = EDGE_CURVE('',#554,#554,#556,.T.);
#554 = VERTEX_POINT('',#555);
#555 = CARTESIAN_POINT('',(134.41185098442,76.991458719563,40.));
#556 = CIRCLE('',#557,2.);
#557 = AXIS2_PLACEMENT_3D('',#558,#559,#560);
#558 = CARTESIAN_POINT('',(132.41185098442,76.991458719563,40.));
#559 = DIRECTION('',(0.,0.,1.));
#560 = DIRECTION('',(1.,0.,0.));
#561 = FACE_BOUND('',#562,.T.);
#562 = EDGE_LOOP('',(#563,#574,#582,#591));
#563 = ORIENTED_EDGE('',*,*,#564,.F.);
#564 = EDGE_CURVE('',#565,#567,#569,.T.);
#565 = VERTEX_POINT('',#566);
#566 = CARTESIAN_POINT('',(93.099,93.0884,40.));
#567 = VERTEX_POINT('',#568);
#568 = CARTESIAN_POINT('',(93.099,88.0884,40.));
#569 = CIRCLE('',#570,2.5);
#570 = AXIS2_PLACEMENT_3D('',#571,#572,#573);
#571 = CARTESIAN_POINT('',(93.099,90.5884,40.));
#572 = DIRECTION('',(0.,0.,1.));
#573 = DIRECTION('',(1.,0.,0.));
#574 = ORIENTED_EDGE('',*,*,#575,.T.);
#575 = EDGE_CURVE('',#565,#576,#578,.T.);
#576 = VERTEX_POINT('',#577);
#577 = CARTESIAN_POINT('',(193.099,93.0884,40.));
#578 = LINE('',#579,#580);
#579 = CARTESIAN_POINT('',(93.099,93.0884,40.));
#580 = VECTOR('',#581,1.);
#581 = DIRECTION('',(1.,0.,0.));
#582 = ORIENTED_EDGE('',*,*,#583,.F.);
#583 = EDGE_CURVE('',#584,#576,#586,.T.);
#584 = VERTEX_POINT('',#585);
#585 = CARTESIAN_POINT('',(193.099,88.0884,40.));
#586 = CIRCLE('',#587,2.673985735889);
#587 = AXIS2_PLACEMENT_3D('',#588,#589,#590);
#588 = CARTESIAN_POINT('',(192.15021144835,90.5884,40.));
#589 = DIRECTION('',(0.,0.,1.));
#590 = DIRECTION('',(1.,0.,0.));
#591 = ORIENTED_EDGE('',*,*,#592,.F.);
#592 = EDGE_CURVE('',#567,#584,#593,.T.);
#593 = LINE('',#594,#595);
#594 = CARTESIAN_POINT('',(93.099,88.0884,40.));
#595 = VECTOR('',#596,1.);
#596 = DIRECTION('',(1.,0.,0.));
#597 = FACE_BOUND('',#598,.T.);
#598 = EDGE_LOOP('',(#599));
#599 = ORIENTED_EDGE('',*,*,#600,.F.);
#600 = EDGE_CURVE('',#601,#601,#603,.T.);
#601 = VERTEX_POINT('',#602);
#602 = CARTESIAN_POINT('',(164.41185098442,76.720603076067,40.));
#603 = CIRCLE('',#604,2.);
#604 = AXIS2_PLACEMENT_3D('',#605,#606,#607);
#605 = CARTESIAN_POINT('',(162.41185098442,76.720603076067,40.));
#606 = DIRECTION('',(0.,0.,1.));
#607 = DIRECTION('',(1.,0.,0.));
#608 = PLANE('',#609);
#609 = AXIS2_PLACEMENT_3D('',#610,#611,#612);
#610 = CARTESIAN_POINT('',(100.,50.,40.));
#611 = DIRECTION('',(0.,0.,1.));
#612 = DIRECTION('',(1.,0.,0.));
#613 = ADVANCED_FACE('',(#614),#625,.F.);
#614 = FACE_BOUND('',#615,.F.);
#615 = EDGE_LOOP('',(#616,#617,#618,#624));
#616 = ORIENTED_EDGE('',*,*,#224,.T.);
#617 = ORIENTED_EDGE('',*,*,#445,.T.);
#618 = ORIENTED_EDGE('',*,*,#619,.T.);
#619 = EDGE_CURVE('',#446,#248,#620,.T.);
#620 = LINE('',#621,#622);
#621 = CARTESIAN_POINT('',(182.,82.,54.));
#622 = VECTOR('',#623,1.);
#623 = DIRECTION('',(0.57735026919,0.57735026919,-0.57735026919));
#624 = ORIENTED_EDGE('',*,*,#247,.F.);
#625 = PLANE('',#626);
#626 = AXIS2_PLACEMENT_3D('',#627,#628,#629);
#627 = CARTESIAN_POINT('',(198.,0.,38.));
#628 = DIRECTION('',(-0.707106781187,0.,-0.707106781187));
#629 = DIRECTION('',(0.,1.,0.));
#630 = ADVANCED_FACE('',(#631),#637,.T.);
#631 = FACE_BOUND('',#632,.T.);
#632 = EDGE_LOOP('',(#633,#634,#635,#636));
#633 = ORIENTED_EDGE('',*,*,#429,.F.);
#634 = ORIENTED_EDGE('',*,*,#412,.T.);
#635 = ORIENTED_EDGE('',*,*,#355,.T.);
#636 = ORIENTED_EDGE('',*,*,#335,.F.);
#637 = PLANE('',#638);
#638 = AXIS2_PLACEMENT_3D('',#639,#640,#641);
#639 = CARTESIAN_POINT('',(200.,98.,2.));
#640 = DIRECTION('',(0.,0.707106781187,-0.707106781187));
#641 = DIRECTION('',(-1.,0.,0.));
#642 = ADVANCED_FACE('',(#643),#649,.F.);
#643 = FACE_BOUND('',#644,.F.);
#644 = EDGE_LOOP('',(#645,#646,#647,#648));
#645 = ORIENTED_EDGE('',*,*,#619,.F.);
#646 = ORIENTED_EDGE('',*,*,#453,.T.);
#647 = ORIENTED_EDGE('',*,*,#379,.T.);
#648 = ORIENTED_EDGE('',*,*,#328,.F.);
#649 = PLANE('',#650);
#650 = AXIS2_PLACEMENT_3D('',#651,#652,#653);
#651 = CARTESIAN_POINT('',(200.,98.,38.));
#652 = DIRECTION('',(0.,-0.707106781187,-0.707106781187));
#653 = DIRECTION('',(-1.,0.,0.));
#654 = ADVANCED_FACE('',(#655),#674,.F.);
#655 = FACE_BOUND('',#656,.F.);
#656 = EDGE_LOOP('',(#657,#665,#672,#673));
#657 = ORIENTED_EDGE('',*,*,#658,.T.);
#658 = EDGE_CURVE('',#463,#659,#661,.T.);
#659 = VERTEX_POINT('',#660);
#660 = CARTESIAN_POINT('',(11.92929,33.699,35.));
#661 = LINE('',#662,#663);
#662 = CARTESIAN_POINT('',(11.92929,33.699,40.));
#663 = VECTOR('',#664,1.);
#664 = DIRECTION('',(-0.,-0.,-1.));
#665 = ORIENTED_EDGE('',*,*,#666,.T.);
#666 = EDGE_CURVE('',#659,#659,#667,.T.);
#667 = CIRCLE('',#668,2.);
#668 = AXIS2_PLACEMENT_3D('',#669,#670,#671);
#669 = CARTESIAN_POINT('',(9.92929,33.699,35.));
#670 = DIRECTION('',(0.,0.,1.));
#671 = DIRECTION('',(1.,0.,0.));
#672 = ORIENTED_EDGE('',*,*,#658,.F.);
#673 = ORIENTED_EDGE('',*,*,#462,.F.);
#674 = CYLINDRICAL_SURFACE('',#675,2.);
#675 = AXIS2_PLACEMENT_3D('',#676,#677,#678);
#676 = CARTESIAN_POINT('',(9.92929,33.699,40.));
#677 = DIRECTION('',(0.,0.,1.));
#678 = DIRECTION('',(1.,0.,-0.));
#679 = ADVANCED_FACE('',(#680),#706,.F.);
#680 = FACE_BOUND('',#681,.F.);
#681 = EDGE_LOOP('',(#682,#690,#699,#705));
#682 = ORIENTED_EDGE('',*,*,#683,.T.);
#683 = EDGE_CURVE('',#474,#684,#686,.T.);
#684 = VERTEX_POINT('',#685);
#685 = CARTESIAN_POINT('',(93.099,11.86545952562,35.));
#686 = LINE('',#687,#688);
#687 = CARTESIAN_POINT('',(93.099,11.86545952562,40.));
#688 = VECTOR('',#689,1.);
#689 = DIRECTION('',(-0.,-0.,-1.));
#690 = ORIENTED_EDGE('',*,*,#691,.T.);
#691 = EDGE_CURVE('',#684,#692,#694,.T.);
#692 = VERTEX_POINT('',#693);
#693 = CARTESIAN_POINT('',(93.099,6.86545952562,35.));
#694 = CIRCLE('',#695,2.5);
#695 = AXIS2_PLACEMENT_3D('',#696,#697,#698);
#696 = CARTESIAN_POINT('',(93.099,9.36545952562,35.));
#697 = DIRECTION('',(0.,0.,1.));
#698 = DIRECTION('',(1.,0.,0.));
#699 = ORIENTED_EDGE('',*,*,#700,.F.);
#700 = EDGE_CURVE('',#476,#692,#701,.T.);
#701 = LINE('',#702,#703);
#702 = CARTESIAN_POINT('',(93.099,6.86545952562,40.));
#703 = VECTOR('',#704,1.);
#704 = DIRECTION('',(-0.,-0.,-1.));
#705 = ORIENTED_EDGE('',*,*,#473,.F.);
#706 = CYLINDRICAL_SURFACE('',#707,2.5);
#707 = AXIS2_PLACEMENT_3D('',#708,#709,#710);
#708 = CARTESIAN_POINT('',(93.099,9.36545952562,40.));
#709 = DIRECTION('',(0.,0.,1.));
#710 = DIRECTION('',(1.,0.,0.));
#711 = ADVANCED_FACE('',(#712),#730,.T.);
#712 = FACE_BOUND('',#713,.T.);
#713 = EDGE_LOOP('',(#714,#715,#723,#729));
#714 = ORIENTED_EDGE('',*,*,#683,.T.);
#715 = ORIENTED_EDGE('',*,*,#716,.T.);
#716 = EDGE_CURVE('',#684,#717,#719,.T.);
#717 = VERTEX_POINT('',#718);
#718 = CARTESIAN_POINT('',(193.099,11.86545952562,35.));
#719 = LINE('',#720,#721);
#720 = CARTESIAN_POINT('',(93.099,11.86545952562,35.));
#721 = VECTOR('',#722,1.);
#722 = DIRECTION('',(1.,0.,0.));
#723 = ORIENTED_EDGE('',*,*,#724,.F.);
#724 = EDGE_CURVE('',#485,#717,#725,.T.);
#725 = LINE('',#726,#727);
#726 = CARTESIAN_POINT('',(193.099,11.86545952562,40.));
#727 = VECTOR('',#728,1.);
#728 = DIRECTION('',(-0.,-0.,-1.));
#729 = ORIENTED_EDGE('',*,*,#484,.F.);
#730 = PLANE('',#731);
#731 = AXIS2_PLACEMENT_3D('',#732,#733,#734);
#732 = CARTESIAN_POINT('',(93.099,11.86545952562,40.));
#733 = DIRECTION('',(0.,-1.,0.));
#734 = DIRECTION('',(1.,0.,0.));
#735 = ADVANCED_FACE('',(#736),#754,.F.);
#736 = FACE_BOUND('',#737,.F.);
#737 = EDGE_LOOP('',(#738,#739,#747,#753));
#738 = ORIENTED_EDGE('',*,*,#700,.T.);
#739 = ORIENTED_EDGE('',*,*,#740,.T.);
#740 = EDGE_CURVE('',#692,#741,#743,.T.);
#741 = VERTEX_POINT('',#742);
#742 = CARTESIAN_POINT('',(193.099,6.86545952562,35.));
#743 = LINE('',#744,#745);
#744 = CARTESIAN_POINT('',(93.099,6.86545952562,35.));
#745 = VECTOR('',#746,1.);
#746 = DIRECTION('',(1.,0.,0.));
#747 = ORIENTED_EDGE('',*,*,#748,.F.);
#748 = EDGE_CURVE('',#493,#741,#749,.T.);
#749 = LINE('',#750,#751);
#750 = CARTESIAN_POINT('',(193.099,6.86545952562,40.));
#751 = VECTOR('',#752,1.);
#752 = DIRECTION('',(-0.,-0.,-1.));
#753 = ORIENTED_EDGE('',*,*,#501,.F.);
#754 = PLANE('',#755);
#755 = AXIS2_PLACEMENT_3D('',#756,#757,#758);
#756 = CARTESIAN_POINT('',(93.099,6.86545952562,40.));
#757 = DIRECTION('',(0.,-1.,0.));
#758 = DIRECTION('',(1.,0.,0.));
#759 = ADVANCED_FACE('',(#760),#772,.F.);
#760 = FACE_BOUND('',#761,.F.);
#761 = EDGE_LOOP('',(#762,#763,#770,#771));
#762 = ORIENTED_EDGE('',*,*,#748,.T.);
#763 = ORIENTED_EDGE('',*,*,#764,.T.);
#764 = EDGE_CURVE('',#741,#717,#765,.T.);
#765 = CIRCLE('',#766,2.5);
#766 = AXIS2_PLACEMENT_3D('',#767,#768,#769);
#767 = CARTESIAN_POINT('',(193.099,9.36545952562,35.));
#768 = DIRECTION('',(0.,0.,1.));
#769 = DIRECTION('',(1.,0.,0.));
#770 = ORIENTED_EDGE('',*,*,#724,.F.);
#771 = ORIENTED_EDGE('',*,*,#492,.F.);
#772 = CYLINDRICAL_SURFACE('',#773,2.5);
#773 = AXIS2_PLACEMENT_3D('',#774,#775,#776);
#774 = CARTESIAN_POINT('',(193.099,9.36545952562,40.));
#775 = DIRECTION('',(0.,0.,1.));
#776 = DIRECTION('',(1.,0.,0.));
#777 = ADVANCED_FACE('',(#778),#797,.F.);
#778 = FACE_BOUND('',#779,.F.);
#779 = EDGE_LOOP('',(#780,#788,#795,#796));
#780 = ORIENTED_EDGE('',*,*,#781,.T.);
#781 = EDGE_CURVE('',#510,#782,#784,.T.);
#782 = VERTEX_POINT('',#783);
#783 = CARTESIAN_POINT('',(133.91528230467,21.991458719563,35.));
#784 = LINE('',#785,#786);
#785 = CARTESIAN_POINT('',(133.91528230467,21.991458719563,40.));
#786 = VECTOR('',#787,1.);
#787 = DIRECTION('',(-0.,-0.,-1.));
#788 = ORIENTED_EDGE('',*,*,#789,.T.);
#789 = EDGE_CURVE('',#782,#782,#790,.T.);
#790 = CIRCLE('',#791,2.);
#791 = AXIS2_PLACEMENT_3D('',#792,#793,#794);
#792 = CARTESIAN_POINT('',(131.91528230467,21.991458719563,35.));
#793 = DIRECTION('',(0.,0.,1.));
#794 = DIRECTION('',(1.,0.,0.));
#795 = ORIENTED_EDGE('',*,*,#781,.F.);
#796 = ORIENTED_EDGE('',*,*,#509,.F.);
#797 = CYLINDRICAL_SURFACE('',#798,2.);
#798 = AXIS2_PLACEMENT_3D('',#799,#800,#801);
#799 = CARTESIAN_POINT('',(131.91528230467,21.991458719563,40.));
#800 = DIRECTION('',(0.,0.,1.));
#801 = DIRECTION('',(1.,0.,0.));
#802 = ADVANCED_FACE('',(#803),#822,.F.);
#803 = FACE_BOUND('',#804,.F.);
#804 = EDGE_LOOP('',(#805,#813,#820,#821));
#805 = ORIENTED_EDGE('',*,*,#806,.T.);
#806 = EDGE_CURVE('',#521,#807,#809,.T.);
#807 = VERTEX_POINT('',#808);
#808 = CARTESIAN_POINT('',(163.91528230467,21.720603076067,35.));
#809 = LINE('',#810,#811);
#810 = CARTESIAN_POINT('',(163.91528230467,21.720603076067,40.));
#811 = VECTOR('',#812,1.);
#812 = DIRECTION('',(-0.,-0.,-1.));
#813 = ORIENTED_EDGE('',*,*,#814,.T.);
#814 = EDGE_CURVE('',#807,#807,#815,.T.);
#815 = CIRCLE('',#816,2.);
#816 = AXIS2_PLACEMENT_3D('',#817,#818,#819);
#817 = CARTESIAN_POINT('',(161.91528230467,21.720603076067,35.));
#818 = DIRECTION('',(0.,0.,1.));
#819 = DIRECTION('',(1.,0.,0.));
#820 = ORIENTED_EDGE('',*,*,#806,.F.);
#821 = ORIENTED_EDGE('',*,*,#520,.F.);
#822 = CYLINDRICAL_SURFACE('',#823,2.);
#823 = AXIS2_PLACEMENT_3D('',#824,#825,#826);
#824 = CARTESIAN_POINT('',(161.91528230467,21.720603076067,40.));
#825 = DIRECTION('',(0.,0.,1.));
#826 = DIRECTION('',(1.,0.,0.));
#827 = ADVANCED_FACE('',(#828),#847,.F.);
#828 = FACE_BOUND('',#829,.F.);
#829 = EDGE_LOOP('',(#830,#838,#845,#846));
#830 = ORIENTED_EDGE('',*,*,#831,.T.);
#831 = EDGE_CURVE('',#532,#832,#834,.T.);
#832 = VERTEX_POINT('',#833);
#833 = CARTESIAN_POINT('',(80.,50.,32.));
#834 = LINE('',#835,#836);
#835 = CARTESIAN_POINT('',(80.,50.,40.));
#836 = VECTOR('',#837,1.);
#837 = DIRECTION('',(-0.,-0.,-1.));
#838 = ORIENTED_EDGE('',*,*,#839,.T.);
#839 = EDGE_CURVE('',#832,#832,#840,.T.);
#840 = CIRCLE('',#841,30.);
#841 = AXIS2_PLACEMENT_3D('',#842,#843,#844);
#842 = CARTESIAN_POINT('',(50.,50.,32.));
#843 = DIRECTION('',(0.,0.,1.));
#844 = DIRECTION('',(1.,0.,0.));
#845 = ORIENTED_EDGE('',*,*,#831,.F.);
#846 = ORIENTED_EDGE('',*,*,#531,.F.);
#847 = CYLINDRICAL_SURFACE('',#848,30.);
#848 = AXIS2_PLACEMENT_3D('',#849,#850,#851);
#849 = CARTESIAN_POINT('',(50.,50.,40.));
#850 = DIRECTION('',(0.,0.,1.));
#851 = DIRECTION('',(1.,0.,0.));
#852 = ADVANCED_FACE('',(#853),#872,.F.);
#853 = FACE_BOUND('',#854,.F.);
#854 = EDGE_LOOP('',(#855,#863,#870,#871));
#855 = ORIENTED_EDGE('',*,*,#856,.T.);
#856 = EDGE_CURVE('',#543,#857,#859,.T.);
#857 = VERTEX_POINT('',#858);
#858 = CARTESIAN_POINT('',(11.92929,64.019,35.));
#859 = LINE('',#860,#861);
#860 = CARTESIAN_POINT('',(11.92929,64.019,40.));
#861 = VECTOR('',#862,1.);
#862 = DIRECTION('',(-0.,-0.,-1.));
#863 = ORIENTED_EDGE('',*,*,#864,.T.);
#864 = EDGE_CURVE('',#857,#857,#865,.T.);
#865 = CIRCLE('',#866,2.);
#866 = AXIS2_PLACEMENT_3D('',#867,#868,#869);
#867 = CARTESIAN_POINT('',(9.92929,64.019,35.));
#868 = DIRECTION('',(0.,0.,1.));
#869 = DIRECTION('',(1.,0.,0.));
#870 = ORIENTED_EDGE('',*,*,#856,.F.);
#871 = ORIENTED_EDGE('',*,*,#542,.F.);
#872 = CYLINDRICAL_SURFACE('',#873,2.);
#873 = AXIS2_PLACEMENT_3D('',#874,#875,#876);
#874 = CARTESIAN_POINT('',(9.92929,64.019,40.));
#875 = DIRECTION('',(0.,0.,1.));
#876 = DIRECTION('',(1.,0.,-0.));
#877 = ADVANCED_FACE('',(#878),#897,.F.);
#878 = FACE_BOUND('',#879,.F.);
#879 = EDGE_LOOP('',(#880,#888,#895,#896));
#880 = ORIENTED_EDGE('',*,*,#881,.T.);
#881 = EDGE_CURVE('',#554,#882,#884,.T.);
#882 = VERTEX_POINT('',#883);
#883 = CARTESIAN_POINT('',(134.41185098442,76.991458719563,35.));
#884 = LINE('',#885,#886);
#885 = CARTESIAN_POINT('',(134.41185098442,76.991458719563,40.));
#886 = VECTOR('',#887,1.);
#887 = DIRECTION('',(-0.,-0.,-1.));
#888 = ORIENTED_EDGE('',*,*,#889,.T.);
#889 = EDGE_CURVE('',#882,#882,#890,.T.);
#890 = CIRCLE('',#891,2.);
#891 = AXIS2_PLACEMENT_3D('',#892,#893,#894);
#892 = CARTESIAN_POINT('',(132.41185098442,76.991458719563,35.));
#893 = DIRECTION('',(0.,0.,1.));
#894 = DIRECTION('',(1.,0.,0.));
#895 = ORIENTED_EDGE('',*,*,#881,.F.);
#896 = ORIENTED_EDGE('',*,*,#553,.F.);
#897 = CYLINDRICAL_SURFACE('',#898,2.);
#898 = AXIS2_PLACEMENT_3D('',#899,#900,#901);
#899 = CARTESIAN_POINT('',(132.41185098442,76.991458719563,40.));
#900 = DIRECTION('',(0.,0.,1.));
#901 = DIRECTION('',(1.,0.,0.));
#902 = ADVANCED_FACE('',(#903),#929,.F.);
#903 = FACE_BOUND('',#904,.F.);
#904 = EDGE_LOOP('',(#905,#913,#922,#928));
#905 = ORIENTED_EDGE('',*,*,#906,.T.);
#906 = EDGE_CURVE('',#565,#907,#909,.T.);
#907 = VERTEX_POINT('',#908);
#908 = CARTESIAN_POINT('',(93.099,93.0884,35.));
#909 = LINE('',#910,#911);
#910 = CARTESIAN_POINT('',(93.099,93.0884,40.));
#911 = VECTOR('',#912,1.);
#912 = DIRECTION('',(-0.,-0.,-1.));
#913 = ORIENTED_EDGE('',*,*,#914,.T.);
#914 = EDGE_CURVE('',#907,#915,#917,.T.);
#915 = VERTEX_POINT('',#916);
#916 = CARTESIAN_POINT('',(93.099,88.0884,35.));
#917 = CIRCLE('',#918,2.5);
#918 = AXIS2_PLACEMENT_3D('',#919,#920,#921);
#919 = CARTESIAN_POINT('',(93.099,90.5884,35.));
#920 = DIRECTION('',(0.,0.,1.));
#921 = DIRECTION('',(1.,0.,0.));
#922 = ORIENTED_EDGE('',*,*,#923,.F.);
#923 = EDGE_CURVE('',#567,#915,#924,.T.);
#924 = LINE('',#925,#926);
#925 = CARTESIAN_POINT('',(93.099,88.0884,40.));
#926 = VECTOR('',#927,1.);
#927 = DIRECTION('',(-0.,-0.,-1.));
#928 = ORIENTED_EDGE('',*,*,#564,.F.);
#929 = CYLINDRICAL_SURFACE('',#930,2.5);
#930 = AXIS2_PLACEMENT_3D('',#931,#932,#933);
#931 = CARTESIAN_POINT('',(93.099,90.5884,40.));
#932 = DIRECTION('',(0.,0.,1.));
#933 = DIRECTION('',(1.,0.,0.));
#934 = ADVANCED_FACE('',(#935),#953,.T.);
#935 = FACE_BOUND('',#936,.T.);
#936 = EDGE_LOOP('',(#937,#938,#946,#952));
#937 = ORIENTED_EDGE('',*,*,#906,.T.);
#938 = ORIENTED_EDGE('',*,*,#939,.T.);
#939 = EDGE_CURVE('',#907,#940,#942,.T.);
#940 = VERTEX_POINT('',#941);
#941 = CARTESIAN_POINT('',(193.099,93.0884,35.));
#942 = LINE('',#943,#944);
#943 = CARTESIAN_POINT('',(93.099,93.0884,35.));
#944 = VECTOR('',#945,1.);
#945 = DIRECTION('',(1.,0.,0.));
#946 = ORIENTED_EDGE('',*,*,#947,.F.);
#947 = EDGE_CURVE('',#576,#940,#948,.T.);
#948 = LINE('',#949,#950);
#949 = CARTESIAN_POINT('',(193.099,93.0884,40.));
#950 = VECTOR('',#951,1.);
#951 = DIRECTION('',(-0.,-0.,-1.));
#952 = ORIENTED_EDGE('',*,*,#575,.F.);
#953 = PLANE('',#954);
#954 = AXIS2_PLACEMENT_3D('',#955,#956,#957);
#955 = CARTESIAN_POINT('',(93.099,93.0884,40.));
#956 = DIRECTION('',(0.,-1.,0.));
#957 = DIRECTION('',(1.,0.,0.));
#958 = ADVANCED_FACE('',(#959),#977,.F.);
#959 = FACE_BOUND('',#960,.F.);
#960 = EDGE_LOOP('',(#961,#962,#970,#976));
#961 = ORIENTED_EDGE('',*,*,#923,.T.);
#962 = ORIENTED_EDGE('',*,*,#963,.T.);
#963 = EDGE_CURVE('',#915,#964,#966,.T.);
#964 = VERTEX_POINT('',#965);
#965 = CARTESIAN_POINT('',(193.099,88.0884,35.));
#966 = LINE('',#967,#968);
#967 = CARTESIAN_POINT('',(93.099,88.0884,35.));
#968 = VECTOR('',#969,1.);
#969 = DIRECTION('',(1.,0.,0.));
#970 = ORIENTED_EDGE('',*,*,#971,.F.);
#971 = EDGE_CURVE('',#584,#964,#972,.T.);
#972 = LINE('',#973,#974);
#973 = CARTESIAN_POINT('',(193.099,88.0884,40.));
#974 = VECTOR('',#975,1.);
#975 = DIRECTION('',(-0.,-0.,-1.));
#976 = ORIENTED_EDGE('',*,*,#592,.F.);
#977 = PLANE('',#978);
#978 = AXIS2_PLACEMENT_3D('',#979,#980,#981);
#979 = CARTESIAN_POINT('',(93.099,88.0884,40.));
#980 = DIRECTION('',(0.,-1.,0.));
#981 = DIRECTION('',(1.,0.,0.));
#982 = ADVANCED_FACE('',(#983),#995,.F.);
#983 = FACE_BOUND('',#984,.F.);
#984 = EDGE_LOOP('',(#985,#986,#993,#994));
#985 = ORIENTED_EDGE('',*,*,#971,.T.);
#986 = ORIENTED_EDGE('',*,*,#987,.T.);
#987 = EDGE_CURVE('',#964,#940,#988,.T.);
#988 = CIRCLE('',#989,2.673985735889);
#989 = AXIS2_PLACEMENT_3D('',#990,#991,#992);
#990 = CARTESIAN_POINT('',(192.15021144835,90.5884,35.));
#991 = DIRECTION('',(0.,0.,1.));
#992 = DIRECTION('',(1.,0.,0.));
#993 = ORIENTED_EDGE('',*,*,#947,.F.);
#994 = ORIENTED_EDGE('',*,*,#583,.F.);
#995 = CYLINDRICAL_SURFACE('',#996,2.673985735889);
#996 = AXIS2_PLACEMENT_3D('',#997,#998,#999);
#997 = CARTESIAN_POINT('',(192.15021144835,90.5884,40.));
#998 = DIRECTION('',(0.,0.,1.));
#999 = DIRECTION('',(1.,0.,0.));
#1000 = ADVANCED_FACE('',(#1001),#1020,.F.);
#1001 = FACE_BOUND('',#1002,.F.);
#1002 = EDGE_LOOP('',(#1003,#1011,#1018,#1019));
#1003 = ORIENTED_EDGE('',*,*,#1004,.T.);
#1004 = EDGE_CURVE('',#601,#1005,#1007,.T.);
#1005 = VERTEX_POINT('',#1006);
#1006 = CARTESIAN_POINT('',(164.41185098442,76.720603076067,35.));
#1007 = LINE('',#1008,#1009);
#1008 = CARTESIAN_POINT('',(164.41185098442,76.720603076067,40.));
#1009 = VECTOR('',#1010,1.);
#1010 = DIRECTION('',(-0.,-0.,-1.));
#1011 = ORIENTED_EDGE('',*,*,#1012,.T.);
#1012 = EDGE_CURVE('',#1005,#1005,#1013,.T.);
#1013 = CIRCLE('',#1014,2.);
#1014 = AXIS2_PLACEMENT_3D('',#1015,#1016,#1017);
#1015 = CARTESIAN_POINT('',(162.41185098442,76.720603076067,35.));
#1016 = DIRECTION('',(0.,0.,1.));
#1017 = DIRECTION('',(1.,0.,0.));
#1018 = ORIENTED_EDGE('',*,*,#1004,.F.);
#1019 = ORIENTED_EDGE('',*,*,#600,.F.);
#1020 = CYLINDRICAL_SURFACE('',#1021,2.);
#1021 = AXIS2_PLACEMENT_3D('',#1022,#1023,#1024);
#1022 = CARTESIAN_POINT('',(162.41185098442,76.720603076067,40.));
#1023 = DIRECTION('',(0.,0.,1.));
#1024 = DIRECTION('',(1.,0.,0.));
#1025 = ADVANCED_FACE('',(#1026),#1029,.T.);
#1026 = FACE_BOUND('',#1027,.T.);
#1027 = EDGE_LOOP('',(#1028));
#1028 = ORIENTED_EDGE('',*,*,#666,.T.);
#1029 = PLANE('',#1030);
#1030 = AXIS2_PLACEMENT_3D('',#1031,#1032,#1033);
#1031 = CARTESIAN_POINT('',(9.92929,48.859,35.));
#1032 = DIRECTION('',(0.,0.,1.));
#1033 = DIRECTION('',(1.,0.,0.));
#1034 = ADVANCED_FACE('',(#1035),#1041,.T.);
#1035 = FACE_BOUND('',#1036,.T.);
#1036 = EDGE_LOOP('',(#1037,#1038,#1039,#1040));
#1037 = ORIENTED_EDGE('',*,*,#691,.T.);
#1038 = ORIENTED_EDGE('',*,*,#740,.T.);
#1039 = ORIENTED_EDGE('',*,*,#764,.T.);
#1040 = ORIENTED_EDGE('',*,*,#716,.F.);
#1041 = PLANE('',#1042);
#1042 = AXIS2_PLACEMENT_3D('',#1043,#1044,#1045);
#1043 = CARTESIAN_POINT('',(142.9471449721,49.862094561713,35.));
#1044 = DIRECTION('',(0.,0.,1.));
#1045 = DIRECTION('',(1.,0.,0.));
#1046 = ADVANCED_FACE('',(#1047),#1050,.T.);
#1047 = FACE_BOUND('',#1048,.T.);
#1048 = EDGE_LOOP('',(#1049));
#1049 = ORIENTED_EDGE('',*,*,#789,.T.);
#1050 = PLANE('',#1051);
#1051 = AXIS2_PLACEMENT_3D('',#1052,#1053,#1054);
#1052 = CARTESIAN_POINT('',(147.16356664455,49.356030897815,35.));
#1053 = DIRECTION('',(0.,0.,1.));
#1054 = DIRECTION('',(1.,0.,0.));
#1055 = ADVANCED_FACE('',(#1056),#1059,.T.);
#1056 = FACE_BOUND('',#1057,.T.);
#1057 = EDGE_LOOP('',(#1058));
#1058 = ORIENTED_EDGE('',*,*,#814,.T.);
#1059 = PLANE('',#1060);
#1060 = AXIS2_PLACEMENT_3D('',#1061,#1062,#1063);
#1061 = CARTESIAN_POINT('',(147.16356664455,49.356030897815,35.));
#1062 = DIRECTION('',(0.,0.,1.));
#1063 = DIRECTION('',(1.,0.,0.));
#1064 = ADVANCED_FACE('',(#1065),#1068,.T.);
#1065 = FACE_BOUND('',#1066,.T.);
#1066 = EDGE_LOOP('',(#1067));
#1067 = ORIENTED_EDGE('',*,*,#839,.T.);
#1068 = PLANE('',#1069);
#1069 = AXIS2_PLACEMENT_3D('',#1070,#1071,#1072);
#1070 = CARTESIAN_POINT('',(50.,50.,32.));
#1071 = DIRECTION('',(0.,0.,1.));
#1072 = DIRECTION('',(1.,0.,0.));
#1073 = ADVANCED_FACE('',(#1074),#1077,.T.);
#1074 = FACE_BOUND('',#1075,.T.);
#1075 = EDGE_LOOP('',(#1076));
#1076 = ORIENTED_EDGE('',*,*,#864,.T.);
#1077 = PLANE('',#1078);
#1078 = AXIS2_PLACEMENT_3D('',#1079,#1080,#1081);
#1079 = CARTESIAN_POINT('',(9.92929,48.859,35.));
#1080 = DIRECTION('',(0.,0.,1.));
#1081 = DIRECTION('',(1.,0.,0.));
#1082 = ADVANCED_FACE('',(#1083),#1086,.T.);
#1083 = FACE_BOUND('',#1084,.T.);
#1084 = EDGE_LOOP('',(#1085));
#1085 = ORIENTED_EDGE('',*,*,#889,.T.);
#1086 = PLANE('',#1087);
#1087 = AXIS2_PLACEMENT_3D('',#1088,#1089,#1090);
#1088 = CARTESIAN_POINT('',(147.16356664455,49.356030897815,35.));
#1089 = DIRECTION('',(0.,0.,1.));
#1090 = DIRECTION('',(1.,0.,0.));
#1091 = ADVANCED_FACE('',(#1092),#1098,.T.);
#1092 = FACE_BOUND('',#1093,.F.);
#1093 = EDGE_LOOP('',(#1094,#1095,#1096,#1097));
#1094 = ORIENTED_EDGE('',*,*,#914,.F.);
#1095 = ORIENTED_EDGE('',*,*,#939,.T.);
#1096 = ORIENTED_EDGE('',*,*,#987,.F.);
#1097 = ORIENTED_EDGE('',*,*,#963,.F.);
#1098 = PLANE('',#1099);
#1099 = AXIS2_PLACEMENT_3D('',#1100,#1101,#1102);
#1100 = CARTESIAN_POINT('',(142.9471449721,49.862094561713,35.));
#1101 = DIRECTION('',(0.,0.,1.));
#1102 = DIRECTION('',(1.,0.,0.));
#1103 = ADVANCED_FACE('',(#1104),#1107,.T.);
#1104 = FACE_BOUND('',#1105,.T.);
#1105 = EDGE_LOOP('',(#1106));
#1106 = ORIENTED_EDGE('',*,*,#1012,.T.);
#1107 = PLANE('',#1108);
#1108 = AXIS2_PLACEMENT_3D('',#1109,#1110,#1111);
#1109 = CARTESIAN_POINT('',(147.16356664455,49.356030897815,35.));
#1110 = DIRECTION('',(0.,0.,1.));
#1111 = DIRECTION('',(1.,0.,0.));
#1112 = ( GEOMETRIC_REPRESENTATION_CONTEXT(3) 
GLOBAL_UNCERTAINTY_ASSIGNED_CONTEXT((#1116)) 
GLOBAL_UNIT_ASSIGNED_CONTEXT((#1113,#1114,#1115)) REPRESENTATION_CONTEXT
('Context #1','3D Context with UNIT and UNCERTAINTY') );
#1113 = ( LENGTH_UNIT() NAMED_UNIT(*) SI_UNIT(.MILLI.,.METRE.) );
#1114 = ( NAMED_UNIT(*) PLANE_ANGLE_UNIT() SI_UNIT($,.RADIAN.) );
#1115 = ( NAMED_UNIT(*) SI_UNIT($,.STERADIAN.) SOLID_ANGLE_UNIT() );
#1116 = UNCERTAINTY_MEASURE_WITH_UNIT(LENGTH_MEASURE(1.E-07),#1113,
  'distance_accuracy_value','confusion accuracy');
#1117 = CONTEXT_DEPENDENT_SHAPE_REPRESENTATION(#1118,#1120);
#1118 = ( REPRESENTATION_RELATIONSHIP('','',#84,#10) 
REPRESENTATION_RELATIONSHIP_WITH_TRANSFORMATION(#1119) 
SHAPE_REPRESENTATION_RELATIONSHIP() );
#1119 = ITEM_DEFINED_TRANSFORMATION('','',#11,#15);
#1120 = PRODUCT_DEFINITION_SHAPE('Placement','Placement of an item',
  #1121);
#1121 = NEXT_ASSEMBLY_USAGE_OCCURRENCE('1','Body','',#5,#79,$);
#1122 = PRODUCT_RELATED_PRODUCT_CATEGORY('part',$,(#81));
#1123 = SHAPE_DEFINITION_REPRESENTATION(#1124,#1130);
#1124 = PRODUCT_DEFINITION_SHAPE('','',#1125);
#1125 = PRODUCT_DEFINITION('design','',#1126,#1129);
#1126 = PRODUCT_DEFINITION_FORMATION('','',#1127);
#1127 = PRODUCT('Body','Body','',(#1128));
#1128 = PRODUCT_CONTEXT('',#2,'mechanical');
#1129 = PRODUCT_DEFINITION_CONTEXT('part definition',#2,'design');
#1130 = ADVANCED_BREP_SHAPE_REPRESENTATION('',(#11,#1131),#1819);
#1131 = MANIFOLD_SOLID_BREP('',#1132);
#1132 = CLOSED_SHELL('',(#1133,#1181,#1212,#1236,#1322,#1378,#1415,#1433
    ,#1465,#1489,#1514,#1538,#1563,#1600,#1625,#1650,#1713,#1730,#1748,
    #1765,#1783,#1802));
#1133 = ADVANCED_FACE('',(#1134),#1176,.F.);
#1134 = FACE_BOUND('',#1135,.F.);
#1135 = EDGE_LOOP('',(#1136,#1146,#1154,#1162,#1170));
#1136 = ORIENTED_EDGE('',*,*,#1137,.T.);
#1137 = EDGE_CURVE('',#1138,#1140,#1142,.T.);
#1138 = VERTEX_POINT('',#1139);
#1139 = CARTESIAN_POINT('',(-5.,2.9999592,30.));
#1140 = VERTEX_POINT('',#1141);
#1141 = CARTESIAN_POINT('',(-5.7,2.9999592,30.));
#1142 = LINE('',#1143,#1144);
#1143 = CARTESIAN_POINT('',(-5.,2.9999592,30.));
#1144 = VECTOR('',#1145,1.);
#1145 = DIRECTION('',(-1.,0.,0.));
#1146 = ORIENTED_EDGE('',*,*,#1147,.T.);
#1147 = EDGE_CURVE('',#1140,#1148,#1150,.T.);
#1148 = VERTEX_POINT('',#1149);
#1149 = CARTESIAN_POINT('',(-30.,2.9999592,5.7));
#1150 = LINE('',#1151,#1152);
#1151 = CARTESIAN_POINT('',(-11.6,2.9999592,24.1));
#1152 = VECTOR('',#1153,1.);
#1153 = DIRECTION('',(-0.707106781187,0.,-0.707106781187));
#1154 = ORIENTED_EDGE('',*,*,#1155,.T.);
#1155 = EDGE_CURVE('',#1148,#1156,#1158,.T.);
#1156 = VERTEX_POINT('',#1157);
#1157 = CARTESIAN_POINT('',(-30.,2.9999592,5.));
#1158 = LINE('',#1159,#1160);
#1159 = CARTESIAN_POINT('',(-30.,2.9999592,30.));
#1160 = VECTOR('',#1161,1.);
#1161 = DIRECTION('',(0.,0.,-1.));
#1162 = ORIENTED_EDGE('',*,*,#1163,.F.);
#1163 = EDGE_CURVE('',#1164,#1156,#1166,.T.);
#1164 = VERTEX_POINT('',#1165);
#1165 = CARTESIAN_POINT('',(-5.,2.9999592,5.));
#1166 = LINE('',#1167,#1168);
#1167 = CARTESIAN_POINT('',(-5.,2.9999592,5.));
#1168 = VECTOR('',#1169,1.);
#1169 = DIRECTION('',(-1.,0.,0.));
#1170 = ORIENTED_EDGE('',*,*,#1171,.F.);
#1171 = EDGE_CURVE('',#1138,#1164,#1172,.T.);
#1172 = LINE('',#1173,#1174);
#1173 = CARTESIAN_POINT('',(-5.,2.9999592,30.));
#1174 = VECTOR('',#1175,1.);
#1175 = DIRECTION('',(0.,0.,-1.));
#1176 = PLANE('',#1177);
#1177 = AXIS2_PLACEMENT_3D('',#1178,#1179,#1180);
#1178 = CARTESIAN_POINT('',(-5.,2.9999592,30.));
#1179 = DIRECTION('',(-0.,-1.,-0.));
#1180 = DIRECTION('',(0.,0.,-1.));
#1181 = ADVANCED_FACE('',(#1182),#1207,.F.);
#1182 = FACE_BOUND('',#1183,.F.);
#1183 = EDGE_LOOP('',(#1184,#1194,#1200,#1201));
#1184 = ORIENTED_EDGE('',*,*,#1185,.T.);
#1185 = EDGE_CURVE('',#1186,#1188,#1190,.T.);
#1186 = VERTEX_POINT('',#1187);
#1187 = CARTESIAN_POINT('',(-5.,-3.0000408,30.));
#1188 = VERTEX_POINT('',#1189);
#1189 = CARTESIAN_POINT('',(-5.7,-3.0000408,30.));
#1190 = LINE('',#1191,#1192);
#1191 = CARTESIAN_POINT('',(-5.,-3.0000408,30.));
#1192 = VECTOR('',#1193,1.);
#1193 = DIRECTION('',(-1.,0.,0.));
#1194 = ORIENTED_EDGE('',*,*,#1195,.T.);
#1195 = EDGE_CURVE('',#1188,#1140,#1196,.T.);
#1196 = LINE('',#1197,#1198);
#1197 = CARTESIAN_POINT('',(-5.7,-3.0000408,30.));
#1198 = VECTOR('',#1199,1.);
#1199 = DIRECTION('',(0.,1.,0.));
#1200 = ORIENTED_EDGE('',*,*,#1137,.F.);
#1201 = ORIENTED_EDGE('',*,*,#1202,.F.);
#1202 = EDGE_CURVE('',#1186,#1138,#1203,.T.);
#1203 = LINE('',#1204,#1205);
#1204 = CARTESIAN_POINT('',(-5.,-3.0000408,30.));
#1205 = VECTOR('',#1206,1.);
#1206 = DIRECTION('',(0.,1.,0.));
#1207 = PLANE('',#1208);
#1208 = AXIS2_PLACEMENT_3D('',#1209,#1210,#1211);
#1209 = CARTESIAN_POINT('',(-5.,-3.0000408,30.));
#1210 = DIRECTION('',(0.,0.,-1.));
#1211 = DIRECTION('',(0.,1.,0.));
#1212 = ADVANCED_FACE('',(#1213),#1231,.F.);
#1213 = FACE_BOUND('',#1214,.T.);
#1214 = EDGE_LOOP('',(#1215,#1223,#1224,#1225));
#1215 = ORIENTED_EDGE('',*,*,#1216,.F.);
#1216 = EDGE_CURVE('',#1188,#1217,#1219,.T.);
#1217 = VERTEX_POINT('',#1218);
#1218 = CARTESIAN_POINT('',(-30.,-3.0000408,5.7));
#1219 = LINE('',#1220,#1221);
#1220 = CARTESIAN_POINT('',(-17.85,-3.0000408,17.85));
#1221 = VECTOR('',#1222,1.);
#1222 = DIRECTION('',(-0.707106781187,0.,-0.707106781187));
#1223 = ORIENTED_EDGE('',*,*,#1195,.T.);
#1224 = ORIENTED_EDGE('',*,*,#1147,.T.);
#1225 = ORIENTED_EDGE('',*,*,#1226,.F.);
#1226 = EDGE_CURVE('',#1217,#1148,#1227,.T.);
#1227 = LINE('',#1228,#1229);
#1228 = CARTESIAN_POINT('',(-30.,-3.0000408,5.7));
#1229 = VECTOR('',#1230,1.);
#1230 = DIRECTION('',(0.,1.,0.));
#1231 = PLANE('',#1232);
#1232 = AXIS2_PLACEMENT_3D('',#1233,#1234,#1235);
#1233 = CARTESIAN_POINT('',(-17.85,-3.0000408,17.85));
#1234 = DIRECTION('',(0.707106781187,0.,-0.707106781187));
#1235 = DIRECTION('',(-0.,-1.,-0.));
#1236 = ADVANCED_FACE('',(#1237,#1306),#1317,.F.);
#1237 = FACE_BOUND('',#1238,.F.);
#1238 = EDGE_LOOP('',(#1239,#1250,#1258,#1264,#1265,#1266,#1274,#1283,
    #1291,#1300));
#1239 = ORIENTED_EDGE('',*,*,#1240,.F.);
#1240 = EDGE_CURVE('',#1241,#1243,#1245,.T.);
#1241 = VERTEX_POINT('',#1242);
#1242 = CARTESIAN_POINT('',(-5.,-25.,5.));
#1243 = VERTEX_POINT('',#1244);
#1244 = CARTESIAN_POINT('',(-5.,-10.,20.));
#1245 = CIRCLE('',#1246,15.);
#1246 = AXIS2_PLACEMENT_3D('',#1247,#1248,#1249);
#1247 = CARTESIAN_POINT('',(-5.,-25.,20.));
#1248 = DIRECTION('',(1.,0.,0.));
#1249 = DIRECTION('',(0.,1.,0.));
#1250 = ORIENTED_EDGE('',*,*,#1251,.T.);
#1251 = EDGE_CURVE('',#1241,#1252,#1254,.T.);
#1252 = VERTEX_POINT('',#1253);
#1253 = CARTESIAN_POINT('',(-5.,-3.0000408,5.));
#1254 = LINE('',#1255,#1256);
#1255 = CARTESIAN_POINT('',(-5.,-25.,5.));
#1256 = VECTOR('',#1257,1.);
#1257 = DIRECTION('',(0.,1.,0.));
#1258 = ORIENTED_EDGE('',*,*,#1259,.T.);
#1259 = EDGE_CURVE('',#1252,#1186,#1260,.T.);
#1260 = LINE('',#1261,#1262);
#1261 = CARTESIAN_POINT('',(-5.,-3.0000408,5.));
#1262 = VECTOR('',#1263,1.);
#1263 = DIRECTION('',(0.,0.,1.));
#1264 = ORIENTED_EDGE('',*,*,#1202,.T.);
#1265 = ORIENTED_EDGE('',*,*,#1171,.T.);
#1266 = ORIENTED_EDGE('',*,*,#1267,.T.);
#1267 = EDGE_CURVE('',#1164,#1268,#1270,.T.);
#1268 = VERTEX_POINT('',#1269);
#1269 = CARTESIAN_POINT('',(-5.,25.,5.));
#1270 = LINE('',#1271,#1272);
#1271 = CARTESIAN_POINT('',(-5.,-25.,5.));
#1272 = VECTOR('',#1273,1.);
#1273 = DIRECTION('',(0.,1.,0.));
#1274 = ORIENTED_EDGE('',*,*,#1275,.F.);
#1275 = EDGE_CURVE('',#1276,#1268,#1278,.T.);
#1276 = VERTEX_POINT('',#1277);
#1277 = CARTESIAN_POINT('',(-5.,10.,20.));
#1278 = CIRCLE('',#1279,15.);
#1279 = AXIS2_PLACEMENT_3D('',#1280,#1281,#1282);
#1280 = CARTESIAN_POINT('',(-5.,25.,20.));
#1281 = DIRECTION('',(1.,0.,0.));
#1282 = DIRECTION('',(0.,1.,0.));
#1283 = ORIENTED_EDGE('',*,*,#1284,.T.);
#1284 = EDGE_CURVE('',#1276,#1285,#1287,.T.);
#1285 = VERTEX_POINT('',#1286);
#1286 = CARTESIAN_POINT('',(-5.,10.,40.));
#1287 = LINE('',#1288,#1289);
#1288 = CARTESIAN_POINT('',(-5.,10.,20.));
#1289 = VECTOR('',#1290,1.);
#1290 = DIRECTION('',(0.,0.,1.));
#1291 = ORIENTED_EDGE('',*,*,#1292,.T.);
#1292 = EDGE_CURVE('',#1285,#1293,#1295,.T.);
#1293 = VERTEX_POINT('',#1294);
#1294 = CARTESIAN_POINT('',(-5.,-10.,40.));
#1295 = CIRCLE('',#1296,10.);
#1296 = AXIS2_PLACEMENT_3D('',#1297,#1298,#1299);
#1297 = CARTESIAN_POINT('',(-5.,0.,40.));
#1298 = DIRECTION('',(1.,0.,0.));
#1299 = DIRECTION('',(0.,1.,0.));
#1300 = ORIENTED_EDGE('',*,*,#1301,.F.);
#1301 = EDGE_CURVE('',#1243,#1293,#1302,.T.);
#1302 = LINE('',#1303,#1304);
#1303 = CARTESIAN_POINT('',(-5.,-10.,20.));
#1304 = VECTOR('',#1305,1.);
#1305 = DIRECTION('',(0.,0.,1.));
#1306 = FACE_BOUND('',#1307,.F.);
#1307 = EDGE_LOOP('',(#1308));
#1308 = ORIENTED_EDGE('',*,*,#1309,.F.);
#1309 = EDGE_CURVE('',#1310,#1310,#1312,.T.);
#1310 = VERTEX_POINT('',#1311);
#1311 = CARTESIAN_POINT('',(-5.,2.,40.));
#1312 = CIRCLE('',#1313,2.);
#1313 = AXIS2_PLACEMENT_3D('',#1314,#1315,#1316);
#1314 = CARTESIAN_POINT('',(-5.,0.,40.));
#1315 = DIRECTION('',(1.,0.,0.));
#1316 = DIRECTION('',(0.,1.,0.));
#1317 = PLANE('',#1318);
#1318 = AXIS2_PLACEMENT_3D('',#1319,#1320,#1321);
#1319 = CARTESIAN_POINT('',(-5.,-2.E-15,21.109644322241));
#1320 = DIRECTION('',(1.,0.,0.));
#1321 = DIRECTION('',(0.,0.,1.));
#1322 = ADVANCED_FACE('',(#1323),#1373,.T.);
#1323 = FACE_BOUND('',#1324,.T.);
#1324 = EDGE_LOOP('',(#1325,#1333,#1334,#1335,#1343,#1351,#1359,#1367));
#1325 = ORIENTED_EDGE('',*,*,#1326,.T.);
#1326 = EDGE_CURVE('',#1327,#1217,#1329,.T.);
#1327 = VERTEX_POINT('',#1328);
#1328 = CARTESIAN_POINT('',(-30.,-3.0000408,5.));
#1329 = LINE('',#1330,#1331);
#1330 = CARTESIAN_POINT('',(-30.,-3.0000408,5.));
#1331 = VECTOR('',#1332,1.);
#1332 = DIRECTION('',(0.,0.,1.));
#1333 = ORIENTED_EDGE('',*,*,#1226,.T.);
#1334 = ORIENTED_EDGE('',*,*,#1155,.T.);
#1335 = ORIENTED_EDGE('',*,*,#1336,.F.);
#1336 = EDGE_CURVE('',#1337,#1156,#1339,.T.);
#1337 = VERTEX_POINT('',#1338);
#1338 = CARTESIAN_POINT('',(-30.,15.,5.));
#1339 = LINE('',#1340,#1341);
#1340 = CARTESIAN_POINT('',(-30.,15.,5.));
#1341 = VECTOR('',#1342,1.);
#1342 = DIRECTION('',(0.,-1.,0.));
#1343 = ORIENTED_EDGE('',*,*,#1344,.F.);
#1344 = EDGE_CURVE('',#1345,#1337,#1347,.T.);
#1345 = VERTEX_POINT('',#1346);
#1346 = CARTESIAN_POINT('',(-30.,15.,0.));
#1347 = LINE('',#1348,#1349);
#1348 = CARTESIAN_POINT('',(-30.,15.,0.));
#1349 = VECTOR('',#1350,1.);
#1350 = DIRECTION('',(0.,0.,1.));
#1351 = ORIENTED_EDGE('',*,*,#1352,.T.);
#1352 = EDGE_CURVE('',#1345,#1353,#1355,.T.);
#1353 = VERTEX_POINT('',#1354);
#1354 = CARTESIAN_POINT('',(-30.,-15.,0.));
#1355 = LINE('',#1356,#1357);
#1356 = CARTESIAN_POINT('',(-30.,15.,0.));
#1357 = VECTOR('',#1358,1.);
#1358 = DIRECTION('',(0.,-1.,0.));
#1359 = ORIENTED_EDGE('',*,*,#1360,.T.);
#1360 = EDGE_CURVE('',#1353,#1361,#1363,.T.);
#1361 = VERTEX_POINT('',#1362);
#1362 = CARTESIAN_POINT('',(-30.,-15.,5.));
#1363 = LINE('',#1364,#1365);
#1364 = CARTESIAN_POINT('',(-30.,-15.,0.));
#1365 = VECTOR('',#1366,1.);
#1366 = DIRECTION('',(0.,0.,1.));
#1367 = ORIENTED_EDGE('',*,*,#1368,.F.);
#1368 = EDGE_CURVE('',#1327,#1361,#1369,.T.);
#1369 = LINE('',#1370,#1371);
#1370 = CARTESIAN_POINT('',(-30.,15.,5.));
#1371 = VECTOR('',#1372,1.);
#1372 = DIRECTION('',(0.,-1.,0.));
#1373 = PLANE('',#1374);
#1374 = AXIS2_PLACEMENT_3D('',#1375,#1376,#1377);
#1375 = CARTESIAN_POINT('',(-30.,-1.699999999918E-05,10.));
#1376 = DIRECTION('',(-1.,-0.,-0.));
#1377 = DIRECTION('',(0.,0.,-1.));
#1378 = ADVANCED_FACE('',(#1379,#1399),#1410,.T.);
#1379 = FACE_BOUND('',#1380,.T.);
#1380 = EDGE_LOOP('',(#1381,#1382,#1383,#1391,#1398));
#1381 = ORIENTED_EDGE('',*,*,#1163,.F.);
#1382 = ORIENTED_EDGE('',*,*,#1267,.T.);
#1383 = ORIENTED_EDGE('',*,*,#1384,.T.);
#1384 = EDGE_CURVE('',#1268,#1385,#1387,.T.);
#1385 = VERTEX_POINT('',#1386);
#1386 = CARTESIAN_POINT('',(-20.,25.,5.));
#1387 = LINE('',#1388,#1389);
#1388 = CARTESIAN_POINT('',(0.,25.,5.));
#1389 = VECTOR('',#1390,1.);
#1390 = DIRECTION('',(-1.,0.,0.));
#1391 = ORIENTED_EDGE('',*,*,#1392,.T.);
#1392 = EDGE_CURVE('',#1385,#1337,#1393,.T.);
#1393 = CIRCLE('',#1394,10.);
#1394 = AXIS2_PLACEMENT_3D('',#1395,#1396,#1397);
#1395 = CARTESIAN_POINT('',(-20.,15.,5.));
#1396 = DIRECTION('',(0.,0.,1.));
#1397 = DIRECTION('',(1.,0.,0.));
#1398 = ORIENTED_EDGE('',*,*,#1336,.T.);
#1399 = FACE_BOUND('',#1400,.T.);
#1400 = EDGE_LOOP('',(#1401));
#1401 = ORIENTED_EDGE('',*,*,#1402,.F.);
#1402 = EDGE_CURVE('',#1403,#1403,#1405,.T.);
#1403 = VERTEX_POINT('',#1404);
#1404 = CARTESIAN_POINT('',(-18.,15.,5.));
#1405 = CIRCLE('',#1406,2.);
#1406 = AXIS2_PLACEMENT_3D('',#1407,#1408,#1409);
#1407 = CARTESIAN_POINT('',(-20.,15.,5.));
#1408 = DIRECTION('',(0.,0.,1.));
#1409 = DIRECTION('',(1.,0.,0.));
#1410 = PLANE('',#1411);
#1411 = AXIS2_PLACEMENT_3D('',#1412,#1413,#1414);
#1412 = CARTESIAN_POINT('',(-14.72300071412,1.61E-15,5.));
#1413 = DIRECTION('',(0.,0.,1.));
#1414 = DIRECTION('',(1.,0.,0.));
#1415 = ADVANCED_FACE('',(#1416),#1428,.F.);
#1416 = FACE_BOUND('',#1417,.F.);
#1417 = EDGE_LOOP('',(#1418,#1419,#1420,#1426,#1427));
#1418 = ORIENTED_EDGE('',*,*,#1185,.F.);
#1419 = ORIENTED_EDGE('',*,*,#1259,.F.);
#1420 = ORIENTED_EDGE('',*,*,#1421,.T.);
#1421 = EDGE_CURVE('',#1252,#1327,#1422,.T.);
#1422 = LINE('',#1423,#1424);
#1423 = CARTESIAN_POINT('',(-5.,-3.0000408,5.));
#1424 = VECTOR('',#1425,1.);
#1425 = DIRECTION('',(-1.,0.,0.));
#1426 = ORIENTED_EDGE('',*,*,#1326,.T.);
#1427 = ORIENTED_EDGE('',*,*,#1216,.F.);
#1428 = PLANE('',#1429);
#1429 = AXIS2_PLACEMENT_3D('',#1430,#1431,#1432);
#1430 = CARTESIAN_POINT('',(-5.,-3.0000408,5.));
#1431 = DIRECTION('',(0.,1.,0.));
#1432 = DIRECTION('',(0.,0.,1.));
#1433 = ADVANCED_FACE('',(#1434),#1460,.F.);
#1434 = FACE_BOUND('',#1435,.F.);
#1435 = EDGE_LOOP('',(#1436,#1444,#1445,#1453));
#1436 = ORIENTED_EDGE('',*,*,#1437,.F.);
#1437 = EDGE_CURVE('',#1241,#1438,#1440,.T.);
#1438 = VERTEX_POINT('',#1439);
#1439 = CARTESIAN_POINT('',(0.,-25.,5.));
#1440 = LINE('',#1441,#1442);
#1441 = CARTESIAN_POINT('',(-20.,-25.,5.));
#1442 = VECTOR('',#1443,1.);
#1443 = DIRECTION('',(1.,0.,0.));
#1444 = ORIENTED_EDGE('',*,*,#1240,.T.);
#1445 = ORIENTED_EDGE('',*,*,#1446,.F.);
#1446 = EDGE_CURVE('',#1447,#1243,#1449,.T.);
#1447 = VERTEX_POINT('',#1448);
#1448 = CARTESIAN_POINT('',(0.,-10.,20.));
#1449 = LINE('',#1450,#1451);
#1450 = CARTESIAN_POINT('',(0.,-10.,20.));
#1451 = VECTOR('',#1452,1.);
#1452 = DIRECTION('',(-1.,-0.,-0.));
#1453 = ORIENTED_EDGE('',*,*,#1454,.F.);
#1454 = EDGE_CURVE('',#1438,#1447,#1455,.T.);
#1455 = CIRCLE('',#1456,15.);
#1456 = AXIS2_PLACEMENT_3D('',#1457,#1458,#1459);
#1457 = CARTESIAN_POINT('',(0.,-25.,20.));
#1458 = DIRECTION('',(1.,0.,0.));
#1459 = DIRECTION('',(0.,1.,0.));
#1460 = CYLINDRICAL_SURFACE('',#1461,15.);
#1461 = AXIS2_PLACEMENT_3D('',#1462,#1463,#1464);
#1462 = CARTESIAN_POINT('',(0.,-25.,20.));
#1463 = DIRECTION('',(1.,0.,0.));
#1464 = DIRECTION('',(0.,1.,0.));
#1465 = ADVANCED_FACE('',(#1466),#1484,.F.);
#1466 = FACE_BOUND('',#1467,.F.);
#1467 = EDGE_LOOP('',(#1468,#1469,#1470,#1478));
#1468 = ORIENTED_EDGE('',*,*,#1446,.T.);
#1469 = ORIENTED_EDGE('',*,*,#1301,.T.);
#1470 = ORIENTED_EDGE('',*,*,#1471,.F.);
#1471 = EDGE_CURVE('',#1472,#1293,#1474,.T.);
#1472 = VERTEX_POINT('',#1473);
#1473 = CARTESIAN_POINT('',(0.,-10.,40.));
#1474 = LINE('',#1475,#1476);
#1475 = CARTESIAN_POINT('',(0.,-10.,40.));
#1476 = VECTOR('',#1477,1.);
#1477 = DIRECTION('',(-1.,-0.,-0.));
#1478 = ORIENTED_EDGE('',*,*,#1479,.F.);
#1479 = EDGE_CURVE('',#1447,#1472,#1480,.T.);
#1480 = LINE('',#1481,#1482);
#1481 = CARTESIAN_POINT('',(0.,-10.,20.));
#1482 = VECTOR('',#1483,1.);
#1483 = DIRECTION('',(0.,0.,1.));
#1484 = PLANE('',#1485);
#1485 = AXIS2_PLACEMENT_3D('',#1486,#1487,#1488);
#1486 = CARTESIAN_POINT('',(0.,-10.,20.));
#1487 = DIRECTION('',(0.,1.,0.));
#1488 = DIRECTION('',(0.,0.,1.));
#1489 = ADVANCED_FACE('',(#1490),#1509,.T.);
#1490 = FACE_BOUND('',#1491,.T.);
#1491 = EDGE_LOOP('',(#1492,#1500,#1501,#1502));
#1492 = ORIENTED_EDGE('',*,*,#1493,.T.);
#1493 = EDGE_CURVE('',#1494,#1285,#1496,.T.);
#1494 = VERTEX_POINT('',#1495);
#1495 = CARTESIAN_POINT('',(0.,10.,40.));
#1496 = LINE('',#1497,#1498);
#1497 = CARTESIAN_POINT('',(0.,10.,40.));
#1498 = VECTOR('',#1499,1.);
#1499 = DIRECTION('',(-1.,-0.,-0.));
#1500 = ORIENTED_EDGE('',*,*,#1292,.T.);
#1501 = ORIENTED_EDGE('',*,*,#1471,.F.);
#1502 = ORIENTED_EDGE('',*,*,#1503,.F.);
#1503 = EDGE_CURVE('',#1494,#1472,#1504,.T.);
#1504 = CIRCLE('',#1505,10.);
#1505 = AXIS2_PLACEMENT_3D('',#1506,#1507,#1508);
#1506 = CARTESIAN_POINT('',(0.,0.,40.));
#1507 = DIRECTION('',(1.,0.,0.));
#1508 = DIRECTION('',(0.,1.,0.));
#1509 = CYLINDRICAL_SURFACE('',#1510,10.);
#1510 = AXIS2_PLACEMENT_3D('',#1511,#1512,#1513);
#1511 = CARTESIAN_POINT('',(0.,0.,40.));
#1512 = DIRECTION('',(1.,0.,0.));
#1513 = DIRECTION('',(0.,1.,0.));
#1514 = ADVANCED_FACE('',(#1515),#1533,.T.);
#1515 = FACE_BOUND('',#1516,.T.);
#1516 = EDGE_LOOP('',(#1517,#1525,#1526,#1527));
#1517 = ORIENTED_EDGE('',*,*,#1518,.T.);
#1518 = EDGE_CURVE('',#1519,#1276,#1521,.T.);
#1519 = VERTEX_POINT('',#1520);
#1520 = CARTESIAN_POINT('',(0.,10.,20.));
#1521 = LINE('',#1522,#1523);
#1522 = CARTESIAN_POINT('',(0.,10.,20.));
#1523 = VECTOR('',#1524,1.);
#1524 = DIRECTION('',(-1.,-0.,-0.));
#1525 = ORIENTED_EDGE('',*,*,#1284,.T.);
#1526 = ORIENTED_EDGE('',*,*,#1493,.F.);
#1527 = ORIENTED_EDGE('',*,*,#1528,.F.);
#1528 = EDGE_CURVE('',#1519,#1494,#1529,.T.);
#1529 = LINE('',#1530,#1531);
#1530 = CARTESIAN_POINT('',(0.,10.,20.));
#1531 = VECTOR('',#1532,1.);
#1532 = DIRECTION('',(0.,0.,1.));
#1533 = PLANE('',#1534);
#1534 = AXIS2_PLACEMENT_3D('',#1535,#1536,#1537);
#1535 = CARTESIAN_POINT('',(0.,10.,20.));
#1536 = DIRECTION('',(0.,1.,0.));
#1537 = DIRECTION('',(0.,0.,1.));
#1538 = ADVANCED_FACE('',(#1539),#1558,.F.);
#1539 = FACE_BOUND('',#1540,.F.);
#1540 = EDGE_LOOP('',(#1541,#1542,#1543,#1551));
#1541 = ORIENTED_EDGE('',*,*,#1518,.T.);
#1542 = ORIENTED_EDGE('',*,*,#1275,.T.);
#1543 = ORIENTED_EDGE('',*,*,#1544,.F.);
#1544 = EDGE_CURVE('',#1545,#1268,#1547,.T.);
#1545 = VERTEX_POINT('',#1546);
#1546 = CARTESIAN_POINT('',(0.,25.,5.));
#1547 = LINE('',#1548,#1549);
#1548 = CARTESIAN_POINT('',(0.,25.,5.));
#1549 = VECTOR('',#1550,1.);
#1550 = DIRECTION('',(-1.,0.,0.));
#1551 = ORIENTED_EDGE('',*,*,#1552,.F.);
#1552 = EDGE_CURVE('',#1519,#1545,#1553,.T.);
#1553 = CIRCLE('',#1554,15.);
#1554 = AXIS2_PLACEMENT_3D('',#1555,#1556,#1557);
#1555 = CARTESIAN_POINT('',(0.,25.,20.));
#1556 = DIRECTION('',(1.,0.,0.));
#1557 = DIRECTION('',(0.,1.,0.));
#1558 = CYLINDRICAL_SURFACE('',#1559,15.);
#1559 = AXIS2_PLACEMENT_3D('',#1560,#1561,#1562);
#1560 = CARTESIAN_POINT('',(0.,25.,20.));
#1561 = DIRECTION('',(1.,0.,0.));
#1562 = DIRECTION('',(0.,1.,0.));
#1563 = ADVANCED_FACE('',(#1564,#1584),#1595,.T.);
#1564 = FACE_BOUND('',#1565,.T.);
#1565 = EDGE_LOOP('',(#1566,#1574,#1575,#1576,#1577));
#1566 = ORIENTED_EDGE('',*,*,#1567,.T.);
#1567 = EDGE_CURVE('',#1568,#1241,#1570,.T.);
#1568 = VERTEX_POINT('',#1569);
#1569 = CARTESIAN_POINT('',(-20.,-25.,5.));
#1570 = LINE('',#1571,#1572);
#1571 = CARTESIAN_POINT('',(-20.,-25.,5.));
#1572 = VECTOR('',#1573,1.);
#1573 = DIRECTION('',(1.,0.,0.));
#1574 = ORIENTED_EDGE('',*,*,#1251,.T.);
#1575 = ORIENTED_EDGE('',*,*,#1421,.T.);
#1576 = ORIENTED_EDGE('',*,*,#1368,.T.);
#1577 = ORIENTED_EDGE('',*,*,#1578,.T.);
#1578 = EDGE_CURVE('',#1361,#1568,#1579,.T.);
#1579 = CIRCLE('',#1580,10.);
#1580 = AXIS2_PLACEMENT_3D('',#1581,#1582,#1583);
#1581 = CARTESIAN_POINT('',(-20.,-15.,5.));
#1582 = DIRECTION('',(0.,0.,1.));
#1583 = DIRECTION('',(1.,0.,0.));
#1584 = FACE_BOUND('',#1585,.T.);
#1585 = EDGE_LOOP('',(#1586));
#1586 = ORIENTED_EDGE('',*,*,#1587,.F.);
#1587 = EDGE_CURVE('',#1588,#1588,#1590,.T.);
#1588 = VERTEX_POINT('',#1589);
#1589 = CARTESIAN_POINT('',(-18.,-15.,5.));
#1590 = CIRCLE('',#1591,2.);
#1591 = AXIS2_PLACEMENT_3D('',#1592,#1593,#1594);
#1592 = CARTESIAN_POINT('',(-20.,-15.,5.));
#1593 = DIRECTION('',(0.,0.,1.));
#1594 = DIRECTION('',(1.,0.,0.));
#1595 = PLANE('',#1596);
#1596 = AXIS2_PLACEMENT_3D('',#1597,#1598,#1599);
#1597 = CARTESIAN_POINT('',(-14.72300071412,1.61E-15,5.));
#1598 = DIRECTION('',(0.,0.,1.));
#1599 = DIRECTION('',(1.,0.,0.));
#1600 = ADVANCED_FACE('',(#1601),#1620,.F.);
#1601 = FACE_BOUND('',#1602,.F.);
#1602 = EDGE_LOOP('',(#1603,#1611,#1612,#1613));
#1603 = ORIENTED_EDGE('',*,*,#1604,.T.);
#1604 = EDGE_CURVE('',#1605,#1310,#1607,.T.);
#1605 = VERTEX_POINT('',#1606);
#1606 = CARTESIAN_POINT('',(0.,2.,40.));
#1607 = LINE('',#1608,#1609);
#1608 = CARTESIAN_POINT('',(0.,2.,40.));
#1609 = VECTOR('',#1610,1.);
#1610 = DIRECTION('',(-1.,-0.,-0.));
#1611 = ORIENTED_EDGE('',*,*,#1309,.T.);
#1612 = ORIENTED_EDGE('',*,*,#1604,.F.);
#1613 = ORIENTED_EDGE('',*,*,#1614,.F.);
#1614 = EDGE_CURVE('',#1605,#1605,#1615,.T.);
#1615 = CIRCLE('',#1616,2.);
#1616 = AXIS2_PLACEMENT_3D('',#1617,#1618,#1619);
#1617 = CARTESIAN_POINT('',(0.,0.,40.));
#1618 = DIRECTION('',(1.,0.,0.));
#1619 = DIRECTION('',(0.,1.,0.));
#1620 = CYLINDRICAL_SURFACE('',#1621,2.);
#1621 = AXIS2_PLACEMENT_3D('',#1622,#1623,#1624);
#1622 = CARTESIAN_POINT('',(0.,0.,40.));
#1623 = DIRECTION('',(1.,0.,0.));
#1624 = DIRECTION('',(0.,1.,0.));
#1625 = ADVANCED_FACE('',(#1626),#1645,.T.);
#1626 = FACE_BOUND('',#1627,.F.);
#1627 = EDGE_LOOP('',(#1628,#1629,#1630,#1638));
#1628 = ORIENTED_EDGE('',*,*,#1360,.T.);
#1629 = ORIENTED_EDGE('',*,*,#1578,.T.);
#1630 = ORIENTED_EDGE('',*,*,#1631,.F.);
#1631 = EDGE_CURVE('',#1632,#1568,#1634,.T.);
#1632 = VERTEX_POINT('',#1633);
#1633 = CARTESIAN_POINT('',(-20.,-25.,0.));
#1634 = LINE('',#1635,#1636);
#1635 = CARTESIAN_POINT('',(-20.,-25.,0.));
#1636 = VECTOR('',#1637,1.);
#1637 = DIRECTION('',(0.,0.,1.));
#1638 = ORIENTED_EDGE('',*,*,#1639,.F.);
#1639 = EDGE_CURVE('',#1353,#1632,#1640,.T.);
#1640 = CIRCLE('',#1641,10.);
#1641 = AXIS2_PLACEMENT_3D('',#1642,#1643,#1644);
#1642 = CARTESIAN_POINT('',(-20.,-15.,0.));
#1643 = DIRECTION('',(0.,0.,1.));
#1644 = DIRECTION('',(1.,0.,0.));
#1645 = CYLINDRICAL_SURFACE('',#1646,10.);
#1646 = AXIS2_PLACEMENT_3D('',#1647,#1648,#1649);
#1647 = CARTESIAN_POINT('',(-20.,-15.,0.));
#1648 = DIRECTION('',(-0.,-0.,-1.));
#1649 = DIRECTION('',(1.,0.,0.));
#1650 = ADVANCED_FACE('',(#1651,#1686,#1697),#1708,.F.);
#1651 = FACE_BOUND('',#1652,.F.);
#1652 = EDGE_LOOP('',(#1653,#1663,#1671,#1678,#1679,#1680));
#1653 = ORIENTED_EDGE('',*,*,#1654,.T.);
#1654 = EDGE_CURVE('',#1655,#1657,#1659,.T.);
#1655 = VERTEX_POINT('',#1656);
#1656 = CARTESIAN_POINT('',(0.,-25.,0.));
#1657 = VERTEX_POINT('',#1658);
#1658 = CARTESIAN_POINT('',(0.,25.,0.));
#1659 = LINE('',#1660,#1661);
#1660 = CARTESIAN_POINT('',(0.,0.,0.));
#1661 = VECTOR('',#1662,1.);
#1662 = DIRECTION('',(0.,1.,0.));
#1663 = ORIENTED_EDGE('',*,*,#1664,.T.);
#1664 = EDGE_CURVE('',#1657,#1665,#1667,.T.);
#1665 = VERTEX_POINT('',#1666);
#1666 = CARTESIAN_POINT('',(-20.,25.,0.));
#1667 = LINE('',#1668,#1669);
#1668 = CARTESIAN_POINT('',(0.,25.,0.));
#1669 = VECTOR('',#1670,1.);
#1670 = DIRECTION('',(-1.,0.,0.));
#1671 = ORIENTED_EDGE('',*,*,#1672,.T.);
#1672 = EDGE_CURVE('',#1665,#1345,#1673,.T.);
#1673 = CIRCLE('',#1674,10.);
#1674 = AXIS2_PLACEMENT_3D('',#1675,#1676,#1677);
#1675 = CARTESIAN_POINT('',(-20.,15.,0.));
#1676 = DIRECTION('',(0.,0.,1.));
#1677 = DIRECTION('',(1.,0.,0.));
#1678 = ORIENTED_EDGE('',*,*,#1352,.T.);
#1679 = ORIENTED_EDGE('',*,*,#1639,.T.);
#1680 = ORIENTED_EDGE('',*,*,#1681,.T.);
#1681 = EDGE_CURVE('',#1632,#1655,#1682,.T.);
#1682 = LINE('',#1683,#1684);
#1683 = CARTESIAN_POINT('',(-20.,-25.,0.));
#1684 = VECTOR('',#1685,1.);
#1685 = DIRECTION('',(1.,0.,0.));
#1686 = FACE_BOUND('',#1687,.T.);
#1687 = EDGE_LOOP('',(#1688));
#1688 = ORIENTED_EDGE('',*,*,#1689,.T.);
#1689 = EDGE_CURVE('',#1690,#1690,#1692,.T.);
#1690 = VERTEX_POINT('',#1691);
#1691 = CARTESIAN_POINT('',(-18.,15.,0.));
#1692 = CIRCLE('',#1693,2.);
#1693 = AXIS2_PLACEMENT_3D('',#1694,#1695,#1696);
#1694 = CARTESIAN_POINT('',(-20.,15.,0.));
#1695 = DIRECTION('',(0.,0.,1.));
#1696 = DIRECTION('',(1.,0.,0.));
#1697 = FACE_BOUND('',#1698,.T.);
#1698 = EDGE_LOOP('',(#1699));
#1699 = ORIENTED_EDGE('',*,*,#1700,.T.);
#1700 = EDGE_CURVE('',#1701,#1701,#1703,.T.);
#1701 = VERTEX_POINT('',#1702);
#1702 = CARTESIAN_POINT('',(-18.,-15.,0.));
#1703 = CIRCLE('',#1704,2.);
#1704 = AXIS2_PLACEMENT_3D('',#1705,#1706,#1707);
#1705 = CARTESIAN_POINT('',(-20.,-15.,0.));
#1706 = DIRECTION('',(0.,0.,1.));
#1707 = DIRECTION('',(1.,0.,0.));
#1708 = PLANE('',#1709);
#1709 = AXIS2_PLACEMENT_3D('',#1710,#1711,#1712);
#1710 = CARTESIAN_POINT('',(-14.72300071412,1.61E-15,0.));
#1711 = DIRECTION('',(0.,0.,1.));
#1712 = DIRECTION('',(1.,0.,0.));
#1713 = ADVANCED_FACE('',(#1714),#1725,.T.);
#1714 = FACE_BOUND('',#1715,.F.);
#1715 = EDGE_LOOP('',(#1716,#1722,#1723,#1724));
#1716 = ORIENTED_EDGE('',*,*,#1717,.T.);
#1717 = EDGE_CURVE('',#1665,#1385,#1718,.T.);
#1718 = LINE('',#1719,#1720);
#1719 = CARTESIAN_POINT('',(-20.,25.,0.));
#1720 = VECTOR('',#1721,1.);
#1721 = DIRECTION('',(0.,0.,1.));
#1722 = ORIENTED_EDGE('',*,*,#1392,.T.);
#1723 = ORIENTED_EDGE('',*,*,#1344,.F.);
#1724 = ORIENTED_EDGE('',*,*,#1672,.F.);
#1725 = CYLINDRICAL_SURFACE('',#1726,10.);
#1726 = AXIS2_PLACEMENT_3D('',#1727,#1728,#1729);
#1727 = CARTESIAN_POINT('',(-20.,15.,0.));
#1728 = DIRECTION('',(-0.,-0.,-1.));
#1729 = DIRECTION('',(1.,0.,0.));
#1730 = ADVANCED_FACE('',(#1731),#1743,.F.);
#1731 = FACE_BOUND('',#1732,.F.);
#1732 = EDGE_LOOP('',(#1733,#1739,#1740,#1741,#1742));
#1733 = ORIENTED_EDGE('',*,*,#1734,.T.);
#1734 = EDGE_CURVE('',#1657,#1545,#1735,.T.);
#1735 = LINE('',#1736,#1737);
#1736 = CARTESIAN_POINT('',(0.,25.,0.));
#1737 = VECTOR('',#1738,1.);
#1738 = DIRECTION('',(0.,0.,1.));
#1739 = ORIENTED_EDGE('',*,*,#1544,.T.);
#1740 = ORIENTED_EDGE('',*,*,#1384,.T.);
#1741 = ORIENTED_EDGE('',*,*,#1717,.F.);
#1742 = ORIENTED_EDGE('',*,*,#1664,.F.);
#1743 = PLANE('',#1744);
#1744 = AXIS2_PLACEMENT_3D('',#1745,#1746,#1747);
#1745 = CARTESIAN_POINT('',(0.,25.,0.));
#1746 = DIRECTION('',(0.,-1.,0.));
#1747 = DIRECTION('',(-1.,0.,0.));
#1748 = ADVANCED_FACE('',(#1749),#1760,.F.);
#1749 = FACE_BOUND('',#1750,.T.);
#1750 = EDGE_LOOP('',(#1751,#1757,#1758,#1759));
#1751 = ORIENTED_EDGE('',*,*,#1752,.T.);
#1752 = EDGE_CURVE('',#1690,#1403,#1753,.T.);
#1753 = LINE('',#1754,#1755);
#1754 = CARTESIAN_POINT('',(-18.,15.,0.));
#1755 = VECTOR('',#1756,1.);
#1756 = DIRECTION('',(0.,0.,1.));
#1757 = ORIENTED_EDGE('',*,*,#1402,.T.);
#1758 = ORIENTED_EDGE('',*,*,#1752,.F.);
#1759 = ORIENTED_EDGE('',*,*,#1689,.F.);
#1760 = CYLINDRICAL_SURFACE('',#1761,2.);
#1761 = AXIS2_PLACEMENT_3D('',#1762,#1763,#1764);
#1762 = CARTESIAN_POINT('',(-20.,15.,0.));
#1763 = DIRECTION('',(-0.,-0.,-1.));
#1764 = DIRECTION('',(1.,0.,0.));
#1765 = ADVANCED_FACE('',(#1766),#1778,.F.);
#1766 = FACE_BOUND('',#1767,.F.);
#1767 = EDGE_LOOP('',(#1768,#1769,#1770,#1771,#1777));
#1768 = ORIENTED_EDGE('',*,*,#1631,.T.);
#1769 = ORIENTED_EDGE('',*,*,#1567,.T.);
#1770 = ORIENTED_EDGE('',*,*,#1437,.T.);
#1771 = ORIENTED_EDGE('',*,*,#1772,.F.);
#1772 = EDGE_CURVE('',#1655,#1438,#1773,.T.);
#1773 = LINE('',#1774,#1775);
#1774 = CARTESIAN_POINT('',(0.,-25.,0.));
#1775 = VECTOR('',#1776,1.);
#1776 = DIRECTION('',(0.,0.,1.));
#1777 = ORIENTED_EDGE('',*,*,#1681,.F.);
#1778 = PLANE('',#1779);
#1779 = AXIS2_PLACEMENT_3D('',#1780,#1781,#1782);
#1780 = CARTESIAN_POINT('',(-20.,-25.,0.));
#1781 = DIRECTION('',(0.,1.,0.));
#1782 = DIRECTION('',(1.,0.,0.));
#1783 = ADVANCED_FACE('',(#1784,#1794),#1797,.T.);
#1784 = FACE_BOUND('',#1785,.T.);
#1785 = EDGE_LOOP('',(#1786,#1787,#1788,#1789,#1790,#1791,#1792,#1793));
#1786 = ORIENTED_EDGE('',*,*,#1734,.T.);
#1787 = ORIENTED_EDGE('',*,*,#1552,.F.);
#1788 = ORIENTED_EDGE('',*,*,#1528,.T.);
#1789 = ORIENTED_EDGE('',*,*,#1503,.T.);
#1790 = ORIENTED_EDGE('',*,*,#1479,.F.);
#1791 = ORIENTED_EDGE('',*,*,#1454,.F.);
#1792 = ORIENTED_EDGE('',*,*,#1772,.F.);
#1793 = ORIENTED_EDGE('',*,*,#1654,.T.);
#1794 = FACE_BOUND('',#1795,.T.);
#1795 = EDGE_LOOP('',(#1796));
#1796 = ORIENTED_EDGE('',*,*,#1614,.F.);
#1797 = PLANE('',#1798);
#1798 = AXIS2_PLACEMENT_3D('',#1799,#1800,#1801);
#1799 = CARTESIAN_POINT('',(0.,-6.4E-16,17.528354392361));
#1800 = DIRECTION('',(1.,0.,0.));
#1801 = DIRECTION('',(0.,0.,1.));
#1802 = ADVANCED_FACE('',(#1803),#1814,.F.);
#1803 = FACE_BOUND('',#1804,.T.);
#1804 = EDGE_LOOP('',(#1805,#1811,#1812,#1813));
#1805 = ORIENTED_EDGE('',*,*,#1806,.T.);
#1806 = EDGE_CURVE('',#1701,#1588,#1807,.T.);
#1807 = LINE('',#1808,#1809);
#1808 = CARTESIAN_POINT('',(-18.,-15.,0.));
#1809 = VECTOR('',#1810,1.);
#1810 = DIRECTION('',(0.,0.,1.));
#1811 = ORIENTED_EDGE('',*,*,#1587,.T.);
#1812 = ORIENTED_EDGE('',*,*,#1806,.F.);
#1813 = ORIENTED_EDGE('',*,*,#1700,.F.);
#1814 = CYLINDRICAL_SURFACE('',#1815,2.);
#1815 = AXIS2_PLACEMENT_3D('',#1816,#1817,#1818);
#1816 = CARTESIAN_POINT('',(-20.,-15.,0.));
#1817 = DIRECTION('',(-0.,-0.,-1.));
#1818 = DIRECTION('',(1.,0.,0.));
#1819 = ( GEOMETRIC_REPRESENTATION_CONTEXT(3) 
GLOBAL_UNCERTAINTY_ASSIGNED_CONTEXT((#1823)) 
GLOBAL_UNIT_ASSIGNED_CONTEXT((#1820,#1821,#1822)) REPRESENTATION_CONTEXT
('Context #1','3D Context with UNIT and UNCERTAINTY') );
#1820 = ( LENGTH_UNIT() NAMED_UNIT(*) SI_UNIT(.MILLI.,.METRE.) );
#1821 = ( NAMED_UNIT(*) PLANE_ANGLE_UNIT() SI_UNIT($,.RADIAN.) );
#1822 = ( NAMED_UNIT(*) SI_UNIT($,.STERADIAN.) SOLID_ANGLE_UNIT() );
#1823 = UNCERTAINTY_MEASURE_WITH_UNIT(LENGTH_MEASURE(1.E-07),#1820,
  'distance_accuracy_value','confusion accuracy');
#1824 = CONTEXT_DEPENDENT_SHAPE_REPRESENTATION(#1825,#1827);
#1825 = ( REPRESENTATION_RELATIONSHIP('','',#1130,#10) 
REPRESENTATION_RELATIONSHIP_WITH_TRANSFORMATION(#1826) 
SHAPE_REPRESENTATION_RELATIONSHIP() );
#1826 = ITEM_DEFINED_TRANSFORMATION('','',#11,#19);
#1827 = PRODUCT_DEFINITION_SHAPE('Placement','Placement of an item',
  #1828);
#1828 = NEXT_ASSEMBLY_USAGE_OCCURRENCE('2','Body001','',#5,#1125,$);
#1829 = PRODUCT_RELATED_PRODUCT_CATEGORY('part',$,(#1127));
#1830 = CONTEXT_DEPENDENT_SHAPE_REPRESENTATION(#1831,#1833);
#1831 = ( REPRESENTATION_RELATIONSHIP('','',#1130,#10) 
REPRESENTATION_RELATIONSHIP_WITH_TRANSFORMATION(#1832) 
SHAPE_REPRESENTATION_RELATIONSHIP() );
#1832 = ITEM_DEFINED_TRANSFORMATION('','',#11,#23);
#1833 = PRODUCT_DEFINITION_SHAPE('Placement','Placement of an item',
  #1834);
#1834 = NEXT_ASSEMBLY_USAGE_OCCURRENCE('3','Body002','',#5,#1125,$);
#1835 = SHAPE_DEFINITION_REPRESENTATION(#1836,#1842);
#1836 = PRODUCT_DEFINITION_SHAPE('','',#1837);
#1837 = PRODUCT_DEFINITION('design','',#1838,#1841);
#1838 = PRODUCT_DEFINITION_FORMATION('','',#1839);
#1839 = PRODUCT('Body','Body','',(#1840));
#1840 = PRODUCT_CONTEXT('',#2,'mechanical');
#1841 = PRODUCT_DEFINITION_CONTEXT('part definition',#2,'design');
#1842 = ADVANCED_BREP_SHAPE_REPRESENTATION('',(#11,#1843),#4998);
#1843 = MANIFOLD_SOLID_BREP('',#1844);
#1844 = CLOSED_SHELL('',(#1845,#1903,#1941,#1973,#2006,#2030,#2122,#2147
    ,#2232,#2275,#2292,#2339,#2356,#2387,#2411,#2463,#2515,#2568,#2649,
    #2674,#2723,#2749,#2779,#2797,#2852,#2885,#2928,#2961,#2990,#3163,
    #3180,#3198,#3229,#3246,#3277,#3302,#3327,#3352,#3369,#3425,#3451,
    #3474,#3536,#3553,#3564,#3581,#3598,#3629,#3663,#3674,#3691,#3726,
    #3750,#3775,#3799,#3824,#3841,#3873,#3897,#3922,#3946,#3971,#3995,
    #4020,#4037,#4048,#4065,#4074,#4083,#4206,#4220,#4232,#4350,#4381,
    #4405,#4429,#4446,#4477,#4501,#4525,#4542,#4573,#4597,#4621,#4638,
    #4669,#4693,#4717,#4734,#4765,#4789,#4813,#4830,#4861,#4885,#4909,
    #4926,#4938,#4950,#4962,#4974,#4986));
#1845 = ADVANCED_FACE('',(#1846),#1898,.F.);
#1846 = FACE_BOUND('',#1847,.F.);
#1847 = EDGE_LOOP('',(#1848,#1858,#1866,#1874,#1883,#1891));
#1848 = ORIENTED_EDGE('',*,*,#1849,.F.);
#1849 = EDGE_CURVE('',#1850,#1852,#1854,.T.);
#1850 = VERTEX_POINT('',#1851);
#1851 = CARTESIAN_POINT('',(3.,0.,3.));
#1852 = VERTEX_POINT('',#1853);
#1853 = CARTESIAN_POINT('',(7.895313643851,0.,3.));
#1854 = LINE('',#1855,#1856);
#1855 = CARTESIAN_POINT('',(0.,-4.4E-16,3.));
#1856 = VECTOR('',#1857,1.);
#1857 = DIRECTION('',(1.,0.,0.));
#1858 = ORIENTED_EDGE('',*,*,#1859,.T.);
#1859 = EDGE_CURVE('',#1850,#1860,#1862,.T.);
#1860 = VERTEX_POINT('',#1861);
#1861 = CARTESIAN_POINT('',(3.,0.,27.));
#1862 = LINE('',#1863,#1864);
#1863 = CARTESIAN_POINT('',(3.,-4.4E-16,0.));
#1864 = VECTOR('',#1865,1.);
#1865 = DIRECTION('',(0.,0.,1.));
#1866 = ORIENTED_EDGE('',*,*,#1867,.T.);
#1867 = EDGE_CURVE('',#1860,#1868,#1870,.T.);
#1868 = VERTEX_POINT('',#1869);
#1869 = CARTESIAN_POINT('',(8.825324213551,0.,27.));
#1870 = LINE('',#1871,#1872);
#1871 = CARTESIAN_POINT('',(0.,-4.4E-16,27.));
#1872 = VECTOR('',#1873,1.);
#1873 = DIRECTION('',(1.,0.,0.));
#1874 = ORIENTED_EDGE('',*,*,#1875,.T.);
#1875 = EDGE_CURVE('',#1868,#1876,#1878,.T.);
#1876 = VERTEX_POINT('',#1877);
#1877 = CARTESIAN_POINT('',(5.,0.,18.));
#1878 = CIRCLE('',#1879,12.5);
#1879 = AXIS2_PLACEMENT_3D('',#1880,#1881,#1882);
#1880 = CARTESIAN_POINT('',(17.5,0.,18.));
#1881 = DIRECTION('',(0.,-1.,0.));
#1882 = DIRECTION('',(5.5E-16,0.,1.));
#1883 = ORIENTED_EDGE('',*,*,#1884,.T.);
#1884 = EDGE_CURVE('',#1876,#1885,#1887,.T.);
#1885 = VERTEX_POINT('',#1886);
#1886 = CARTESIAN_POINT('',(5.,-1.E-15,11.));
#1887 = LINE('',#1888,#1889);
#1888 = CARTESIAN_POINT('',(5.,0.,18.));
#1889 = VECTOR('',#1890,1.);
#1890 = DIRECTION('',(0.,-2.2E-16,-1.));
#1891 = ORIENTED_EDGE('',*,*,#1892,.T.);
#1892 = EDGE_CURVE('',#1885,#1852,#1893,.T.);
#1893 = CIRCLE('',#1894,12.5);
#1894 = AXIS2_PLACEMENT_3D('',#1895,#1896,#1897);
#1895 = CARTESIAN_POINT('',(17.5,0.,11.));
#1896 = DIRECTION('',(-0.,-1.,-0.));
#1897 = DIRECTION('',(-1.,0.,0.));
#1898 = PLANE('',#1899);
#1899 = AXIS2_PLACEMENT_3D('',#1900,#1901,#1902);
#1900 = CARTESIAN_POINT('',(0.,0.,0.));
#1901 = DIRECTION('',(0.,1.,0.));
#1902 = DIRECTION('',(1.,0.,0.));
#1903 = ADVANCED_FACE('',(#1904),#1936,.T.);
#1904 = FACE_BOUND('',#1905,.T.);
#1905 = EDGE_LOOP('',(#1906,#1916,#1928,#1929));
#1906 = ORIENTED_EDGE('',*,*,#1907,.T.);
#1907 = EDGE_CURVE('',#1908,#1910,#1912,.T.);
#1908 = VERTEX_POINT('',#1909);
#1909 = CARTESIAN_POINT('',(3.,3.,0.));
#1910 = VERTEX_POINT('',#1911);
#1911 = CARTESIAN_POINT('',(13.530016493872,3.,0.));
#1912 = LINE('',#1913,#1914);
#1913 = CARTESIAN_POINT('',(0.,3.,-4.4E-16));
#1914 = VECTOR('',#1915,1.);
#1915 = DIRECTION('',(1.,0.,0.));
#1916 = ORIENTED_EDGE('',*,*,#1917,.F.);
#1917 = EDGE_CURVE('',#1852,#1910,#1918,.T.);
#1918 = B_SPLINE_CURVE_WITH_KNOTS('',8,(#1919,#1920,#1921,#1922,#1923,
    #1924,#1925,#1926,#1927),.UNSPECIFIED.,.F.,.F.,(9,9),(
    21.724414850739,25.160295473709),.PIECEWISE_BEZIER_KNOTS.);
#1919 = CARTESIAN_POINT('',(7.895313643851,-4.4E-16,3.));
#1920 = CARTESIAN_POINT('',(8.423910639663,-3.84E-15,2.365373955803));
#1921 = CARTESIAN_POINT('',(9.000326808997,0.152934903697,1.770992688842
    ));
#1922 = CARTESIAN_POINT('',(9.621775798544,0.428752888269,1.218441208802
    ));
#1923 = CARTESIAN_POINT('',(10.298756440662,0.82129924721,0.735873252385
    ));
#1924 = CARTESIAN_POINT('',(11.038693953632,1.337921106277,
    0.324929351535));
#1925 = CARTESIAN_POINT('',(11.857233561307,1.943244129964,
    9.013362459095E-02));
#1926 = CARTESIAN_POINT('',(12.698448056942,2.513479678798,-4.06E-15));
#1927 = CARTESIAN_POINT('',(13.530016493872,3.,-4.4E-16));
#1928 = ORIENTED_EDGE('',*,*,#1849,.F.);
#1929 = ORIENTED_EDGE('',*,*,#1930,.F.);
#1930 = EDGE_CURVE('',#1908,#1850,#1931,.T.);
#1931 = CIRCLE('',#1932,3.);
#1932 = AXIS2_PLACEMENT_3D('',#1933,#1934,#1935);
#1933 = CARTESIAN_POINT('',(3.,3.,3.));
#1934 = DIRECTION('',(-1.,-9.E-17,0.));
#1935 = DIRECTION('',(9.E-17,-1.,0.));
#1936 = CYLINDRICAL_SURFACE('',#1937,3.);
#1937 = AXIS2_PLACEMENT_3D('',#1938,#1939,#1940);
#1938 = CARTESIAN_POINT('',(0.,3.,3.));
#1939 = DIRECTION('',(1.,0.,0.));
#1940 = DIRECTION('',(0.,-1.,0.));
#1941 = ADVANCED_FACE('',(#1942),#1968,.F.);
#1942 = FACE_BOUND('',#1943,.T.);
#1943 = EDGE_LOOP('',(#1944,#1952,#1953,#1961));
#1944 = ORIENTED_EDGE('',*,*,#1945,.F.);
#1945 = EDGE_CURVE('',#1885,#1946,#1948,.T.);
#1946 = VERTEX_POINT('',#1947);
#1947 = CARTESIAN_POINT('',(11.,6.,11.));
#1948 = LINE('',#1949,#1950);
#1949 = CARTESIAN_POINT('',(8.,3.,11.));
#1950 = VECTOR('',#1951,1.);
#1951 = DIRECTION('',(0.707106781187,0.707106781187,-1.6E-16));
#1952 = ORIENTED_EDGE('',*,*,#1892,.T.);
#1953 = ORIENTED_EDGE('',*,*,#1954,.T.);
#1954 = EDGE_CURVE('',#1852,#1955,#1957,.T.);
#1955 = VERTEX_POINT('',#1956);
#1956 = CARTESIAN_POINT('',(12.505563094802,6.,6.84));
#1957 = LINE('',#1958,#1959);
#1958 = CARTESIAN_POINT('',(12.505563094802,6.,6.84));
#1959 = VECTOR('',#1960,1.);
#1960 = DIRECTION('',(0.543323108288,0.707106781187,0.452548339959));
#1961 = ORIENTED_EDGE('',*,*,#1962,.F.);
#1962 = EDGE_CURVE('',#1946,#1955,#1963,.T.);
#1963 = CIRCLE('',#1964,6.5);
#1964 = AXIS2_PLACEMENT_3D('',#1965,#1966,#1967);
#1965 = CARTESIAN_POINT('',(17.5,6.,11.));
#1966 = DIRECTION('',(-0.,-1.,-0.));
#1967 = DIRECTION('',(-1.,0.,0.));
#1968 = CONICAL_SURFACE('',#1969,6.5,0.785398163397);
#1969 = AXIS2_PLACEMENT_3D('',#1970,#1971,#1972);
#1970 = CARTESIAN_POINT('',(17.5,6.,11.));
#1971 = DIRECTION('',(-0.,-1.,-0.));
#1972 = DIRECTION('',(-1.,0.,0.));
#1973 = ADVANCED_FACE('',(#1974),#2001,.T.);
#1974 = FACE_BOUND('',#1975,.F.);
#1975 = EDGE_LOOP('',(#1976,#1977,#1986,#1994));
#1976 = ORIENTED_EDGE('',*,*,#1859,.F.);
#1977 = ORIENTED_EDGE('',*,*,#1978,.F.);
#1978 = EDGE_CURVE('',#1979,#1850,#1981,.T.);
#1979 = VERTEX_POINT('',#1980);
#1980 = CARTESIAN_POINT('',(0.,3.,3.));
#1981 = CIRCLE('',#1982,3.);
#1982 = AXIS2_PLACEMENT_3D('',#1983,#1984,#1985);
#1983 = CARTESIAN_POINT('',(3.,3.,3.));
#1984 = DIRECTION('',(0.,0.,1.));
#1985 = DIRECTION('',(-1.,-1.5E-16,0.));
#1986 = ORIENTED_EDGE('',*,*,#1987,.T.);
#1987 = EDGE_CURVE('',#1979,#1988,#1990,.T.);
#1988 = VERTEX_POINT('',#1989);
#1989 = CARTESIAN_POINT('',(0.,3.,27.));
#1990 = LINE('',#1991,#1992);
#1991 = CARTESIAN_POINT('',(-4.4E-16,3.,0.));
#1992 = VECTOR('',#1993,1.);
#1993 = DIRECTION('',(0.,0.,1.));
#1994 = ORIENTED_EDGE('',*,*,#1995,.T.);
#1995 = EDGE_CURVE('',#1988,#1860,#1996,.T.);
#1996 = CIRCLE('',#1997,3.);
#1997 = AXIS2_PLACEMENT_3D('',#1998,#1999,#2000);
#1998 = CARTESIAN_POINT('',(3.,3.,27.));
#1999 = DIRECTION('',(0.,0.,1.));
#2000 = DIRECTION('',(-1.,-1.5E-16,0.));
#2001 = CYLINDRICAL_SURFACE('',#2002,3.);
#2002 = AXIS2_PLACEMENT_3D('',#2003,#2004,#2005);
#2003 = CARTESIAN_POINT('',(3.,3.,0.));
#2004 = DIRECTION('',(0.,0.,1.));
#2005 = DIRECTION('',(0.,-1.,0.));
#2006 = ADVANCED_FACE('',(#2007),#2025,.T.);
#2007 = FACE_BOUND('',#2008,.T.);
#2008 = EDGE_LOOP('',(#2009,#2017,#2018,#2019));
#2009 = ORIENTED_EDGE('',*,*,#2010,.F.);
#2010 = EDGE_CURVE('',#1876,#2011,#2013,.T.);
#2011 = VERTEX_POINT('',#2012);
#2012 = CARTESIAN_POINT('',(11.,6.,18.));
#2013 = LINE('',#2014,#2015);
#2014 = CARTESIAN_POINT('',(11.,6.,18.));
#2015 = VECTOR('',#2016,1.);
#2016 = DIRECTION('',(0.707106781187,0.707106781187,-2.7E-16));
#2017 = ORIENTED_EDGE('',*,*,#1884,.T.);
#2018 = ORIENTED_EDGE('',*,*,#1945,.T.);
#2019 = ORIENTED_EDGE('',*,*,#2020,.F.);
#2020 = EDGE_CURVE('',#2011,#1946,#2021,.T.);
#2021 = LINE('',#2022,#2023);
#2022 = CARTESIAN_POINT('',(11.,6.,18.));
#2023 = VECTOR('',#2024,1.);
#2024 = DIRECTION('',(0.,-2.2E-16,-1.));
#2025 = PLANE('',#2026);
#2026 = AXIS2_PLACEMENT_3D('',#2027,#2028,#2029);
#2027 = CARTESIAN_POINT('',(8.,3.,18.));
#2028 = DIRECTION('',(0.707106781187,-0.707106781187,0.));
#2029 = DIRECTION('',(-1.1E-16,-1.1E-16,-1.));
#2030 = ADVANCED_FACE('',(#2031),#2117,.T.);
#2031 = FACE_BOUND('',#2032,.F.);
#2032 = EDGE_LOOP('',(#2033,#2034,#2043,#2051,#2060,#2068,#2085,#2102));
#2033 = ORIENTED_EDGE('',*,*,#1867,.F.);
#2034 = ORIENTED_EDGE('',*,*,#2035,.F.);
#2035 = EDGE_CURVE('',#2036,#1860,#2038,.T.);
#2036 = VERTEX_POINT('',#2037);
#2037 = CARTESIAN_POINT('',(3.,3.,30.));
#2038 = CIRCLE('',#2039,3.);
#2039 = AXIS2_PLACEMENT_3D('',#2040,#2041,#2042);
#2040 = CARTESIAN_POINT('',(3.,3.,27.));
#2041 = DIRECTION('',(1.,9.E-17,0.));
#2042 = DIRECTION('',(9.E-17,-1.,0.));
#2043 = ORIENTED_EDGE('',*,*,#2044,.T.);
#2044 = EDGE_CURVE('',#2036,#2045,#2047,.T.);
#2045 = VERTEX_POINT('',#2046);
#2046 = CARTESIAN_POINT('',(57.,3.,30.));
#2047 = LINE('',#2048,#2049);
#2048 = CARTESIAN_POINT('',(0.,3.,30.));
#2049 = VECTOR('',#2050,1.);
#2050 = DIRECTION('',(1.,0.,0.));
#2051 = ORIENTED_EDGE('',*,*,#2052,.T.);
#2052 = EDGE_CURVE('',#2045,#2053,#2055,.T.);
#2053 = VERTEX_POINT('',#2054);
#2054 = CARTESIAN_POINT('',(57.,0.,27.));
#2055 = CIRCLE('',#2056,3.);
#2056 = AXIS2_PLACEMENT_3D('',#2057,#2058,#2059);
#2057 = CARTESIAN_POINT('',(57.,3.,27.));
#2058 = DIRECTION('',(1.,0.,0.));
#2059 = DIRECTION('',(0.,-1.,0.));
#2060 = ORIENTED_EDGE('',*,*,#2061,.F.);
#2061 = EDGE_CURVE('',#2062,#2053,#2064,.T.);
#2062 = VERTEX_POINT('',#2063);
#2063 = CARTESIAN_POINT('',(51.174675786449,0.,27.));
#2064 = LINE('',#2065,#2066);
#2065 = CARTESIAN_POINT('',(0.,-4.4E-16,27.));
#2066 = VECTOR('',#2067,1.);
#2067 = DIRECTION('',(1.,0.,0.));
#2068 = ORIENTED_EDGE('',*,*,#2069,.T.);
#2069 = EDGE_CURVE('',#2062,#2070,#2072,.T.);
#2070 = VERTEX_POINT('',#2071);
#2071 = CARTESIAN_POINT('',(42.718053712541,2.487201984215,
    29.955848134632));
#2072 = B_SPLINE_CURVE_WITH_KNOTS('',11,(#2073,#2074,#2075,#2076,#2077,
    #2078,#2079,#2080,#2081,#2082,#2083,#2084),.UNSPECIFIED.,.F.,.F.,(12
    ,12),(74.855243445565,79.840704272638),.PIECEWISE_BEZIER_KNOTS.);
#2073 = CARTESIAN_POINT('',(51.174675786449,-4.4E-16,27.));
#2074 = CARTESIAN_POINT('',(50.547135274004,-1.4686E-13,27.604856720913)
  );
#2075 = CARTESIAN_POINT('',(49.873265145553,0.134389355799,
    28.161676715035));
#2076 = CARTESIAN_POINT('',(49.156581643065,0.365295271389,
    28.665660230668));
#2077 = CARTESIAN_POINT('',(48.3947051753,0.694266153846,29.106968617534
    ));
#2078 = CARTESIAN_POINT('',(47.581613262564,1.063270285812,
    29.458772701918));
#2079 = CARTESIAN_POINT('',(46.733956077291,1.521787806326,
    29.716245844319));
#2080 = CARTESIAN_POINT('',(45.851277820093,1.874048482901,
    29.84212471859));
#2081 = CARTESIAN_POINT('',(44.975592775763,2.23465033916,
    29.907877866917));
#2082 = CARTESIAN_POINT('',(44.086560391856,2.390460782763,
    29.938875414459));
#2083 = CARTESIAN_POINT('',(43.235023125958,2.454372495772,
    29.95015268082));
#2084 = CARTESIAN_POINT('',(42.718053712541,2.487201984215,
    29.955848134632));
#2085 = ORIENTED_EDGE('',*,*,#2086,.T.);
#2086 = EDGE_CURVE('',#2070,#2087,#2089,.T.);
#2087 = VERTEX_POINT('',#2088);
#2088 = CARTESIAN_POINT('',(17.281946287461,2.487201984214,
    29.955848134632));
#2089 = B_SPLINE_CURVE_WITH_KNOTS('',11,(#2090,#2091,#2092,#2093,#2094,
    #2095,#2096,#2097,#2098,#2099,#2100,#2101),.UNSPECIFIED.,.F.,.F.,(12
    ,12),(79.840704272638,104.84070472069),.PIECEWISE_BEZIER_KNOTS.);
#2090 = CARTESIAN_POINT('',(42.718053712541,2.487201984215,
    29.955848134632));
#2091 = CARTESIAN_POINT('',(40.125668371401,2.651828134987,
    29.984408452896));
#2092 = CARTESIAN_POINT('',(37.877947826632,2.53724672705,
    29.955812566898));
#2093 = CARTESIAN_POINT('',(35.642223105265,2.516004582399,
    29.975959422405));
#2094 = CARTESIAN_POINT('',(33.414632709422,2.486053234627,
    29.940374163051));
#2095 = CARTESIAN_POINT('',(31.124719769782,2.496999459856,
    29.964066562465));
#2096 = CARTESIAN_POINT('',(28.875280230219,2.496999459853,
    29.964066562414));
#2097 = CARTESIAN_POINT('',(26.585367290575,2.486053234629,
    29.94037416309));
#2098 = CARTESIAN_POINT('',(24.357776894738,2.516004582398,
    29.975959422383));
#2099 = CARTESIAN_POINT('',(22.122052173364,2.537246727051,
    29.955812566907));
#2100 = CARTESIAN_POINT('',(19.874331628598,2.651828134984,
    29.984408452894));
#2101 = CARTESIAN_POINT('',(17.281946287461,2.487201984214,
    29.955848134632));
#2102 = ORIENTED_EDGE('',*,*,#2103,.T.);
#2103 = EDGE_CURVE('',#2087,#1868,#2104,.T.);
#2104 = B_SPLINE_CURVE_WITH_KNOTS('',11,(#2105,#2106,#2107,#2108,#2109,
    #2110,#2111,#2112,#2113,#2114,#2115,#2116),.UNSPECIFIED.,.F.,.F.,(12
    ,12),(104.84070472069,109.82616554776),.PIECEWISE_BEZIER_KNOTS.);
#2105 = CARTESIAN_POINT('',(17.281946287461,2.487201984215,
    29.955848134632));
#2106 = CARTESIAN_POINT('',(16.76497687405,2.454372495772,
    29.950152680819));
#2107 = CARTESIAN_POINT('',(15.913439608117,2.390460782764,
    29.938875414466));
#2108 = CARTESIAN_POINT('',(15.024407224291,2.234650339158,
    29.907877866898));
#2109 = CARTESIAN_POINT('',(14.148722179808,1.874048482901,
    29.842124718626));
#2110 = CARTESIAN_POINT('',(13.26604392285,1.521787806327,
    29.716245844266));
#2111 = CARTESIAN_POINT('',(12.418386737283,1.063270285811,
    29.458772701977));
#2112 = CARTESIAN_POINT('',(11.605294824825,0.694266153845,
    29.106968617484));
#2113 = CARTESIAN_POINT('',(10.843418356858,0.365295271391,
    28.665660230698));
#2114 = CARTESIAN_POINT('',(10.12673485448,0.134389355797,
    28.161676715023));
#2115 = CARTESIAN_POINT('',(9.452864725986,-2.489E-14,27.604856720914));
#2116 = CARTESIAN_POINT('',(8.825324213551,-4.4E-16,27.));
#2117 = CYLINDRICAL_SURFACE('',#2118,3.);
#2118 = AXIS2_PLACEMENT_3D('',#2119,#2120,#2121);
#2119 = CARTESIAN_POINT('',(0.,3.,27.));
#2120 = DIRECTION('',(1.,0.,0.));
#2121 = DIRECTION('',(0.,-1.,0.));
#2122 = ADVANCED_FACE('',(#2123),#2142,.F.);
#2123 = FACE_BOUND('',#2124,.T.);
#2124 = EDGE_LOOP('',(#2125,#2133,#2134,#2135));
#2125 = ORIENTED_EDGE('',*,*,#2126,.F.);
#2126 = EDGE_CURVE('',#1868,#2127,#2129,.T.);
#2127 = VERTEX_POINT('',#2128);
#2128 = CARTESIAN_POINT('',(12.989168591047,6.,22.68));
#2129 = LINE('',#2130,#2131);
#2130 = CARTESIAN_POINT('',(12.989168591047,6.,22.68));
#2131 = VECTOR('',#2132,1.);
#2132 = DIRECTION('',(0.490713765855,0.707106781187,-0.509116882454));
#2133 = ORIENTED_EDGE('',*,*,#1875,.T.);
#2134 = ORIENTED_EDGE('',*,*,#2010,.T.);
#2135 = ORIENTED_EDGE('',*,*,#2136,.F.);
#2136 = EDGE_CURVE('',#2127,#2011,#2137,.T.);
#2137 = CIRCLE('',#2138,6.5);
#2138 = AXIS2_PLACEMENT_3D('',#2139,#2140,#2141);
#2139 = CARTESIAN_POINT('',(17.5,6.,18.));
#2140 = DIRECTION('',(0.,-1.,0.));
#2141 = DIRECTION('',(5.5E-16,0.,1.));
#2142 = CONICAL_SURFACE('',#2143,6.5,0.785398163397);
#2143 = AXIS2_PLACEMENT_3D('',#2144,#2145,#2146);
#2144 = CARTESIAN_POINT('',(17.5,6.,18.));
#2145 = DIRECTION('',(-0.,-1.,-0.));
#2146 = DIRECTION('',(5.5E-16,0.,1.));
#2147 = ADVANCED_FACE('',(#2148),#2227,.F.);
#2148 = FACE_BOUND('',#2149,.F.);
#2149 = EDGE_LOOP('',(#2150,#2151,#2165,#2183,#2197,#2205,#2213,#2221));
#2150 = ORIENTED_EDGE('',*,*,#1907,.T.);
#2151 = ORIENTED_EDGE('',*,*,#2152,.T.);
#2152 = EDGE_CURVE('',#1910,#2153,#2155,.T.);
#2153 = VERTEX_POINT('',#2154);
#2154 = CARTESIAN_POINT('',(17.299274118876,3.963547542372,0.));
#2155 = B_SPLINE_CURVE_WITH_KNOTS('',8,(#2156,#2157,#2158,#2159,#2160,
    #2161,#2162,#2163,#2164),.UNSPECIFIED.,.F.,.F.,(9,9),(
    25.160295473709,27.420351701966),.PIECEWISE_BEZIER_KNOTS.);
#2156 = CARTESIAN_POINT('',(13.530016493872,3.,0.));
#2157 = CARTESIAN_POINT('',(14.077006227026,3.320023715246,0.));
#2158 = CARTESIAN_POINT('',(14.605687882033,3.531850513842,0.));
#2159 = CARTESIAN_POINT('',(15.119484021005,3.692343287415,0.));
#2160 = CARTESIAN_POINT('',(15.619871332145,3.801742493945,0.));
#2161 = CARTESIAN_POINT('',(16.104207432437,3.879984281364,0.));
#2162 = CARTESIAN_POINT('',(16.564949021793,3.922847854116,0.));
#2163 = CARTESIAN_POINT('',(16.979912826973,3.947374133065,0.));
#2164 = CARTESIAN_POINT('',(17.299274118876,3.963547542372,0.));
#2165 = ORIENTED_EDGE('',*,*,#2166,.T.);
#2166 = EDGE_CURVE('',#2153,#2167,#2169,.T.);
#2167 = VERTEX_POINT('',#2168);
#2168 = CARTESIAN_POINT('',(42.700725881124,3.963547542372,0.));
#2169 = B_SPLINE_CURVE_WITH_KNOTS('',12,(#2170,#2171,#2172,#2173,#2174,
    #2175,#2176,#2177,#2178,#2179,#2180,#2181,#2182),.UNSPECIFIED.,.F.,
  .F.,(13,13),(27.420351701966,52.420352794703),
  .PIECEWISE_BEZIER_KNOTS.);
#2170 = CARTESIAN_POINT('',(17.299274118876,3.963547542372,0.));
#2171 = CARTESIAN_POINT('',(19.654387396366,4.082817510178,0.));
#2172 = CARTESIAN_POINT('',(21.736056600974,4.008568056929,0.));
#2173 = CARTESIAN_POINT('',(23.801087684867,4.009415745523,0.));
#2174 = CARTESIAN_POINT('',(25.836014855538,3.940635002922,0.));
#2175 = CARTESIAN_POINT('',(27.924722900218,4.005691581413,0.));
#2176 = CARTESIAN_POINT('',(29.999999999892,3.928855871351,0.));
#2177 = CARTESIAN_POINT('',(32.075277099976,4.005691581412,0.));
#2178 = CARTESIAN_POINT('',(34.163985144326,3.940635002923,0.));
#2179 = CARTESIAN_POINT('',(36.198912315208,4.009415745522,0.));
#2180 = CARTESIAN_POINT('',(38.263943398999,4.00856805693,0.));
#2181 = CARTESIAN_POINT('',(40.345612603643,4.082817510177,0.));
#2182 = CARTESIAN_POINT('',(42.700725881124,3.963547542372,0.));
#2183 = ORIENTED_EDGE('',*,*,#2184,.T.);
#2184 = EDGE_CURVE('',#2167,#2185,#2187,.T.);
#2185 = VERTEX_POINT('',#2186);
#2186 = CARTESIAN_POINT('',(46.469983506128,3.,0.));
#2187 = B_SPLINE_CURVE_WITH_KNOTS('',8,(#2188,#2189,#2190,#2191,#2192,
    #2193,#2194,#2195,#2196),.UNSPECIFIED.,.F.,.F.,(9,9),(
    52.420352794703,54.680409022961),.PIECEWISE_BEZIER_KNOTS.);
#2188 = CARTESIAN_POINT('',(42.700725881124,3.963547542372,0.));
#2189 = CARTESIAN_POINT('',(43.020087173027,3.947374133065,0.));
#2190 = CARTESIAN_POINT('',(43.435050978207,3.922847854116,0.));
#2191 = CARTESIAN_POINT('',(43.895792567563,3.879984281364,0.));
#2192 = CARTESIAN_POINT('',(44.380128667854,3.801742493945,0.));
#2193 = CARTESIAN_POINT('',(44.880515978994,3.692343287416,0.));
#2194 = CARTESIAN_POINT('',(45.394312117966,3.531850513842,0.));
#2195 = CARTESIAN_POINT('',(45.922993772974,3.320023715246,0.));
#2196 = CARTESIAN_POINT('',(46.469983506128,3.,0.));
#2197 = ORIENTED_EDGE('',*,*,#2198,.T.);
#2198 = EDGE_CURVE('',#2185,#2199,#2201,.T.);
#2199 = VERTEX_POINT('',#2200);
#2200 = CARTESIAN_POINT('',(57.,3.,0.));
#2201 = LINE('',#2202,#2203);
#2202 = CARTESIAN_POINT('',(0.,3.,-4.4E-16));
#2203 = VECTOR('',#2204,1.);
#2204 = DIRECTION('',(1.,0.,0.));
#2205 = ORIENTED_EDGE('',*,*,#2206,.T.);
#2206 = EDGE_CURVE('',#2199,#2207,#2209,.T.);
#2207 = VERTEX_POINT('',#2208);
#2208 = CARTESIAN_POINT('',(57.,37.,0.));
#2209 = LINE('',#2210,#2211);
#2210 = CARTESIAN_POINT('',(57.,0.,-4.4E-16));
#2211 = VECTOR('',#2212,1.);
#2212 = DIRECTION('',(0.,1.,0.));
#2213 = ORIENTED_EDGE('',*,*,#2214,.T.);
#2214 = EDGE_CURVE('',#2207,#2215,#2217,.T.);
#2215 = VERTEX_POINT('',#2216);
#2216 = CARTESIAN_POINT('',(3.,37.,0.));
#2217 = LINE('',#2218,#2219);
#2218 = CARTESIAN_POINT('',(60.,37.,-4.4E-16));
#2219 = VECTOR('',#2220,1.);
#2220 = DIRECTION('',(-1.,0.,0.));
#2221 = ORIENTED_EDGE('',*,*,#2222,.T.);
#2222 = EDGE_CURVE('',#2215,#1908,#2223,.T.);
#2223 = LINE('',#2224,#2225);
#2224 = CARTESIAN_POINT('',(3.,40.,-4.4E-16));
#2225 = VECTOR('',#2226,1.);
#2226 = DIRECTION('',(0.,-1.,0.));
#2227 = PLANE('',#2228);
#2228 = AXIS2_PLACEMENT_3D('',#2229,#2230,#2231);
#2229 = CARTESIAN_POINT('',(30.,20.,0.));
#2230 = DIRECTION('',(0.,0.,1.));
#2231 = DIRECTION('',(1.,0.,0.));
#2232 = ADVANCED_FACE('',(#2233),#2256,.F.);
#2233 = FACE_BOUND('',#2234,.F.);
#2234 = EDGE_LOOP('',(#2235,#2236,#2250,#2255));
#2235 = ORIENTED_EDGE('',*,*,#1954,.T.);
#2236 = ORIENTED_EDGE('',*,*,#2237,.T.);
#2237 = EDGE_CURVE('',#1955,#2238,#2240,.T.);
#2238 = VERTEX_POINT('',#2239);
#2239 = CARTESIAN_POINT('',(15.284645737398,5.999999769988,
    4.889173092684));
#2240 = B_SPLINE_CURVE_WITH_KNOTS('',8,(#2241,#2242,#2243,#2244,#2245,
    #2246,#2247,#2248,#2249),.UNSPECIFIED.,.F.,.F.,(9,9),(
    21.724414850739,25.160295473709),.PIECEWISE_BEZIER_KNOTS.);
#2241 = CARTESIAN_POINT('',(12.505563094802,6.,6.84));
#2242 = CARTESIAN_POINT('',(12.780433532625,6.,6.509994457017));
#2243 = CARTESIAN_POINT('',(13.080223166984,5.999999997085,
    6.200746309757));
#2244 = CARTESIAN_POINT('',(13.403109442076,6.000000014838,
    5.914443681836));
#2245 = CARTESIAN_POINT('',(13.747012145937,5.999999960584,
    5.653116544381));
#2246 = CARTESIAN_POINT('',(14.109695417999,6.000000072652,
    5.418476474128));
#2247 = CARTESIAN_POINT('',(14.488721673096,5.99999989097,5.212156689691
    ));
#2248 = CARTESIAN_POINT('',(14.88122367347,6.000000153622,5.03542544159)
  );
#2249 = CARTESIAN_POINT('',(15.284645737398,5.999999769988,
    4.889173092684));
#2250 = ORIENTED_EDGE('',*,*,#2251,.F.);
#2251 = EDGE_CURVE('',#1910,#2238,#2252,.T.);
#2252 = B_SPLINE_CURVE_WITH_KNOTS('',1,(#2253,#2254),.UNSPECIFIED.,.F.,
  .F.,(2,2),(0.,3.43588062297),.PIECEWISE_BEZIER_KNOTS.);
#2253 = CARTESIAN_POINT('',(13.530016493872,3.,-4.4E-16));
#2254 = CARTESIAN_POINT('',(15.284645737398,5.999999769988,
    4.889173092684));
#2255 = ORIENTED_EDGE('',*,*,#1917,.F.);
#2256 = B_SPLINE_SURFACE_WITH_KNOTS('',1,8,(
    (#2257,#2258,#2259,#2260,#2261,#2262,#2263,#2264,#2265)
    ,(#2266,#2267,#2268,#2269,#2270,#2271,#2272,#2273,#2274
  )),.UNSPECIFIED.,.F.,.F.,.F.,(2,2),(9,9),(0.,3.43588062297),(
    21.724414850739,25.160295473709),.PIECEWISE_BEZIER_KNOTS.);
#2257 = CARTESIAN_POINT('',(7.895313643851,-4.4E-16,3.));
#2258 = CARTESIAN_POINT('',(8.423910639663,-3.84E-15,2.365373955803));
#2259 = CARTESIAN_POINT('',(9.000326808997,0.152934903697,1.770992688842
    ));
#2260 = CARTESIAN_POINT('',(9.621775798544,0.428752888269,1.218441208802
    ));
#2261 = CARTESIAN_POINT('',(10.298756440662,0.82129924721,0.735873252385
    ));
#2262 = CARTESIAN_POINT('',(11.038693953632,1.337921106277,
    0.324929351535));
#2263 = CARTESIAN_POINT('',(11.857233561307,1.943244129964,
    9.013362459095E-02));
#2264 = CARTESIAN_POINT('',(12.698448056942,2.513479678798,-4.06E-15));
#2265 = CARTESIAN_POINT('',(13.530016493872,3.,-4.4E-16));
#2266 = CARTESIAN_POINT('',(12.505563094802,6.,6.84));
#2267 = CARTESIAN_POINT('',(12.780433532625,6.,6.509994457017));
#2268 = CARTESIAN_POINT('',(13.080223166984,5.999999997085,
    6.200746309757));
#2269 = CARTESIAN_POINT('',(13.403109442076,6.000000014838,
    5.914443681836));
#2270 = CARTESIAN_POINT('',(13.747012145937,5.999999960584,
    5.653116544381));
#2271 = CARTESIAN_POINT('',(14.109695417999,6.000000072652,
    5.418476474128));
#2272 = CARTESIAN_POINT('',(14.488721673096,5.99999989097,5.212156689691
    ));
#2273 = CARTESIAN_POINT('',(14.88122367347,6.000000153622,5.03542544159)
  );
#2274 = CARTESIAN_POINT('',(15.284645737398,5.999999769988,
    4.889173092684));
#2275 = ADVANCED_FACE('',(#2276),#2287,.T.);
#2276 = FACE_BOUND('',#2277,.T.);
#2277 = EDGE_LOOP('',(#2278,#2285,#2286));
#2278 = ORIENTED_EDGE('',*,*,#2279,.F.);
#2279 = EDGE_CURVE('',#1908,#1979,#2280,.T.);
#2280 = CIRCLE('',#2281,3.);
#2281 = AXIS2_PLACEMENT_3D('',#2282,#2283,#2284);
#2282 = CARTESIAN_POINT('',(3.,3.,3.));
#2283 = DIRECTION('',(-1.5E-16,1.,0.));
#2284 = DIRECTION('',(-1.,-1.5E-16,0.));
#2285 = ORIENTED_EDGE('',*,*,#1930,.T.);
#2286 = ORIENTED_EDGE('',*,*,#1978,.F.);
#2287 = SPHERICAL_SURFACE('',#2288,3.);
#2288 = AXIS2_PLACEMENT_3D('',#2289,#2290,#2291);
#2289 = CARTESIAN_POINT('',(3.,3.,3.));
#2290 = DIRECTION('',(0.,0.,1.));
#2291 = DIRECTION('',(-1.,-1.5E-16,0.));
#2292 = ADVANCED_FACE('',(#2293),#2334,.F.);
#2293 = FACE_BOUND('',#2294,.F.);
#2294 = EDGE_LOOP('',(#2295,#2303,#2312,#2320,#2332,#2333));
#2295 = ORIENTED_EDGE('',*,*,#2296,.T.);
#2296 = EDGE_CURVE('',#1946,#2297,#2299,.T.);
#2297 = VERTEX_POINT('',#2298);
#2298 = CARTESIAN_POINT('',(11.,15.,11.));
#2299 = LINE('',#2300,#2301);
#2300 = CARTESIAN_POINT('',(11.,2.44E-15,11.));
#2301 = VECTOR('',#2302,1.);
#2302 = DIRECTION('',(0.,1.,-2.2E-16));
#2303 = ORIENTED_EDGE('',*,*,#2304,.T.);
#2304 = EDGE_CURVE('',#2297,#2305,#2307,.T.);
#2305 = VERTEX_POINT('',#2306);
#2306 = CARTESIAN_POINT('',(17.5,15.,4.5));
#2307 = CIRCLE('',#2308,6.5);
#2308 = AXIS2_PLACEMENT_3D('',#2309,#2310,#2311);
#2309 = CARTESIAN_POINT('',(17.5,15.,11.));
#2310 = DIRECTION('',(0.,-1.,0.));
#2311 = DIRECTION('',(1.,0.,0.));
#2312 = ORIENTED_EDGE('',*,*,#2313,.F.);
#2313 = EDGE_CURVE('',#2314,#2305,#2316,.T.);
#2314 = VERTEX_POINT('',#2315);
#2315 = CARTESIAN_POINT('',(17.5,6.,4.5));
#2316 = LINE('',#2317,#2318);
#2317 = CARTESIAN_POINT('',(17.5,1.E-15,4.5));
#2318 = VECTOR('',#2319,1.);
#2319 = DIRECTION('',(0.,1.,-2.2E-16));
#2320 = ORIENTED_EDGE('',*,*,#2321,.F.);
#2321 = EDGE_CURVE('',#2238,#2314,#2322,.T.);
#2322 = B_SPLINE_CURVE_WITH_KNOTS('',8,(#2323,#2324,#2325,#2326,#2327,
    #2328,#2329,#2330,#2331),.UNSPECIFIED.,.F.,.F.,(9,9),(
    25.160295473709,27.420351701966),.PIECEWISE_BEZIER_KNOTS.);
#2323 = CARTESIAN_POINT('',(15.284645737398,5.999999769988,
    4.889173092684));
#2324 = CARTESIAN_POINT('',(15.550009016349,5.999999517641,
    4.792971108881));
#2325 = CARTESIAN_POINT('',(15.820105341328,5.999998438135,
    4.709959844423));
#2326 = CARTESIAN_POINT('',(16.094133693556,6.000000409039,
    4.640373457748));
#2327 = CARTESIAN_POINT('',(16.371658128161,5.99998963665,4.584478484909
    ));
#2328 = CARTESIAN_POINT('',(16.651464267279,6.000000816752,
    4.542245163936));
#2329 = CARTESIAN_POINT('',(16.934126712388,5.999970559767,
    4.514083468173));
#2330 = CARTESIAN_POINT('',(17.216930843076,6.,4.5));
#2331 = CARTESIAN_POINT('',(17.5,6.,4.5));
#2332 = ORIENTED_EDGE('',*,*,#2237,.F.);
#2333 = ORIENTED_EDGE('',*,*,#1962,.F.);
#2334 = CYLINDRICAL_SURFACE('',#2335,6.5);
#2335 = AXIS2_PLACEMENT_3D('',#2336,#2337,#2338);
#2336 = CARTESIAN_POINT('',(17.5,2.44E-15,11.));
#2337 = DIRECTION('',(0.,-1.,2.2E-16));
#2338 = DIRECTION('',(1.,0.,0.));
#2339 = ADVANCED_FACE('',(#2340),#2351,.T.);
#2340 = FACE_BOUND('',#2341,.F.);
#2341 = EDGE_LOOP('',(#2342,#2349,#2350));
#2342 = ORIENTED_EDGE('',*,*,#2343,.F.);
#2343 = EDGE_CURVE('',#2036,#1988,#2344,.T.);
#2344 = CIRCLE('',#2345,3.);
#2345 = AXIS2_PLACEMENT_3D('',#2346,#2347,#2348);
#2346 = CARTESIAN_POINT('',(3.,3.,27.));
#2347 = DIRECTION('',(1.5E-16,-1.,0.));
#2348 = DIRECTION('',(-1.,-1.5E-16,0.));
#2349 = ORIENTED_EDGE('',*,*,#2035,.T.);
#2350 = ORIENTED_EDGE('',*,*,#1995,.F.);
#2351 = SPHERICAL_SURFACE('',#2352,3.);
#2352 = AXIS2_PLACEMENT_3D('',#2353,#2354,#2355);
#2353 = CARTESIAN_POINT('',(3.,3.,27.));
#2354 = DIRECTION('',(-0.,-0.,-1.));
#2355 = DIRECTION('',(-1.,-1.5E-16,0.));
#2356 = ADVANCED_FACE('',(#2357),#2382,.F.);
#2357 = FACE_BOUND('',#2358,.F.);
#2358 = EDGE_LOOP('',(#2359,#2369,#2375,#2376));
#2359 = ORIENTED_EDGE('',*,*,#2360,.T.);
#2360 = EDGE_CURVE('',#2361,#2363,#2365,.T.);
#2361 = VERTEX_POINT('',#2362);
#2362 = CARTESIAN_POINT('',(0.,37.,3.));
#2363 = VERTEX_POINT('',#2364);
#2364 = CARTESIAN_POINT('',(0.,37.,27.));
#2365 = LINE('',#2366,#2367);
#2366 = CARTESIAN_POINT('',(-4.4E-16,37.,0.));
#2367 = VECTOR('',#2368,1.);
#2368 = DIRECTION('',(0.,0.,1.));
#2369 = ORIENTED_EDGE('',*,*,#2370,.T.);
#2370 = EDGE_CURVE('',#2363,#1988,#2371,.T.);
#2371 = LINE('',#2372,#2373);
#2372 = CARTESIAN_POINT('',(-4.4E-16,40.,27.));
#2373 = VECTOR('',#2374,1.);
#2374 = DIRECTION('',(0.,-1.,0.));
#2375 = ORIENTED_EDGE('',*,*,#1987,.F.);
#2376 = ORIENTED_EDGE('',*,*,#2377,.F.);
#2377 = EDGE_CURVE('',#2361,#1979,#2378,.T.);
#2378 = LINE('',#2379,#2380);
#2379 = CARTESIAN_POINT('',(-4.4E-16,40.,3.));
#2380 = VECTOR('',#2381,1.);
#2381 = DIRECTION('',(0.,-1.,0.));
#2382 = PLANE('',#2383);
#2383 = AXIS2_PLACEMENT_3D('',#2384,#2385,#2386);
#2384 = CARTESIAN_POINT('',(0.,40.,0.));
#2385 = DIRECTION('',(1.,0.,0.));
#2386 = DIRECTION('',(0.,-1.,0.));
#2387 = ADVANCED_FACE('',(#2388),#2406,.F.);
#2388 = FACE_BOUND('',#2389,.F.);
#2389 = EDGE_LOOP('',(#2390,#2398,#2404,#2405));
#2390 = ORIENTED_EDGE('',*,*,#2391,.T.);
#2391 = EDGE_CURVE('',#2011,#2392,#2394,.T.);
#2392 = VERTEX_POINT('',#2393);
#2393 = CARTESIAN_POINT('',(11.,15.,18.));
#2394 = LINE('',#2395,#2396);
#2395 = CARTESIAN_POINT('',(11.,4.E-15,18.));
#2396 = VECTOR('',#2397,1.);
#2397 = DIRECTION('',(0.,1.,-2.2E-16));
#2398 = ORIENTED_EDGE('',*,*,#2399,.T.);
#2399 = EDGE_CURVE('',#2392,#2297,#2400,.T.);
#2400 = LINE('',#2401,#2402);
#2401 = CARTESIAN_POINT('',(11.,15.,18.));
#2402 = VECTOR('',#2403,1.);
#2403 = DIRECTION('',(0.,0.,-1.));
#2404 = ORIENTED_EDGE('',*,*,#2296,.F.);
#2405 = ORIENTED_EDGE('',*,*,#2020,.F.);
#2406 = PLANE('',#2407);
#2407 = AXIS2_PLACEMENT_3D('',#2408,#2409,#2410);
#2408 = CARTESIAN_POINT('',(11.,4.E-15,18.));
#2409 = DIRECTION('',(-1.,0.,0.));
#2410 = DIRECTION('',(-0.,-2.2E-16,-1.));
#2411 = ADVANCED_FACE('',(#2412),#2438,.F.);
#2412 = FACE_BOUND('',#2413,.F.);
#2413 = EDGE_LOOP('',(#2414,#2421,#2436,#2437));
#2414 = ORIENTED_EDGE('',*,*,#2415,.T.);
#2415 = EDGE_CURVE('',#2087,#2416,#2418,.T.);
#2416 = VERTEX_POINT('',#2417);
#2417 = CARTESIAN_POINT('',(17.5,6.,24.5));
#2418 = B_SPLINE_CURVE_WITH_KNOTS('',1,(#2419,#2420),.UNSPECIFIED.,.F.,
  .F.,(2,2),(0.,25.000000448054),.PIECEWISE_BEZIER_KNOTS.);
#2419 = CARTESIAN_POINT('',(17.281946287461,2.487201984214,
    29.955848134632));
#2420 = CARTESIAN_POINT('',(17.5,6.,24.5));
#2421 = ORIENTED_EDGE('',*,*,#2422,.T.);
#2422 = EDGE_CURVE('',#2416,#2127,#2423,.T.);
#2423 = B_SPLINE_CURVE_WITH_KNOTS('',11,(#2424,#2425,#2426,#2427,#2428,
    #2429,#2430,#2431,#2432,#2433,#2434,#2435),.UNSPECIFIED.,.F.,.F.,(12
    ,12),(104.84070472069,109.82616554776),.PIECEWISE_BEZIER_KNOTS.);
#2424 = CARTESIAN_POINT('',(17.5,6.,24.5));
#2425 = CARTESIAN_POINT('',(17.046052303147,6.,24.500000000001));
#2426 = CARTESIAN_POINT('',(16.592726210004,5.999944393507,
    24.465157702009));
#2427 = CARTESIAN_POINT('',(16.139596092207,6.00010638502,
    24.395320775894));
#2428 = CARTESIAN_POINT('',(15.702170127147,5.999865850959,
    24.291195147769));
#2429 = CARTESIAN_POINT('',(15.260728076666,6.000125848142,
    24.154379571125));
#2430 = CARTESIAN_POINT('',(14.841529709139,5.999912678194,
    23.982391215827));
#2431 = CARTESIAN_POINT('',(14.429605792088,6.000042918772,
    23.780134972346));
#2432 = CARTESIAN_POINT('',(14.038638907243,5.999986358189,
    23.54636164979));
#2433 = CARTESIAN_POINT('',(13.665892134171,6.00000219485,
    23.284034393578));
#2434 = CARTESIAN_POINT('',(13.315489657514,6.,22.994525494877));
#2435 = CARTESIAN_POINT('',(12.989168591046,6.,22.679999999999));
#2436 = ORIENTED_EDGE('',*,*,#2126,.F.);
#2437 = ORIENTED_EDGE('',*,*,#2103,.F.);
#2438 = B_SPLINE_SURFACE_WITH_KNOTS('',1,11,(
    (#2439,#2440,#2441,#2442,#2443,#2444,#2445,#2446,#2447,#2448,#2449
      ,#2450)
    ,(#2451,#2452,#2453,#2454,#2455,#2456,#2457,#2458,#2459,#2460,#2461
      ,#2462
    )),.UNSPECIFIED.,.F.,.F.,.F.,(2,2),(12,12),(0.,4.985460827074),(
    104.84070472069,109.82616554776),.PIECEWISE_BEZIER_KNOTS.);
#2439 = CARTESIAN_POINT('',(17.281946287461,2.487201984215,
    29.955848134632));
#2440 = CARTESIAN_POINT('',(16.76497687405,2.454372495772,
    29.950152680819));
#2441 = CARTESIAN_POINT('',(15.913439608117,2.390460782764,
    29.938875414466));
#2442 = CARTESIAN_POINT('',(15.024407224291,2.234650339158,
    29.907877866898));
#2443 = CARTESIAN_POINT('',(14.148722179808,1.874048482901,
    29.842124718626));
#2444 = CARTESIAN_POINT('',(13.26604392285,1.521787806327,
    29.716245844266));
#2445 = CARTESIAN_POINT('',(12.418386737283,1.063270285811,
    29.458772701977));
#2446 = CARTESIAN_POINT('',(11.605294824825,0.694266153845,
    29.106968617484));
#2447 = CARTESIAN_POINT('',(10.843418356858,0.365295271391,
    28.665660230698));
#2448 = CARTESIAN_POINT('',(10.12673485448,0.134389355797,
    28.161676715023));
#2449 = CARTESIAN_POINT('',(9.452864725986,-2.489E-14,27.604856720914));
#2450 = CARTESIAN_POINT('',(8.825324213551,-4.4E-16,27.));
#2451 = CARTESIAN_POINT('',(17.5,6.,24.5));
#2452 = CARTESIAN_POINT('',(17.046052303147,6.,24.500000000001));
#2453 = CARTESIAN_POINT('',(16.592726210004,5.999944393507,
    24.465157702009));
#2454 = CARTESIAN_POINT('',(16.139596092207,6.00010638502,
    24.395320775894));
#2455 = CARTESIAN_POINT('',(15.702170127147,5.999865850959,
    24.291195147769));
#2456 = CARTESIAN_POINT('',(15.260728076666,6.000125848142,
    24.154379571125));
#2457 = CARTESIAN_POINT('',(14.841529709139,5.999912678194,
    23.982391215827));
#2458 = CARTESIAN_POINT('',(14.429605792088,6.000042918772,
    23.780134972346));
#2459 = CARTESIAN_POINT('',(14.038638907243,5.999986358189,
    23.54636164979));
#2460 = CARTESIAN_POINT('',(13.665892134171,6.00000219485,
    23.284034393578));
#2461 = CARTESIAN_POINT('',(13.315489657514,6.,22.994525494877));
#2462 = CARTESIAN_POINT('',(12.989168591046,6.,22.679999999999));
#2463 = ADVANCED_FACE('',(#2464),#2490,.T.);
#2464 = FACE_BOUND('',#2465,.T.);
#2465 = EDGE_LOOP('',(#2466,#2473,#2474,#2475));
#2466 = ORIENTED_EDGE('',*,*,#2467,.F.);
#2467 = EDGE_CURVE('',#2070,#2468,#2470,.T.);
#2468 = VERTEX_POINT('',#2469);
#2469 = CARTESIAN_POINT('',(42.5,6.,24.5));
#2470 = B_SPLINE_CURVE_WITH_KNOTS('',1,(#2471,#2472),.UNSPECIFIED.,.F.,
  .F.,(2,2),(0.,4.985460827073),.PIECEWISE_BEZIER_KNOTS.);
#2471 = CARTESIAN_POINT('',(42.718053712541,2.487201984215,
    29.955848134632));
#2472 = CARTESIAN_POINT('',(42.5,6.,24.5));
#2473 = ORIENTED_EDGE('',*,*,#2086,.T.);
#2474 = ORIENTED_EDGE('',*,*,#2415,.T.);
#2475 = ORIENTED_EDGE('',*,*,#2476,.F.);
#2476 = EDGE_CURVE('',#2468,#2416,#2477,.T.);
#2477 = B_SPLINE_CURVE_WITH_KNOTS('',11,(#2478,#2479,#2480,#2481,#2482,
    #2483,#2484,#2485,#2486,#2487,#2488,#2489),.UNSPECIFIED.,.F.,.F.,(12
    ,12),(79.840704272638,104.84070472069),.PIECEWISE_BEZIER_KNOTS.);
#2478 = CARTESIAN_POINT('',(42.5,6.,24.5));
#2479 = CARTESIAN_POINT('',(40.223642203124,6.,24.5));
#2480 = CARTESIAN_POINT('',(37.964594105769,5.998659482314,
    24.499999999999));
#2481 = CARTESIAN_POINT('',(35.66673077308,6.002303619643,
    24.500000000003));
#2482 = CARTESIAN_POINT('',(33.428565451472,5.997744069308,
    24.499999999995));
#2483 = CARTESIAN_POINT('',(31.114137311085,6.000949783,24.500000000005)
  );
#2484 = CARTESIAN_POINT('',(28.885862688917,6.000949782989,
    24.499999999996));
#2485 = CARTESIAN_POINT('',(26.571434548524,5.997744069317,
    24.500000000003));
#2486 = CARTESIAN_POINT('',(24.333269226923,6.002303619638,
    24.499999999999));
#2487 = CARTESIAN_POINT('',(22.035405894228,5.998659482317,
    24.500000000001));
#2488 = CARTESIAN_POINT('',(19.776357796876,6.,24.5));
#2489 = CARTESIAN_POINT('',(17.5,6.,24.5));
#2490 = B_SPLINE_SURFACE_WITH_KNOTS('',1,11,(
    (#2491,#2492,#2493,#2494,#2495,#2496,#2497,#2498,#2499,#2500,#2501
      ,#2502)
    ,(#2503,#2504,#2505,#2506,#2507,#2508,#2509,#2510,#2511,#2512,#2513
      ,#2514
    )),.UNSPECIFIED.,.F.,.F.,.F.,(2,2),(12,12),(0.,25.000000448054),(
    79.840704272638,104.84070472069),.PIECEWISE_BEZIER_KNOTS.);
#2491 = CARTESIAN_POINT('',(42.718053712541,2.487201984215,
    29.955848134632));
#2492 = CARTESIAN_POINT('',(40.125668371401,2.651828134987,
    29.984408452896));
#2493 = CARTESIAN_POINT('',(37.877947826632,2.53724672705,
    29.955812566898));
#2494 = CARTESIAN_POINT('',(35.642223105265,2.516004582399,
    29.975959422405));
#2495 = CARTESIAN_POINT('',(33.414632709422,2.486053234627,
    29.940374163051));
#2496 = CARTESIAN_POINT('',(31.124719769782,2.496999459856,
    29.964066562465));
#2497 = CARTESIAN_POINT('',(28.875280230219,2.496999459853,
    29.964066562414));
#2498 = CARTESIAN_POINT('',(26.585367290575,2.486053234629,
    29.94037416309));
#2499 = CARTESIAN_POINT('',(24.357776894738,2.516004582398,
    29.975959422383));
#2500 = CARTESIAN_POINT('',(22.122052173364,2.537246727051,
    29.955812566907));
#2501 = CARTESIAN_POINT('',(19.874331628598,2.651828134984,
    29.984408452894));
#2502 = CARTESIAN_POINT('',(17.281946287461,2.487201984214,
    29.955848134632));
#2503 = CARTESIAN_POINT('',(42.5,6.,24.5));
#2504 = CARTESIAN_POINT('',(40.223642203124,6.,24.5));
#2505 = CARTESIAN_POINT('',(37.964594105769,5.998659482314,
    24.499999999999));
#2506 = CARTESIAN_POINT('',(35.66673077308,6.002303619643,
    24.500000000003));
#2507 = CARTESIAN_POINT('',(33.428565451472,5.997744069308,
    24.499999999995));
#2508 = CARTESIAN_POINT('',(31.114137311085,6.000949783,24.500000000005)
  );
#2509 = CARTESIAN_POINT('',(28.885862688917,6.000949782989,
    24.499999999996));
#2510 = CARTESIAN_POINT('',(26.571434548524,5.997744069317,
    24.500000000003));
#2511 = CARTESIAN_POINT('',(24.333269226923,6.002303619638,
    24.499999999999));
#2512 = CARTESIAN_POINT('',(22.035405894228,5.998659482317,
    24.500000000001));
#2513 = CARTESIAN_POINT('',(19.776357796876,6.,24.5));
#2514 = CARTESIAN_POINT('',(17.5,6.,24.5));
#2515 = ADVANCED_FACE('',(#2516,#2541,#2552),#2563,.T.);
#2516 = FACE_BOUND('',#2517,.T.);
#2517 = EDGE_LOOP('',(#2518,#2528,#2534,#2535));
#2518 = ORIENTED_EDGE('',*,*,#2519,.T.);
#2519 = EDGE_CURVE('',#2520,#2522,#2524,.T.);
#2520 = VERTEX_POINT('',#2521);
#2521 = CARTESIAN_POINT('',(57.,37.,30.));
#2522 = VERTEX_POINT('',#2523);
#2523 = CARTESIAN_POINT('',(3.,37.,30.));
#2524 = LINE('',#2525,#2526);
#2525 = CARTESIAN_POINT('',(60.,37.,30.));
#2526 = VECTOR('',#2527,1.);
#2527 = DIRECTION('',(-1.,0.,0.));
#2528 = ORIENTED_EDGE('',*,*,#2529,.T.);
#2529 = EDGE_CURVE('',#2522,#2036,#2530,.T.);
#2530 = LINE('',#2531,#2532);
#2531 = CARTESIAN_POINT('',(3.,40.,30.));
#2532 = VECTOR('',#2533,1.);
#2533 = DIRECTION('',(0.,-1.,0.));
#2534 = ORIENTED_EDGE('',*,*,#2044,.T.);
#2535 = ORIENTED_EDGE('',*,*,#2536,.T.);
#2536 = EDGE_CURVE('',#2045,#2520,#2537,.T.);
#2537 = LINE('',#2538,#2539);
#2538 = CARTESIAN_POINT('',(57.,0.,30.));
#2539 = VECTOR('',#2540,1.);
#2540 = DIRECTION('',(0.,1.,0.));
#2541 = FACE_BOUND('',#2542,.T.);
#2542 = EDGE_LOOP('',(#2543));
#2543 = ORIENTED_EDGE('',*,*,#2544,.F.);
#2544 = EDGE_CURVE('',#2545,#2545,#2547,.T.);
#2545 = VERTEX_POINT('',#2546);
#2546 = CARTESIAN_POINT('',(16.48922974465,30.,30.));
#2547 = CIRCLE('',#2548,2.5);
#2548 = AXIS2_PLACEMENT_3D('',#2549,#2550,#2551);
#2549 = CARTESIAN_POINT('',(13.98922974465,30.,30.));
#2550 = DIRECTION('',(0.,0.,1.));
#2551 = DIRECTION('',(1.,0.,0.));
#2552 = FACE_BOUND('',#2553,.T.);
#2553 = EDGE_LOOP('',(#2554));
#2554 = ORIENTED_EDGE('',*,*,#2555,.F.);
#2555 = EDGE_CURVE('',#2556,#2556,#2558,.T.);
#2556 = VERTEX_POINT('',#2557);
#2557 = CARTESIAN_POINT('',(46.80922974465,30.,30.));
#2558 = CIRCLE('',#2559,2.5);
#2559 = AXIS2_PLACEMENT_3D('',#2560,#2561,#2562);
#2560 = CARTESIAN_POINT('',(44.30922974465,30.,30.));
#2561 = DIRECTION('',(0.,0.,1.));
#2562 = DIRECTION('',(1.,0.,0.));
#2563 = PLANE('',#2564);
#2564 = AXIS2_PLACEMENT_3D('',#2565,#2566,#2567);
#2565 = CARTESIAN_POINT('',(30.,20.,30.));
#2566 = DIRECTION('',(0.,0.,1.));
#2567 = DIRECTION('',(1.,0.,0.));
#2568 = ADVANCED_FACE('',(#2569),#2624,.F.);
#2569 = FACE_BOUND('',#2570,.F.);
#2570 = EDGE_LOOP('',(#2571,#2572,#2580,#2608,#2623));
#2571 = ORIENTED_EDGE('',*,*,#2069,.F.);
#2572 = ORIENTED_EDGE('',*,*,#2573,.T.);
#2573 = EDGE_CURVE('',#2062,#2574,#2576,.T.);
#2574 = VERTEX_POINT('',#2575);
#2575 = CARTESIAN_POINT('',(47.033923559717,5.96672476394,
    22.703958169963));
#2576 = LINE('',#2577,#2578);
#2577 = CARTESIAN_POINT('',(47.010831408953,6.,22.68));
#2578 = VECTOR('',#2579,1.);
#2579 = DIRECTION('',(-0.490713765855,0.707106781187,-0.509116882454));
#2580 = ORIENTED_EDGE('',*,*,#2581,.T.);
#2581 = EDGE_CURVE('',#2574,#2582,#2584,.T.);
#2582 = VERTEX_POINT('',#2583);
#2583 = CARTESIAN_POINT('',(43.545213522727,5.999996780671,
    24.415413733287));
#2584 = B_SPLINE_CURVE_WITH_KNOTS('',8,(#2585,#2586,#2587,#2588,#2589,
    #2590,#2591,#2592,#2593,#2594,#2595,#2596,#2597,#2598,#2599,#2600,
    #2601,#2602,#2603,#2604,#2605,#2606,#2607),.UNSPECIFIED.,.F.,.F.,(9,
    7,7,9),(0.,0.495542876725,0.962530755665,1.),.UNSPECIFIED.);
#2585 = CARTESIAN_POINT('',(47.033923559717,5.96672476394,
    22.703958169963));
#2586 = CARTESIAN_POINT('',(46.856985561431,5.967692207674,
    22.873156694707));
#2587 = CARTESIAN_POINT('',(46.672701831598,5.969062295238,
    23.034640287535));
#2588 = CARTESIAN_POINT('',(46.481459084084,5.970715956772,
    23.188042779607));
#2589 = CARTESIAN_POINT('',(46.283700789902,5.972711502462,
    23.332992594187));
#2590 = CARTESIAN_POINT('',(46.079842255972,5.974844078743,
    23.469193285596));
#2591 = CARTESIAN_POINT('',(45.870352524673,5.977132874965,
    23.596335907154));
#2592 = CARTESIAN_POINT('',(45.655707367043,5.979483092886,
    23.71415889058));
#2593 = CARTESIAN_POINT('',(45.229740235634,5.984088574621,
    23.92445126732));
#2594 = CARTESIAN_POINT('',(45.018936912063,5.986340401874,
    24.01799159567));
#2595 = CARTESIAN_POINT('',(44.804413431413,5.988568257705,
    24.102847557323));
#2596 = CARTESIAN_POINT('',(44.586590627232,5.990737105462,
    24.178847257288));
#2597 = CARTESIAN_POINT('',(44.365912751532,5.992832508598,
    24.245843849709));
#2598 = CARTESIAN_POINT('',(44.142818412682,5.994856868681,
    24.303721499448));
#2599 = CARTESIAN_POINT('',(43.917715021138,5.99682278911,
    24.352395827805));
#2600 = CARTESIAN_POINT('',(43.672820086117,5.998914047861,
    24.394957825019));
#2601 = CARTESIAN_POINT('',(43.654619857679,5.99906918532,24.39805947627
    ));
#2602 = CARTESIAN_POINT('',(43.636409517722,5.999224143509,
    24.401101392206));
#2603 = CARTESIAN_POINT('',(43.6181892766,5.999378937267,24.404083537616
    ));
#2604 = CARTESIAN_POINT('',(43.599959345101,5.999533581887,
    24.407005877963));
#2605 = CARTESIAN_POINT('',(43.581719934447,5.999688093116,
    24.409868379376));
#2606 = CARTESIAN_POINT('',(43.563471256293,5.999842487158,
    24.41267100866));
#2607 = CARTESIAN_POINT('',(43.545213522727,5.999996780671,
    24.415413733287));
#2608 = ORIENTED_EDGE('',*,*,#2609,.T.);
#2609 = EDGE_CURVE('',#2582,#2468,#2610,.T.);
#2610 = B_SPLINE_CURVE_WITH_KNOTS('',11,(#2611,#2612,#2613,#2614,#2615,
    #2616,#2617,#2618,#2619,#2620,#2621,#2622),.UNSPECIFIED.,.F.,.F.,(12
    ,12),(74.855243445565,79.840704272638),.PIECEWISE_BEZIER_KNOTS.);
#2611 = CARTESIAN_POINT('',(47.010831408954,6.,22.68));
#2612 = CARTESIAN_POINT('',(46.684510342479,5.999999999999,
    22.994525494874));
#2613 = CARTESIAN_POINT('',(46.334107865856,6.000002194853,
    23.284034393591));
#2614 = CARTESIAN_POINT('',(45.961361092693,5.999986358181,
    23.54636164976));
#2615 = CARTESIAN_POINT('',(45.570394208014,6.000042918783,
    23.780134972393));
#2616 = CARTESIAN_POINT('',(45.15847029074,5.99991267818,23.982391215773
    ));
#2617 = CARTESIAN_POINT('',(44.739271923443,6.000125848154,
    24.154379571172));
#2618 = CARTESIAN_POINT('',(44.297829872776,5.999865850951,
    24.291195147738));
#2619 = CARTESIAN_POINT('',(43.860403907834,6.000106385025,
    24.39532077591));
#2620 = CARTESIAN_POINT('',(43.40727378998,5.999944393505,
    24.465157702003));
#2621 = CARTESIAN_POINT('',(42.953947696857,6.000000000001,
    24.500000000002));
#2622 = CARTESIAN_POINT('',(42.5,6.,24.5));
#2623 = ORIENTED_EDGE('',*,*,#2467,.F.);
#2624 = B_SPLINE_SURFACE_WITH_KNOTS('',1,11,(
    (#2625,#2626,#2627,#2628,#2629,#2630,#2631,#2632,#2633,#2634,#2635
      ,#2636)
    ,(#2637,#2638,#2639,#2640,#2641,#2642,#2643,#2644,#2645,#2646,#2647
      ,#2648
    )),.UNSPECIFIED.,.F.,.F.,.F.,(2,2),(12,12),(0.,4.985460827073),(
    74.855243445565,79.840704272638),.PIECEWISE_BEZIER_KNOTS.);
#2625 = CARTESIAN_POINT('',(51.174675786449,-4.4E-16,27.));
#2626 = CARTESIAN_POINT('',(50.547135274004,-1.4686E-13,27.604856720913)
  );
#2627 = CARTESIAN_POINT('',(49.873265145553,0.134389355799,
    28.161676715035));
#2628 = CARTESIAN_POINT('',(49.156581643065,0.365295271389,
    28.665660230668));
#2629 = CARTESIAN_POINT('',(48.3947051753,0.694266153846,29.106968617534
    ));
#2630 = CARTESIAN_POINT('',(47.581613262564,1.063270285812,
    29.458772701918));
#2631 = CARTESIAN_POINT('',(46.733956077291,1.521787806326,
    29.716245844319));
#2632 = CARTESIAN_POINT('',(45.851277820093,1.874048482901,
    29.84212471859));
#2633 = CARTESIAN_POINT('',(44.975592775763,2.23465033916,
    29.907877866917));
#2634 = CARTESIAN_POINT('',(44.086560391856,2.390460782763,
    29.938875414459));
#2635 = CARTESIAN_POINT('',(43.235023125958,2.454372495772,
    29.95015268082));
#2636 = CARTESIAN_POINT('',(42.718053712541,2.487201984215,
    29.955848134632));
#2637 = CARTESIAN_POINT('',(47.010831408954,6.,22.68));
#2638 = CARTESIAN_POINT('',(46.684510342479,5.999999999999,
    22.994525494874));
#2639 = CARTESIAN_POINT('',(46.334107865856,6.000002194853,
    23.284034393591));
#2640 = CARTESIAN_POINT('',(45.961361092693,5.999986358181,
    23.54636164976));
#2641 = CARTESIAN_POINT('',(45.570394208014,6.000042918783,
    23.780134972393));
#2642 = CARTESIAN_POINT('',(45.15847029074,5.99991267818,23.982391215773
    ));
#2643 = CARTESIAN_POINT('',(44.739271923443,6.000125848154,
    24.154379571172));
#2644 = CARTESIAN_POINT('',(44.297829872776,5.999865850951,
    24.291195147738));
#2645 = CARTESIAN_POINT('',(43.860403907834,6.000106385025,
    24.39532077591));
#2646 = CARTESIAN_POINT('',(43.40727378998,5.999944393505,
    24.465157702003));
#2647 = CARTESIAN_POINT('',(42.953947696857,6.000000000001,
    24.500000000002));
#2648 = CARTESIAN_POINT('',(42.5,6.,24.5));
#2649 = ADVANCED_FACE('',(#2650),#2669,.T.);
#2650 = FACE_BOUND('',#2651,.F.);
#2651 = EDGE_LOOP('',(#2652,#2653,#2662));
#2652 = ORIENTED_EDGE('',*,*,#2052,.F.);
#2653 = ORIENTED_EDGE('',*,*,#2654,.T.);
#2654 = EDGE_CURVE('',#2045,#2655,#2657,.T.);
#2655 = VERTEX_POINT('',#2656);
#2656 = CARTESIAN_POINT('',(60.,3.,27.));
#2657 = CIRCLE('',#2658,3.);
#2658 = AXIS2_PLACEMENT_3D('',#2659,#2660,#2661);
#2659 = CARTESIAN_POINT('',(57.,3.,27.));
#2660 = DIRECTION('',(6.E-17,1.,0.));
#2661 = DIRECTION('',(1.,-6.E-17,0.));
#2662 = ORIENTED_EDGE('',*,*,#2663,.F.);
#2663 = EDGE_CURVE('',#2053,#2655,#2664,.T.);
#2664 = CIRCLE('',#2665,3.);
#2665 = AXIS2_PLACEMENT_3D('',#2666,#2667,#2668);
#2666 = CARTESIAN_POINT('',(57.,3.,27.));
#2667 = DIRECTION('',(-0.,0.,1.));
#2668 = DIRECTION('',(0.,-1.,0.));
#2669 = SPHERICAL_SURFACE('',#2670,3.);
#2670 = AXIS2_PLACEMENT_3D('',#2671,#2672,#2673);
#2671 = CARTESIAN_POINT('',(57.,3.,27.));
#2672 = DIRECTION('',(-0.,-0.,-1.));
#2673 = DIRECTION('',(0.,-1.,0.));
#2674 = ADVANCED_FACE('',(#2675),#2718,.F.);
#2675 = FACE_BOUND('',#2676,.F.);
#2676 = EDGE_LOOP('',(#2677,#2687,#2696,#2704,#2711,#2712));
#2677 = ORIENTED_EDGE('',*,*,#2678,.F.);
#2678 = EDGE_CURVE('',#2679,#2681,#2683,.T.);
#2679 = VERTEX_POINT('',#2680);
#2680 = CARTESIAN_POINT('',(52.104686356149,0.,3.));
#2681 = VERTEX_POINT('',#2682);
#2682 = CARTESIAN_POINT('',(57.,0.,3.));
#2683 = LINE('',#2684,#2685);
#2684 = CARTESIAN_POINT('',(0.,-4.4E-16,3.));
#2685 = VECTOR('',#2686,1.);
#2686 = DIRECTION('',(1.,0.,0.));
#2687 = ORIENTED_EDGE('',*,*,#2688,.T.);
#2688 = EDGE_CURVE('',#2679,#2689,#2691,.T.);
#2689 = VERTEX_POINT('',#2690);
#2690 = CARTESIAN_POINT('',(55.,0.,11.));
#2691 = CIRCLE('',#2692,12.5);
#2692 = AXIS2_PLACEMENT_3D('',#2693,#2694,#2695);
#2693 = CARTESIAN_POINT('',(42.5,0.,11.));
#2694 = DIRECTION('',(0.,-1.,0.));
#2695 = DIRECTION('',(0.,0.,-1.));
#2696 = ORIENTED_EDGE('',*,*,#2697,.T.);
#2697 = EDGE_CURVE('',#2689,#2698,#2700,.T.);
#2698 = VERTEX_POINT('',#2699);
#2699 = CARTESIAN_POINT('',(55.,2.E-15,18.));
#2700 = LINE('',#2701,#2702);
#2701 = CARTESIAN_POINT('',(55.,0.,11.));
#2702 = VECTOR('',#2703,1.);
#2703 = DIRECTION('',(0.,2.2E-16,1.));
#2704 = ORIENTED_EDGE('',*,*,#2705,.T.);
#2705 = EDGE_CURVE('',#2698,#2062,#2706,.T.);
#2706 = CIRCLE('',#2707,12.5);
#2707 = AXIS2_PLACEMENT_3D('',#2708,#2709,#2710);
#2708 = CARTESIAN_POINT('',(42.5,0.,18.));
#2709 = DIRECTION('',(0.,-1.,0.));
#2710 = DIRECTION('',(1.,0.,0.));
#2711 = ORIENTED_EDGE('',*,*,#2061,.T.);
#2712 = ORIENTED_EDGE('',*,*,#2713,.F.);
#2713 = EDGE_CURVE('',#2681,#2053,#2714,.T.);
#2714 = LINE('',#2715,#2716);
#2715 = CARTESIAN_POINT('',(57.,-4.4E-16,0.));
#2716 = VECTOR('',#2717,1.);
#2717 = DIRECTION('',(0.,0.,1.));
#2718 = PLANE('',#2719);
#2719 = AXIS2_PLACEMENT_3D('',#2720,#2721,#2722);
#2720 = CARTESIAN_POINT('',(0.,0.,0.));
#2721 = DIRECTION('',(0.,1.,0.));
#2722 = DIRECTION('',(1.,0.,0.));
#2723 = ADVANCED_FACE('',(#2724),#2744,.F.);
#2724 = FACE_BOUND('',#2725,.F.);
#2725 = EDGE_LOOP('',(#2726,#2734,#2741,#2742,#2743));
#2726 = ORIENTED_EDGE('',*,*,#2727,.T.);
#2727 = EDGE_CURVE('',#2416,#2728,#2730,.T.);
#2728 = VERTEX_POINT('',#2729);
#2729 = CARTESIAN_POINT('',(17.5,15.,24.5));
#2730 = LINE('',#2731,#2732);
#2731 = CARTESIAN_POINT('',(17.5,5.44E-15,24.5));
#2732 = VECTOR('',#2733,1.);
#2733 = DIRECTION('',(0.,1.,-2.2E-16));
#2734 = ORIENTED_EDGE('',*,*,#2735,.T.);
#2735 = EDGE_CURVE('',#2728,#2392,#2736,.T.);
#2736 = CIRCLE('',#2737,6.5);
#2737 = AXIS2_PLACEMENT_3D('',#2738,#2739,#2740);
#2738 = CARTESIAN_POINT('',(17.5,15.,18.));
#2739 = DIRECTION('',(0.,-1.,0.));
#2740 = DIRECTION('',(1.,0.,0.));
#2741 = ORIENTED_EDGE('',*,*,#2391,.F.);
#2742 = ORIENTED_EDGE('',*,*,#2136,.F.);
#2743 = ORIENTED_EDGE('',*,*,#2422,.F.);
#2744 = CYLINDRICAL_SURFACE('',#2745,6.5);
#2745 = AXIS2_PLACEMENT_3D('',#2746,#2747,#2748);
#2746 = CARTESIAN_POINT('',(17.5,4.E-15,18.));
#2747 = DIRECTION('',(0.,-1.,2.2E-16));
#2748 = DIRECTION('',(1.,0.,0.));
#2749 = ADVANCED_FACE('',(#2750),#2760,.T.);
#2750 = FACE_BOUND('',#2751,.T.);
#2751 = EDGE_LOOP('',(#2752,#2753,#2754,#2759));
#2752 = ORIENTED_EDGE('',*,*,#2251,.F.);
#2753 = ORIENTED_EDGE('',*,*,#2152,.T.);
#2754 = ORIENTED_EDGE('',*,*,#2755,.T.);
#2755 = EDGE_CURVE('',#2153,#2314,#2756,.T.);
#2756 = B_SPLINE_CURVE_WITH_KNOTS('',1,(#2757,#2758),.UNSPECIFIED.,.F.,
  .F.,(2,2),(0.,2.260056228256),.PIECEWISE_BEZIER_KNOTS.);
#2757 = CARTESIAN_POINT('',(17.299274118876,3.963547542372,0.));
#2758 = CARTESIAN_POINT('',(17.5,6.,4.5));
#2759 = ORIENTED_EDGE('',*,*,#2321,.F.);
#2760 = B_SPLINE_SURFACE_WITH_KNOTS('',1,8,(
    (#2761,#2762,#2763,#2764,#2765,#2766,#2767,#2768,#2769)
    ,(#2770,#2771,#2772,#2773,#2774,#2775,#2776,#2777,#2778
  )),.UNSPECIFIED.,.F.,.F.,.F.,(2,2),(9,9),(0.,2.260056228256),(
    25.160295473709,27.420351701966),.PIECEWISE_BEZIER_KNOTS.);
#2761 = CARTESIAN_POINT('',(13.530016493872,3.,0.));
#2762 = CARTESIAN_POINT('',(14.077006227026,3.320023715246,0.));
#2763 = CARTESIAN_POINT('',(14.605687882033,3.531850513842,0.));
#2764 = CARTESIAN_POINT('',(15.119484021005,3.692343287415,0.));
#2765 = CARTESIAN_POINT('',(15.619871332145,3.801742493945,0.));
#2766 = CARTESIAN_POINT('',(16.104207432437,3.879984281364,0.));
#2767 = CARTESIAN_POINT('',(16.564949021793,3.922847854116,0.));
#2768 = CARTESIAN_POINT('',(16.979912826973,3.947374133065,0.));
#2769 = CARTESIAN_POINT('',(17.299274118876,3.963547542372,0.));
#2770 = CARTESIAN_POINT('',(15.284645737398,5.999999769988,
    4.889173092684));
#2771 = CARTESIAN_POINT('',(15.550009016349,5.999999517641,
    4.792971108881));
#2772 = CARTESIAN_POINT('',(15.820105341328,5.999998438135,
    4.709959844423));
#2773 = CARTESIAN_POINT('',(16.094133693556,6.000000409039,
    4.640373457748));
#2774 = CARTESIAN_POINT('',(16.371658128161,5.99998963665,4.584478484909
    ));
#2775 = CARTESIAN_POINT('',(16.651464267279,6.000000816752,
    4.542245163936));
#2776 = CARTESIAN_POINT('',(16.934126712388,5.999970559767,
    4.514083468173));
#2777 = CARTESIAN_POINT('',(17.216930843076,6.,4.5));
#2778 = CARTESIAN_POINT('',(17.5,6.,4.5));
#2779 = ADVANCED_FACE('',(#2780),#2792,.T.);
#2780 = FACE_BOUND('',#2781,.T.);
#2781 = EDGE_LOOP('',(#2782,#2789,#2790,#2791));
#2782 = ORIENTED_EDGE('',*,*,#2783,.F.);
#2783 = EDGE_CURVE('',#2215,#2361,#2784,.T.);
#2784 = CIRCLE('',#2785,3.);
#2785 = AXIS2_PLACEMENT_3D('',#2786,#2787,#2788);
#2786 = CARTESIAN_POINT('',(3.,37.,3.));
#2787 = DIRECTION('',(-9.E-17,1.,0.));
#2788 = DIRECTION('',(-1.,-9.E-17,0.));
#2789 = ORIENTED_EDGE('',*,*,#2222,.T.);
#2790 = ORIENTED_EDGE('',*,*,#2279,.T.);
#2791 = ORIENTED_EDGE('',*,*,#2377,.F.);
#2792 = CYLINDRICAL_SURFACE('',#2793,3.);
#2793 = AXIS2_PLACEMENT_3D('',#2794,#2795,#2796);
#2794 = CARTESIAN_POINT('',(3.,40.,3.));
#2795 = DIRECTION('',(0.,-1.,0.));
#2796 = DIRECTION('',(-1.,0.,0.));
#2797 = ADVANCED_FACE('',(#2798),#2825,.T.);
#2798 = FACE_BOUND('',#2799,.T.);
#2799 = EDGE_LOOP('',(#2800,#2801,#2802,#2809));
#2800 = ORIENTED_EDGE('',*,*,#2755,.F.);
#2801 = ORIENTED_EDGE('',*,*,#2166,.T.);
#2802 = ORIENTED_EDGE('',*,*,#2803,.T.);
#2803 = EDGE_CURVE('',#2167,#2804,#2806,.T.);
#2804 = VERTEX_POINT('',#2805);
#2805 = CARTESIAN_POINT('',(42.5,6.,4.5));
#2806 = B_SPLINE_CURVE_WITH_KNOTS('',1,(#2807,#2808),.UNSPECIFIED.,.F.,
  .F.,(2,2),(0.,25.000001092737),.PIECEWISE_BEZIER_KNOTS.);
#2807 = CARTESIAN_POINT('',(42.700725881124,3.963547542372,0.));
#2808 = CARTESIAN_POINT('',(42.5,6.,4.5));
#2809 = ORIENTED_EDGE('',*,*,#2810,.F.);
#2810 = EDGE_CURVE('',#2314,#2804,#2811,.T.);
#2811 = B_SPLINE_CURVE_WITH_KNOTS('',12,(#2812,#2813,#2814,#2815,#2816,
    #2817,#2818,#2819,#2820,#2821,#2822,#2823,#2824),.UNSPECIFIED.,.F.,
  .F.,(13,13),(27.420351701966,52.420352794703),
  .PIECEWISE_BEZIER_KNOTS.);
#2812 = CARTESIAN_POINT('',(17.5,6.,4.5));
#2813 = CARTESIAN_POINT('',(19.58747881106,6.000000000001,4.5));
#2814 = CARTESIAN_POINT('',(21.656978007917,5.9984476444,4.499999999998)
  );
#2815 = CARTESIAN_POINT('',(23.760958565778,6.002661260682,
    4.500000000005));
#2816 = CARTESIAN_POINT('',(25.823424143945,5.996440609362,
    4.499999999991));
#2817 = CARTESIAN_POINT('',(27.922709214117,6.004237942148,
    4.500000000011));
#2818 = CARTESIAN_POINT('',(29.999999999873,5.995495435733,
    4.499999999988));
#2819 = CARTESIAN_POINT('',(32.07729078611,6.004237942146,4.50000000001)
  );
#2820 = CARTESIAN_POINT('',(34.176575855897,5.996440609364,
    4.499999999994));
#2821 = CARTESIAN_POINT('',(36.239041434306,6.00266126068,4.500000000003
    ));
#2822 = CARTESIAN_POINT('',(38.343021992053,5.998447644401,
    4.499999999999));
#2823 = CARTESIAN_POINT('',(40.412521188949,6.000000000001,4.5));
#2824 = CARTESIAN_POINT('',(42.5,6.,4.5));
#2825 = B_SPLINE_SURFACE_WITH_KNOTS('',1,12,(
    (#2826,#2827,#2828,#2829,#2830,#2831,#2832,#2833,#2834,#2835,#2836
      ,#2837,#2838)
    ,(#2839,#2840,#2841,#2842,#2843,#2844,#2845,#2846,#2847,#2848,#2849
      ,#2850,#2851
    )),.UNSPECIFIED.,.F.,.F.,.F.,(2,2),(13,13),(0.,25.000001092737),(
    27.420351701966,52.420352794703),.PIECEWISE_BEZIER_KNOTS.);
#2826 = CARTESIAN_POINT('',(17.299274118876,3.963547542372,0.));
#2827 = CARTESIAN_POINT('',(19.654387396366,4.082817510178,0.));
#2828 = CARTESIAN_POINT('',(21.736056600974,4.008568056929,0.));
#2829 = CARTESIAN_POINT('',(23.801087684867,4.009415745523,0.));
#2830 = CARTESIAN_POINT('',(25.836014855538,3.940635002922,0.));
#2831 = CARTESIAN_POINT('',(27.924722900218,4.005691581413,0.));
#2832 = CARTESIAN_POINT('',(29.999999999892,3.928855871351,0.));
#2833 = CARTESIAN_POINT('',(32.075277099976,4.005691581412,0.));
#2834 = CARTESIAN_POINT('',(34.163985144326,3.940635002923,0.));
#2835 = CARTESIAN_POINT('',(36.198912315208,4.009415745522,0.));
#2836 = CARTESIAN_POINT('',(38.263943398999,4.00856805693,0.));
#2837 = CARTESIAN_POINT('',(40.345612603643,4.082817510177,0.));
#2838 = CARTESIAN_POINT('',(42.700725881124,3.963547542372,0.));
#2839 = CARTESIAN_POINT('',(17.5,6.,4.5));
#2840 = CARTESIAN_POINT('',(19.58747881106,6.000000000001,4.5));
#2841 = CARTESIAN_POINT('',(21.656978007917,5.9984476444,4.499999999998)
  );
#2842 = CARTESIAN_POINT('',(23.760958565778,6.002661260682,
    4.500000000005));
#2843 = CARTESIAN_POINT('',(25.823424143945,5.996440609362,
    4.499999999991));
#2844 = CARTESIAN_POINT('',(27.922709214117,6.004237942148,
    4.500000000011));
#2845 = CARTESIAN_POINT('',(29.999999999873,5.995495435733,
    4.499999999988));
#2846 = CARTESIAN_POINT('',(32.07729078611,6.004237942146,4.50000000001)
  );
#2847 = CARTESIAN_POINT('',(34.176575855897,5.996440609364,
    4.499999999994));
#2848 = CARTESIAN_POINT('',(36.239041434306,6.00266126068,4.500000000003
    ));
#2849 = CARTESIAN_POINT('',(38.343021992053,5.998447644401,
    4.499999999999));
#2850 = CARTESIAN_POINT('',(40.412521188949,6.000000000001,4.5));
#2851 = CARTESIAN_POINT('',(42.5,6.,4.5));
#2852 = ADVANCED_FACE('',(#2853),#2880,.T.);
#2853 = FACE_BOUND('',#2854,.T.);
#2854 = EDGE_LOOP('',(#2855,#2864,#2865,#2874));
#2855 = ORIENTED_EDGE('',*,*,#2856,.F.);
#2856 = EDGE_CURVE('',#2207,#2857,#2859,.T.);
#2857 = VERTEX_POINT('',#2858);
#2858 = CARTESIAN_POINT('',(57.,40.,3.));
#2859 = CIRCLE('',#2860,3.);
#2860 = AXIS2_PLACEMENT_3D('',#2861,#2862,#2863);
#2861 = CARTESIAN_POINT('',(57.,37.,3.));
#2862 = DIRECTION('',(1.,0.,0.));
#2863 = DIRECTION('',(0.,1.,0.));
#2864 = ORIENTED_EDGE('',*,*,#2214,.T.);
#2865 = ORIENTED_EDGE('',*,*,#2866,.T.);
#2866 = EDGE_CURVE('',#2215,#2867,#2869,.T.);
#2867 = VERTEX_POINT('',#2868);
#2868 = CARTESIAN_POINT('',(3.,40.,3.));
#2869 = CIRCLE('',#2870,3.);
#2870 = AXIS2_PLACEMENT_3D('',#2871,#2872,#2873);
#2871 = CARTESIAN_POINT('',(3.,37.,3.));
#2872 = DIRECTION('',(1.,1.5E-16,-0.));
#2873 = DIRECTION('',(-1.5E-16,1.,0.));
#2874 = ORIENTED_EDGE('',*,*,#2875,.F.);
#2875 = EDGE_CURVE('',#2857,#2867,#2876,.T.);
#2876 = LINE('',#2877,#2878);
#2877 = CARTESIAN_POINT('',(60.,40.,3.));
#2878 = VECTOR('',#2879,1.);
#2879 = DIRECTION('',(-1.,0.,0.));
#2880 = CYLINDRICAL_SURFACE('',#2881,3.);
#2881 = AXIS2_PLACEMENT_3D('',#2882,#2883,#2884);
#2882 = CARTESIAN_POINT('',(60.,37.,3.));
#2883 = DIRECTION('',(-1.,0.,0.));
#2884 = DIRECTION('',(0.,1.,0.));
#2885 = ADVANCED_FACE('',(#2886),#2909,.T.);
#2886 = FACE_BOUND('',#2887,.T.);
#2887 = EDGE_LOOP('',(#2888,#2889,#2890,#2897));
#2888 = ORIENTED_EDGE('',*,*,#2803,.F.);
#2889 = ORIENTED_EDGE('',*,*,#2184,.T.);
#2890 = ORIENTED_EDGE('',*,*,#2891,.T.);
#2891 = EDGE_CURVE('',#2185,#2892,#2894,.T.);
#2892 = VERTEX_POINT('',#2893);
#2893 = CARTESIAN_POINT('',(44.715354262602,5.999999769988,
    4.889173092684));
#2894 = B_SPLINE_CURVE_WITH_KNOTS('',1,(#2895,#2896),.UNSPECIFIED.,.F.,
  .F.,(2,2),(0.,2.260056228258),.PIECEWISE_BEZIER_KNOTS.);
#2895 = CARTESIAN_POINT('',(46.469983506128,3.,0.));
#2896 = CARTESIAN_POINT('',(44.715354262602,5.999999769988,
    4.889173092684));
#2897 = ORIENTED_EDGE('',*,*,#2898,.F.);
#2898 = EDGE_CURVE('',#2804,#2892,#2899,.T.);
#2899 = B_SPLINE_CURVE_WITH_KNOTS('',8,(#2900,#2901,#2902,#2903,#2904,
    #2905,#2906,#2907,#2908),.UNSPECIFIED.,.F.,.F.,(9,9),(
    52.420352794703,54.680409022961),.PIECEWISE_BEZIER_KNOTS.);
#2900 = CARTESIAN_POINT('',(42.5,6.,4.5));
#2901 = CARTESIAN_POINT('',(42.783069156924,6.,4.5));
#2902 = CARTESIAN_POINT('',(43.065873287611,5.999970559767,
    4.514083468173));
#2903 = CARTESIAN_POINT('',(43.348535732722,6.000000816753,
    4.542245163936));
#2904 = CARTESIAN_POINT('',(43.628341871838,5.99998963665,4.584478484909
    ));
#2905 = CARTESIAN_POINT('',(43.905866306445,6.000000409039,
    4.640373457748));
#2906 = CARTESIAN_POINT('',(44.179894658672,5.999998438135,
    4.709959844423));
#2907 = CARTESIAN_POINT('',(44.449990983651,5.999999517641,
    4.792971108881));
#2908 = CARTESIAN_POINT('',(44.715354262602,5.999999769988,
    4.889173092684));
#2909 = B_SPLINE_SURFACE_WITH_KNOTS('',1,8,(
    (#2910,#2911,#2912,#2913,#2914,#2915,#2916,#2917,#2918)
    ,(#2919,#2920,#2921,#2922,#2923,#2924,#2925,#2926,#2927
  )),.UNSPECIFIED.,.F.,.F.,.F.,(2,2),(9,9),(0.,2.260056228258),(
    52.420352794703,54.680409022961),.PIECEWISE_BEZIER_KNOTS.);
#2910 = CARTESIAN_POINT('',(42.700725881124,3.963547542372,0.));
#2911 = CARTESIAN_POINT('',(43.020087173027,3.947374133065,0.));
#2912 = CARTESIAN_POINT('',(43.435050978207,3.922847854116,0.));
#2913 = CARTESIAN_POINT('',(43.895792567563,3.879984281364,0.));
#2914 = CARTESIAN_POINT('',(44.380128667854,3.801742493945,0.));
#2915 = CARTESIAN_POINT('',(44.880515978994,3.692343287416,0.));
#2916 = CARTESIAN_POINT('',(45.394312117966,3.531850513842,0.));
#2917 = CARTESIAN_POINT('',(45.922993772974,3.320023715246,0.));
#2918 = CARTESIAN_POINT('',(46.469983506128,3.,0.));
#2919 = CARTESIAN_POINT('',(42.5,6.,4.5));
#2920 = CARTESIAN_POINT('',(42.783069156924,6.,4.5));
#2921 = CARTESIAN_POINT('',(43.065873287611,5.999970559767,
    4.514083468173));
#2922 = CARTESIAN_POINT('',(43.348535732722,6.000000816753,
    4.542245163936));
#2923 = CARTESIAN_POINT('',(43.628341871838,5.99998963665,4.584478484909
    ));
#2924 = CARTESIAN_POINT('',(43.905866306445,6.000000409039,
    4.640373457748));
#2925 = CARTESIAN_POINT('',(44.179894658672,5.999998438135,
    4.709959844423));
#2926 = CARTESIAN_POINT('',(44.449990983651,5.999999517641,
    4.792971108881));
#2927 = CARTESIAN_POINT('',(44.715354262602,5.999999769988,
    4.889173092684));
#2928 = ADVANCED_FACE('',(#2929),#2956,.T.);
#2929 = FACE_BOUND('',#2930,.T.);
#2930 = EDGE_LOOP('',(#2931,#2940,#2941,#2950));
#2931 = ORIENTED_EDGE('',*,*,#2932,.F.);
#2932 = EDGE_CURVE('',#2199,#2933,#2935,.T.);
#2933 = VERTEX_POINT('',#2934);
#2934 = CARTESIAN_POINT('',(60.,3.,3.));
#2935 = CIRCLE('',#2936,3.);
#2936 = AXIS2_PLACEMENT_3D('',#2937,#2938,#2939);
#2937 = CARTESIAN_POINT('',(57.,3.,3.));
#2938 = DIRECTION('',(-6.E-17,-1.,0.));
#2939 = DIRECTION('',(1.,-6.E-17,0.));
#2940 = ORIENTED_EDGE('',*,*,#2206,.T.);
#2941 = ORIENTED_EDGE('',*,*,#2942,.T.);
#2942 = EDGE_CURVE('',#2207,#2943,#2945,.T.);
#2943 = VERTEX_POINT('',#2944);
#2944 = CARTESIAN_POINT('',(60.,37.,3.));
#2945 = CIRCLE('',#2946,3.);
#2946 = AXIS2_PLACEMENT_3D('',#2947,#2948,#2949);
#2947 = CARTESIAN_POINT('',(57.,37.,3.));
#2948 = DIRECTION('',(6.E-17,-1.,0.));
#2949 = DIRECTION('',(1.,6.E-17,0.));
#2950 = ORIENTED_EDGE('',*,*,#2951,.F.);
#2951 = EDGE_CURVE('',#2933,#2943,#2952,.T.);
#2952 = LINE('',#2953,#2954);
#2953 = CARTESIAN_POINT('',(60.,0.,3.));
#2954 = VECTOR('',#2955,1.);
#2955 = DIRECTION('',(0.,1.,0.));
#2956 = CYLINDRICAL_SURFACE('',#2957,3.);
#2957 = AXIS2_PLACEMENT_3D('',#2958,#2959,#2960);
#2958 = CARTESIAN_POINT('',(57.,0.,3.));
#2959 = DIRECTION('',(0.,1.,0.));
#2960 = DIRECTION('',(1.,0.,0.));
#2961 = ADVANCED_FACE('',(#2962),#2985,.T.);
#2962 = FACE_BOUND('',#2963,.T.);
#2963 = EDGE_LOOP('',(#2964,#2965,#2972,#2973));
#2964 = ORIENTED_EDGE('',*,*,#2198,.T.);
#2965 = ORIENTED_EDGE('',*,*,#2966,.T.);
#2966 = EDGE_CURVE('',#2199,#2681,#2967,.T.);
#2967 = CIRCLE('',#2968,3.);
#2968 = AXIS2_PLACEMENT_3D('',#2969,#2970,#2971);
#2969 = CARTESIAN_POINT('',(57.,3.,3.));
#2970 = DIRECTION('',(-1.,0.,0.));
#2971 = DIRECTION('',(0.,-1.,0.));
#2972 = ORIENTED_EDGE('',*,*,#2678,.F.);
#2973 = ORIENTED_EDGE('',*,*,#2974,.F.);
#2974 = EDGE_CURVE('',#2185,#2679,#2975,.T.);
#2975 = B_SPLINE_CURVE_WITH_KNOTS('',8,(#2976,#2977,#2978,#2979,#2980,
    #2981,#2982,#2983,#2984),.UNSPECIFIED.,.F.,.F.,(9,9),(
    54.680409022961,58.116289645932),.PIECEWISE_BEZIER_KNOTS.);
#2976 = CARTESIAN_POINT('',(46.469983506128,3.,-4.4E-16));
#2977 = CARTESIAN_POINT('',(47.301551943057,2.513479678798,-3.2E-15));
#2978 = CARTESIAN_POINT('',(48.142766438695,1.943244129964,
    9.013362459093E-02));
#2979 = CARTESIAN_POINT('',(48.961306046364,1.337921106277,
    0.324929351535));
#2980 = CARTESIAN_POINT('',(49.70124355934,0.821299247211,0.735873252385
    ));
#2981 = CARTESIAN_POINT('',(50.378224201454,0.428752888267,
    1.218441208802));
#2982 = CARTESIAN_POINT('',(50.999673191004,0.152934903698,
    1.770992688843));
#2983 = CARTESIAN_POINT('',(51.576089360335,-1.98E-15,2.3653739558));
#2984 = CARTESIAN_POINT('',(52.104686356149,-4.4E-16,3.));
#2985 = CYLINDRICAL_SURFACE('',#2986,3.);
#2986 = AXIS2_PLACEMENT_3D('',#2987,#2988,#2989);
#2987 = CARTESIAN_POINT('',(0.,3.,3.));
#2988 = DIRECTION('',(1.,0.,0.));
#2989 = DIRECTION('',(0.,-1.,0.));
#2990 = ADVANCED_FACE('',(#2991,#3088),#3158,.F.);
#2991 = FACE_BOUND('',#2992,.F.);
#2992 = EDGE_LOOP('',(#2993,#2994,#2995,#3003,#3012,#3021,#3029,#3038,
    #3046,#3055,#3063,#3072,#3081,#3087));
#2993 = ORIENTED_EDGE('',*,*,#2399,.F.);
#2994 = ORIENTED_EDGE('',*,*,#2735,.F.);
#2995 = ORIENTED_EDGE('',*,*,#2996,.F.);
#2996 = EDGE_CURVE('',#2997,#2728,#2999,.T.);
#2997 = VERTEX_POINT('',#2998);
#2998 = CARTESIAN_POINT('',(42.5,15.,24.5));
#2999 = LINE('',#3000,#3001);
#3000 = CARTESIAN_POINT('',(42.5,15.,24.5));
#3001 = VECTOR('',#3002,1.);
#3002 = DIRECTION('',(-1.,0.,0.));
#3003 = ORIENTED_EDGE('',*,*,#3004,.F.);
#3004 = EDGE_CURVE('',#3005,#2997,#3007,.T.);
#3005 = VERTEX_POINT('',#3006);
#3006 = CARTESIAN_POINT('',(43.545184818018,15.,24.415418045317));
#3007 = CIRCLE('',#3008,6.5);
#3008 = AXIS2_PLACEMENT_3D('',#3009,#3010,#3011);
#3009 = CARTESIAN_POINT('',(42.5,15.,18.));
#3010 = DIRECTION('',(0.,-1.,0.));
#3011 = DIRECTION('',(1.,0.,0.));
#3012 = ORIENTED_EDGE('',*,*,#3013,.T.);
#3013 = EDGE_CURVE('',#3005,#3014,#3016,.T.);
#3014 = VERTEX_POINT('',#3015);
#3015 = CARTESIAN_POINT('',(42.59,15.,24.4867608));
#3016 = CIRCLE('',#3017,6.43);
#3017 = AXIS2_PLACEMENT_3D('',#3018,#3019,#3020);
#3018 = CARTESIAN_POINT('',(42.59,15.,18.0567608));
#3019 = DIRECTION('',(0.,-1.,0.));
#3020 = DIRECTION('',(1.,0.,0.));
#3021 = ORIENTED_EDGE('',*,*,#3022,.T.);
#3022 = EDGE_CURVE('',#3014,#3023,#3025,.T.);
#3023 = VERTEX_POINT('',#3024);
#3024 = CARTESIAN_POINT('',(39.98,15.,24.4867608));
#3025 = LINE('',#3026,#3027);
#3026 = CARTESIAN_POINT('',(42.59,15.,24.4867608));
#3027 = VECTOR('',#3028,1.);
#3028 = DIRECTION('',(-1.,0.,0.));
#3029 = ORIENTED_EDGE('',*,*,#3030,.T.);
#3030 = EDGE_CURVE('',#3023,#3031,#3033,.T.);
#3031 = VERTEX_POINT('',#3032);
#3032 = CARTESIAN_POINT('',(33.55,15.,18.0567608));
#3033 = CIRCLE('',#3034,6.43);
#3034 = AXIS2_PLACEMENT_3D('',#3035,#3036,#3037);
#3035 = CARTESIAN_POINT('',(39.98,15.,18.0567608));
#3036 = DIRECTION('',(0.,-1.,0.));
#3037 = DIRECTION('',(1.,0.,0.));
#3038 = ORIENTED_EDGE('',*,*,#3039,.T.);
#3039 = EDGE_CURVE('',#3031,#3040,#3042,.T.);
#3040 = VERTEX_POINT('',#3041);
#3041 = CARTESIAN_POINT('',(33.55,15.,10.9866455));
#3042 = LINE('',#3043,#3044);
#3043 = CARTESIAN_POINT('',(33.55,15.,18.0567608));
#3044 = VECTOR('',#3045,1.);
#3045 = DIRECTION('',(0.,0.,-1.));
#3046 = ORIENTED_EDGE('',*,*,#3047,.T.);
#3047 = EDGE_CURVE('',#3040,#3048,#3050,.T.);
#3048 = VERTEX_POINT('',#3049);
#3049 = CARTESIAN_POINT('',(39.98,15.,4.5566455));
#3050 = CIRCLE('',#3051,6.43);
#3051 = AXIS2_PLACEMENT_3D('',#3052,#3053,#3054);
#3052 = CARTESIAN_POINT('',(39.98,15.,10.9866455));
#3053 = DIRECTION('',(0.,-1.,0.));
#3054 = DIRECTION('',(1.,0.,0.));
#3055 = ORIENTED_EDGE('',*,*,#3056,.T.);
#3056 = EDGE_CURVE('',#3048,#3057,#3059,.T.);
#3057 = VERTEX_POINT('',#3058);
#3058 = CARTESIAN_POINT('',(42.59,15.,4.5566455));
#3059 = LINE('',#3060,#3061);
#3060 = CARTESIAN_POINT('',(39.98,15.,4.5566455));
#3061 = VECTOR('',#3062,1.);
#3062 = DIRECTION('',(1.,0.,0.));
#3063 = ORIENTED_EDGE('',*,*,#3064,.T.);
#3064 = EDGE_CURVE('',#3057,#3065,#3067,.T.);
#3065 = VERTEX_POINT('',#3066);
#3066 = CARTESIAN_POINT('',(46.858837340006,15.,6.178118931022));
#3067 = CIRCLE('',#3068,6.43);
#3068 = AXIS2_PLACEMENT_3D('',#3069,#3070,#3071);
#3069 = CARTESIAN_POINT('',(42.59,15.,10.9866455));
#3070 = DIRECTION('',(0.,-1.,0.));
#3071 = DIRECTION('',(1.,0.,0.));
#3072 = ORIENTED_EDGE('',*,*,#3073,.F.);
#3073 = EDGE_CURVE('',#3074,#3065,#3076,.T.);
#3074 = VERTEX_POINT('',#3075);
#3075 = CARTESIAN_POINT('',(42.5,15.,4.5));
#3076 = CIRCLE('',#3077,6.5);
#3077 = AXIS2_PLACEMENT_3D('',#3078,#3079,#3080);
#3078 = CARTESIAN_POINT('',(42.5,15.,11.));
#3079 = DIRECTION('',(0.,-1.,0.));
#3080 = DIRECTION('',(1.,0.,0.));
#3081 = ORIENTED_EDGE('',*,*,#3082,.F.);
#3082 = EDGE_CURVE('',#2305,#3074,#3083,.T.);
#3083 = LINE('',#3084,#3085);
#3084 = CARTESIAN_POINT('',(17.5,15.,4.5));
#3085 = VECTOR('',#3086,1.);
#3086 = DIRECTION('',(1.,0.,0.));
#3087 = ORIENTED_EDGE('',*,*,#2304,.F.);
#3088 = FACE_BOUND('',#3089,.F.);
#3089 = EDGE_LOOP('',(#3090,#3101,#3109,#3118,#3126,#3135,#3143,#3152));
#3090 = ORIENTED_EDGE('',*,*,#3091,.T.);
#3091 = EDGE_CURVE('',#3092,#3094,#3096,.T.);
#3092 = VERTEX_POINT('',#3093);
#3093 = CARTESIAN_POINT('',(17.53,15.,24.4867608));
#3094 = VERTEX_POINT('',#3095);
#3095 = CARTESIAN_POINT('',(11.1,15.,18.0567608));
#3096 = CIRCLE('',#3097,6.43);
#3097 = AXIS2_PLACEMENT_3D('',#3098,#3099,#3100);
#3098 = CARTESIAN_POINT('',(17.53,15.,18.0567608));
#3099 = DIRECTION('',(0.,-1.,0.));
#3100 = DIRECTION('',(1.,0.,0.));
#3101 = ORIENTED_EDGE('',*,*,#3102,.T.);
#3102 = EDGE_CURVE('',#3094,#3103,#3105,.T.);
#3103 = VERTEX_POINT('',#3104);
#3104 = CARTESIAN_POINT('',(11.1,15.,10.9866455));
#3105 = LINE('',#3106,#3107);
#3106 = CARTESIAN_POINT('',(11.1,15.,18.0567608));
#3107 = VECTOR('',#3108,1.);
#3108 = DIRECTION('',(0.,0.,-1.));
#3109 = ORIENTED_EDGE('',*,*,#3110,.T.);
#3110 = EDGE_CURVE('',#3103,#3111,#3113,.T.);
#3111 = VERTEX_POINT('',#3112);
#3112 = CARTESIAN_POINT('',(17.53,15.,4.5566455));
#3113 = CIRCLE('',#3114,6.43);
#3114 = AXIS2_PLACEMENT_3D('',#3115,#3116,#3117);
#3115 = CARTESIAN_POINT('',(17.53,15.,10.9866455));
#3116 = DIRECTION('',(0.,-1.,0.));
#3117 = DIRECTION('',(1.,0.,0.));
#3118 = ORIENTED_EDGE('',*,*,#3119,.T.);
#3119 = EDGE_CURVE('',#3111,#3120,#3122,.T.);
#3120 = VERTEX_POINT('',#3121);
#3121 = CARTESIAN_POINT('',(20.14,15.,4.5566455));
#3122 = LINE('',#3123,#3124);
#3123 = CARTESIAN_POINT('',(17.53,15.,4.5566455));
#3124 = VECTOR('',#3125,1.);
#3125 = DIRECTION('',(1.,0.,0.));
#3126 = ORIENTED_EDGE('',*,*,#3127,.T.);
#3127 = EDGE_CURVE('',#3120,#3128,#3130,.T.);
#3128 = VERTEX_POINT('',#3129);
#3129 = CARTESIAN_POINT('',(26.57,15.,10.9866455));
#3130 = CIRCLE('',#3131,6.43);
#3131 = AXIS2_PLACEMENT_3D('',#3132,#3133,#3134);
#3132 = CARTESIAN_POINT('',(20.14,15.,10.9866455));
#3133 = DIRECTION('',(0.,-1.,0.));
#3134 = DIRECTION('',(1.,0.,0.));
#3135 = ORIENTED_EDGE('',*,*,#3136,.T.);
#3136 = EDGE_CURVE('',#3128,#3137,#3139,.T.);
#3137 = VERTEX_POINT('',#3138);
#3138 = CARTESIAN_POINT('',(26.57,15.,18.0567608));
#3139 = LINE('',#3140,#3141);
#3140 = CARTESIAN_POINT('',(26.57,15.,10.9866455));
#3141 = VECTOR('',#3142,1.);
#3142 = DIRECTION('',(0.,0.,1.));
#3143 = ORIENTED_EDGE('',*,*,#3144,.T.);
#3144 = EDGE_CURVE('',#3137,#3145,#3147,.T.);
#3145 = VERTEX_POINT('',#3146);
#3146 = CARTESIAN_POINT('',(20.14,15.,24.4867608));
#3147 = CIRCLE('',#3148,6.43);
#3148 = AXIS2_PLACEMENT_3D('',#3149,#3150,#3151);
#3149 = CARTESIAN_POINT('',(20.14,15.,18.0567608));
#3150 = DIRECTION('',(0.,-1.,0.));
#3151 = DIRECTION('',(1.,0.,0.));
#3152 = ORIENTED_EDGE('',*,*,#3153,.T.);
#3153 = EDGE_CURVE('',#3145,#3092,#3154,.T.);
#3154 = LINE('',#3155,#3156);
#3155 = CARTESIAN_POINT('',(20.14,15.,24.4867608));
#3156 = VECTOR('',#3157,1.);
#3157 = DIRECTION('',(-1.,0.,0.));
#3158 = PLANE('',#3159);
#3159 = AXIS2_PLACEMENT_3D('',#3160,#3161,#3162);
#3160 = CARTESIAN_POINT('',(30.,15.,14.5));
#3161 = DIRECTION('',(0.,1.,0.));
#3162 = DIRECTION('',(0.,0.,1.));
#3163 = ADVANCED_FACE('',(#3164),#3175,.F.);
#3164 = FACE_BOUND('',#3165,.F.);
#3165 = EDGE_LOOP('',(#3166,#3167,#3168,#3174));
#3166 = ORIENTED_EDGE('',*,*,#2313,.T.);
#3167 = ORIENTED_EDGE('',*,*,#3082,.T.);
#3168 = ORIENTED_EDGE('',*,*,#3169,.F.);
#3169 = EDGE_CURVE('',#2804,#3074,#3170,.T.);
#3170 = LINE('',#3171,#3172);
#3171 = CARTESIAN_POINT('',(42.5,1.E-15,4.5));
#3172 = VECTOR('',#3173,1.);
#3173 = DIRECTION('',(0.,1.,-2.2E-16));
#3174 = ORIENTED_EDGE('',*,*,#2810,.F.);
#3175 = PLANE('',#3176);
#3176 = AXIS2_PLACEMENT_3D('',#3177,#3178,#3179);
#3177 = CARTESIAN_POINT('',(17.5,1.E-15,4.5));
#3178 = DIRECTION('',(0.,-2.2E-16,-1.));
#3179 = DIRECTION('',(1.,0.,0.));
#3180 = ADVANCED_FACE('',(#3181),#3193,.T.);
#3181 = FACE_BOUND('',#3182,.F.);
#3182 = EDGE_LOOP('',(#3183,#3190,#3191,#3192));
#3183 = ORIENTED_EDGE('',*,*,#3184,.F.);
#3184 = EDGE_CURVE('',#2522,#2363,#3185,.T.);
#3185 = CIRCLE('',#3186,3.);
#3186 = AXIS2_PLACEMENT_3D('',#3187,#3188,#3189);
#3187 = CARTESIAN_POINT('',(3.,37.,27.));
#3188 = DIRECTION('',(9.E-17,-1.,0.));
#3189 = DIRECTION('',(-1.,-9.E-17,0.));
#3190 = ORIENTED_EDGE('',*,*,#2529,.T.);
#3191 = ORIENTED_EDGE('',*,*,#2343,.T.);
#3192 = ORIENTED_EDGE('',*,*,#2370,.F.);
#3193 = CYLINDRICAL_SURFACE('',#3194,3.);
#3194 = AXIS2_PLACEMENT_3D('',#3195,#3196,#3197);
#3195 = CARTESIAN_POINT('',(3.,40.,27.));
#3196 = DIRECTION('',(0.,-1.,0.));
#3197 = DIRECTION('',(-1.,0.,0.));
#3198 = ADVANCED_FACE('',(#3199),#3224,.T.);
#3199 = FACE_BOUND('',#3200,.T.);
#3200 = EDGE_LOOP('',(#3201,#3209,#3216,#3217));
#3201 = ORIENTED_EDGE('',*,*,#3202,.F.);
#3202 = EDGE_CURVE('',#2867,#3203,#3205,.T.);
#3203 = VERTEX_POINT('',#3204);
#3204 = CARTESIAN_POINT('',(3.,40.,27.));
#3205 = LINE('',#3206,#3207);
#3206 = CARTESIAN_POINT('',(3.,40.,0.));
#3207 = VECTOR('',#3208,1.);
#3208 = DIRECTION('',(0.,0.,1.));
#3209 = ORIENTED_EDGE('',*,*,#3210,.T.);
#3210 = EDGE_CURVE('',#2867,#2361,#3211,.T.);
#3211 = CIRCLE('',#3212,3.);
#3212 = AXIS2_PLACEMENT_3D('',#3213,#3214,#3215);
#3213 = CARTESIAN_POINT('',(3.,37.,3.));
#3214 = DIRECTION('',(0.,0.,1.));
#3215 = DIRECTION('',(-1.5E-16,1.,0.));
#3216 = ORIENTED_EDGE('',*,*,#2360,.T.);
#3217 = ORIENTED_EDGE('',*,*,#3218,.F.);
#3218 = EDGE_CURVE('',#3203,#2363,#3219,.T.);
#3219 = CIRCLE('',#3220,3.);
#3220 = AXIS2_PLACEMENT_3D('',#3221,#3222,#3223);
#3221 = CARTESIAN_POINT('',(3.,37.,27.));
#3222 = DIRECTION('',(0.,0.,1.));
#3223 = DIRECTION('',(-1.5E-16,1.,0.));
#3224 = CYLINDRICAL_SURFACE('',#3225,3.);
#3225 = AXIS2_PLACEMENT_3D('',#3226,#3227,#3228);
#3226 = CARTESIAN_POINT('',(3.,37.,0.));
#3227 = DIRECTION('',(0.,0.,1.));
#3228 = DIRECTION('',(0.,1.,0.));
#3229 = ADVANCED_FACE('',(#3230),#3241,.F.);
#3230 = FACE_BOUND('',#3231,.F.);
#3231 = EDGE_LOOP('',(#3232,#3238,#3239,#3240));
#3232 = ORIENTED_EDGE('',*,*,#3233,.T.);
#3233 = EDGE_CURVE('',#2468,#2997,#3234,.T.);
#3234 = LINE('',#3235,#3236);
#3235 = CARTESIAN_POINT('',(42.5,5.44E-15,24.5));
#3236 = VECTOR('',#3237,1.);
#3237 = DIRECTION('',(0.,1.,-2.2E-16));
#3238 = ORIENTED_EDGE('',*,*,#2996,.T.);
#3239 = ORIENTED_EDGE('',*,*,#2727,.F.);
#3240 = ORIENTED_EDGE('',*,*,#2476,.F.);
#3241 = PLANE('',#3242);
#3242 = AXIS2_PLACEMENT_3D('',#3243,#3244,#3245);
#3243 = CARTESIAN_POINT('',(42.5,5.44E-15,24.5));
#3244 = DIRECTION('',(0.,2.2E-16,1.));
#3245 = DIRECTION('',(-1.,0.,0.));
#3246 = ADVANCED_FACE('',(#3247),#3272,.T.);
#3247 = FACE_BOUND('',#3248,.F.);
#3248 = EDGE_LOOP('',(#3249,#3258,#3259,#3266));
#3249 = ORIENTED_EDGE('',*,*,#3250,.F.);
#3250 = EDGE_CURVE('',#2520,#3251,#3253,.T.);
#3251 = VERTEX_POINT('',#3252);
#3252 = CARTESIAN_POINT('',(57.,40.,27.));
#3253 = CIRCLE('',#3254,3.);
#3254 = AXIS2_PLACEMENT_3D('',#3255,#3256,#3257);
#3255 = CARTESIAN_POINT('',(57.,37.,27.));
#3256 = DIRECTION('',(-1.,0.,0.));
#3257 = DIRECTION('',(0.,1.,0.));
#3258 = ORIENTED_EDGE('',*,*,#2519,.T.);
#3259 = ORIENTED_EDGE('',*,*,#3260,.T.);
#3260 = EDGE_CURVE('',#2522,#3203,#3261,.T.);
#3261 = CIRCLE('',#3262,3.);
#3262 = AXIS2_PLACEMENT_3D('',#3263,#3264,#3265);
#3263 = CARTESIAN_POINT('',(3.,37.,27.));
#3264 = DIRECTION('',(-1.,-1.5E-16,-0.));
#3265 = DIRECTION('',(-1.5E-16,1.,0.));
#3266 = ORIENTED_EDGE('',*,*,#3267,.F.);
#3267 = EDGE_CURVE('',#3251,#3203,#3268,.T.);
#3268 = LINE('',#3269,#3270);
#3269 = CARTESIAN_POINT('',(60.,40.,27.));
#3270 = VECTOR('',#3271,1.);
#3271 = DIRECTION('',(-1.,0.,0.));
#3272 = CYLINDRICAL_SURFACE('',#3273,3.);
#3273 = AXIS2_PLACEMENT_3D('',#3274,#3275,#3276);
#3274 = CARTESIAN_POINT('',(60.,37.,27.));
#3275 = DIRECTION('',(-1.,0.,0.));
#3276 = DIRECTION('',(0.,1.,0.));
#3277 = ADVANCED_FACE('',(#3278),#3297,.T.);
#3278 = FACE_BOUND('',#3279,.F.);
#3279 = EDGE_LOOP('',(#3280,#3281,#3282,#3291));
#3280 = ORIENTED_EDGE('',*,*,#2654,.F.);
#3281 = ORIENTED_EDGE('',*,*,#2536,.T.);
#3282 = ORIENTED_EDGE('',*,*,#3283,.T.);
#3283 = EDGE_CURVE('',#2520,#3284,#3286,.T.);
#3284 = VERTEX_POINT('',#3285);
#3285 = CARTESIAN_POINT('',(60.,37.,27.));
#3286 = CIRCLE('',#3287,3.);
#3287 = AXIS2_PLACEMENT_3D('',#3288,#3289,#3290);
#3288 = CARTESIAN_POINT('',(57.,37.,27.));
#3289 = DIRECTION('',(-6.E-17,1.,0.));
#3290 = DIRECTION('',(1.,6.E-17,0.));
#3291 = ORIENTED_EDGE('',*,*,#3292,.F.);
#3292 = EDGE_CURVE('',#2655,#3284,#3293,.T.);
#3293 = LINE('',#3294,#3295);
#3294 = CARTESIAN_POINT('',(60.,0.,27.));
#3295 = VECTOR('',#3296,1.);
#3296 = DIRECTION('',(0.,1.,0.));
#3297 = CYLINDRICAL_SURFACE('',#3298,3.);
#3298 = AXIS2_PLACEMENT_3D('',#3299,#3300,#3301);
#3299 = CARTESIAN_POINT('',(57.,0.,27.));
#3300 = DIRECTION('',(0.,1.,0.));
#3301 = DIRECTION('',(1.,0.,0.));
#3302 = ADVANCED_FACE('',(#3303),#3322,.F.);
#3303 = FACE_BOUND('',#3304,.F.);
#3304 = EDGE_LOOP('',(#3305,#3313,#3320,#3321));
#3305 = ORIENTED_EDGE('',*,*,#3306,.T.);
#3306 = EDGE_CURVE('',#2545,#3307,#3309,.T.);
#3307 = VERTEX_POINT('',#3308);
#3308 = CARTESIAN_POINT('',(16.48922974465,30.,20.));
#3309 = LINE('',#3310,#3311);
#3310 = CARTESIAN_POINT('',(16.48922974465,30.,30.));
#3311 = VECTOR('',#3312,1.);
#3312 = DIRECTION('',(-0.,-0.,-1.));
#3313 = ORIENTED_EDGE('',*,*,#3314,.T.);
#3314 = EDGE_CURVE('',#3307,#3307,#3315,.T.);
#3315 = CIRCLE('',#3316,2.5);
#3316 = AXIS2_PLACEMENT_3D('',#3317,#3318,#3319);
#3317 = CARTESIAN_POINT('',(13.98922974465,30.,20.));
#3318 = DIRECTION('',(0.,0.,1.));
#3319 = DIRECTION('',(1.,0.,0.));
#3320 = ORIENTED_EDGE('',*,*,#3306,.F.);
#3321 = ORIENTED_EDGE('',*,*,#2544,.F.);
#3322 = CYLINDRICAL_SURFACE('',#3323,2.5);
#3323 = AXIS2_PLACEMENT_3D('',#3324,#3325,#3326);
#3324 = CARTESIAN_POINT('',(13.98922974465,30.,30.));
#3325 = DIRECTION('',(0.,0.,1.));
#3326 = DIRECTION('',(1.,0.,0.));
#3327 = ADVANCED_FACE('',(#3328),#3347,.F.);
#3328 = FACE_BOUND('',#3329,.F.);
#3329 = EDGE_LOOP('',(#3330,#3338,#3345,#3346));
#3330 = ORIENTED_EDGE('',*,*,#3331,.T.);
#3331 = EDGE_CURVE('',#2556,#3332,#3334,.T.);
#3332 = VERTEX_POINT('',#3333);
#3333 = CARTESIAN_POINT('',(46.80922974465,30.,20.));
#3334 = LINE('',#3335,#3336);
#3335 = CARTESIAN_POINT('',(46.80922974465,30.,30.));
#3336 = VECTOR('',#3337,1.);
#3337 = DIRECTION('',(-0.,-0.,-1.));
#3338 = ORIENTED_EDGE('',*,*,#3339,.T.);
#3339 = EDGE_CURVE('',#3332,#3332,#3340,.T.);
#3340 = CIRCLE('',#3341,2.5);
#3341 = AXIS2_PLACEMENT_3D('',#3342,#3343,#3344);
#3342 = CARTESIAN_POINT('',(44.30922974465,30.,20.));
#3343 = DIRECTION('',(0.,0.,1.));
#3344 = DIRECTION('',(1.,0.,0.));
#3345 = ORIENTED_EDGE('',*,*,#3331,.F.);
#3346 = ORIENTED_EDGE('',*,*,#2555,.F.);
#3347 = CYLINDRICAL_SURFACE('',#3348,2.5);
#3348 = AXIS2_PLACEMENT_3D('',#3349,#3350,#3351);
#3349 = CARTESIAN_POINT('',(44.30922974465,30.,30.));
#3350 = DIRECTION('',(0.,0.,1.));
#3351 = DIRECTION('',(1.,0.,0.));
#3352 = ADVANCED_FACE('',(#3353),#3364,.F.);
#3353 = FACE_BOUND('',#3354,.F.);
#3354 = EDGE_LOOP('',(#3355,#3361,#3362,#3363));
#3355 = ORIENTED_EDGE('',*,*,#3356,.F.);
#3356 = EDGE_CURVE('',#3005,#2582,#3357,.T.);
#3357 = LINE('',#3358,#3359);
#3358 = CARTESIAN_POINT('',(43.545184818019,5.42E-15,24.415418045317));
#3359 = VECTOR('',#3360,1.);
#3360 = DIRECTION('',(0.,-1.,2.2E-16));
#3361 = ORIENTED_EDGE('',*,*,#3004,.T.);
#3362 = ORIENTED_EDGE('',*,*,#3233,.F.);
#3363 = ORIENTED_EDGE('',*,*,#2609,.F.);
#3364 = CYLINDRICAL_SURFACE('',#3365,6.5);
#3365 = AXIS2_PLACEMENT_3D('',#3366,#3367,#3368);
#3366 = CARTESIAN_POINT('',(42.5,4.E-15,18.));
#3367 = DIRECTION('',(0.,-1.,2.2E-16));
#3368 = DIRECTION('',(1.,0.,0.));
#3369 = ADVANCED_FACE('',(#3370),#3420,.T.);
#3370 = FACE_BOUND('',#3371,.F.);
#3371 = EDGE_LOOP('',(#3372,#3394,#3402,#3411,#3417,#3418,#3419));
#3372 = ORIENTED_EDGE('',*,*,#3373,.F.);
#3373 = EDGE_CURVE('',#3374,#2574,#3376,.T.);
#3374 = VERTEX_POINT('',#3375);
#3375 = CARTESIAN_POINT('',(49.02,5.979752935017,18.0567608));
#3376 = B_SPLINE_CURVE_WITH_KNOTS('',6,(#3377,#3378,#3379,#3380,#3381,
    #3382,#3383,#3384,#3385,#3386,#3387,#3388,#3389,#3390,#3391,#3392,
    #3393),.UNSPECIFIED.,.F.,.F.,(7,5,5,7),(0.,0.242368661432,
    0.69578276061,1.),.UNSPECIFIED.);
#3377 = CARTESIAN_POINT('',(49.02,5.979752935017,18.0567608));
#3378 = CARTESIAN_POINT('',(49.02,5.977926696396,18.266545140793));
#3379 = CARTESIAN_POINT('',(49.011786692745,5.976214499235,
    18.47632281155));
#3380 = CARTESIAN_POINT('',(48.995361203436,5.974619603287,
    18.685701055449));
#3381 = CARTESIAN_POINT('',(48.970748072957,5.973144986014,
    18.894283310849));
#3382 = CARTESIAN_POINT('',(48.937998049754,5.971793303014,
    19.101669760091));
#3383 = CARTESIAN_POINT('',(48.820850379486,5.968272443766,
    19.692438484629));
#3384 = CARTESIAN_POINT('',(48.716305656305,5.966416115823,
    20.071857229335));
#3385 = CARTESIAN_POINT('',(48.584068419642,5.965012918562,
    20.443091338836));
#3386 = CARTESIAN_POINT('',(48.424972863456,5.964072572983,
    20.803640693021));
#3387 = CARTESIAN_POINT('',(48.240127860051,5.963600325388,
    21.151113795579));
#3388 = CARTESIAN_POINT('',(47.890622529441,5.963593314616,
    21.706097252375));
#3389 = CARTESIAN_POINT('',(47.739329080771,5.963801204708,
    21.922048274363));
#3390 = CARTESIAN_POINT('',(47.577508997419,5.964219804945,
    22.130425664578));
#3391 = CARTESIAN_POINT('',(47.405640383562,5.964848110143,
    22.330592865727));
#3392 = CARTESIAN_POINT('',(47.224252059112,5.965684104969,
    22.52195486018));
#3393 = CARTESIAN_POINT('',(47.033923559717,5.96672476394,
    22.703958169963));
#3394 = ORIENTED_EDGE('',*,*,#3395,.T.);
#3395 = EDGE_CURVE('',#3374,#3396,#3398,.T.);
#3396 = VERTEX_POINT('',#3397);
#3397 = CARTESIAN_POINT('',(49.02,5.,18.0567608));
#3398 = LINE('',#3399,#3400);
#3399 = CARTESIAN_POINT('',(49.02,15.,18.0567608));
#3400 = VECTOR('',#3401,1.);
#3401 = DIRECTION('',(0.,-1.,2.2E-16));
#3402 = ORIENTED_EDGE('',*,*,#3403,.T.);
#3403 = EDGE_CURVE('',#3396,#3404,#3406,.T.);
#3404 = VERTEX_POINT('',#3405);
#3405 = CARTESIAN_POINT('',(42.59,5.,24.4867608));
#3406 = CIRCLE('',#3407,6.43);
#3407 = AXIS2_PLACEMENT_3D('',#3408,#3409,#3410);
#3408 = CARTESIAN_POINT('',(42.59,5.,18.0567608));
#3409 = DIRECTION('',(0.,-1.,0.));
#3410 = DIRECTION('',(1.,0.,0.));
#3411 = ORIENTED_EDGE('',*,*,#3412,.F.);
#3412 = EDGE_CURVE('',#3014,#3404,#3413,.T.);
#3413 = LINE('',#3414,#3415);
#3414 = CARTESIAN_POINT('',(42.59,15.,24.4867608));
#3415 = VECTOR('',#3416,1.);
#3416 = DIRECTION('',(0.,-1.,2.2E-16));
#3417 = ORIENTED_EDGE('',*,*,#3013,.F.);
#3418 = ORIENTED_EDGE('',*,*,#3356,.T.);
#3419 = ORIENTED_EDGE('',*,*,#2581,.F.);
#3420 = CYLINDRICAL_SURFACE('',#3421,6.43);
#3421 = AXIS2_PLACEMENT_3D('',#3422,#3423,#3424);
#3422 = CARTESIAN_POINT('',(42.59,15.,18.0567608));
#3423 = DIRECTION('',(0.,1.,-2.2E-16));
#3424 = DIRECTION('',(1.,0.,0.));
#3425 = ADVANCED_FACE('',(#3426),#3446,.F.);
#3426 = FACE_BOUND('',#3427,.T.);
#3427 = EDGE_LOOP('',(#3428,#3436,#3437,#3438,#3439));
#3428 = ORIENTED_EDGE('',*,*,#3429,.F.);
#3429 = EDGE_CURVE('',#2698,#3430,#3432,.T.);
#3430 = VERTEX_POINT('',#3431);
#3431 = CARTESIAN_POINT('',(49.02,5.98,18.));
#3432 = LINE('',#3433,#3434);
#3433 = CARTESIAN_POINT('',(52.,3.,18.));
#3434 = VECTOR('',#3435,1.);
#3435 = DIRECTION('',(-0.707106781187,0.707106781187,-1.6E-16));
#3436 = ORIENTED_EDGE('',*,*,#2705,.T.);
#3437 = ORIENTED_EDGE('',*,*,#2573,.T.);
#3438 = ORIENTED_EDGE('',*,*,#3373,.F.);
#3439 = ORIENTED_EDGE('',*,*,#3440,.F.);
#3440 = EDGE_CURVE('',#3430,#3374,#3441,.T.);
#3441 = HYPERBOLA('',#3442,6.52,6.52);
#3442 = AXIS2_PLACEMENT_3D('',#3443,#3444,#3445);
#3443 = CARTESIAN_POINT('',(49.02,12.5,18.));
#3444 = DIRECTION('',(-1.,0.,0.));
#3445 = DIRECTION('',(-0.,-1.,-0.));
#3446 = CONICAL_SURFACE('',#3447,6.5,0.785398163397);
#3447 = AXIS2_PLACEMENT_3D('',#3448,#3449,#3450);
#3448 = CARTESIAN_POINT('',(42.5,6.,18.));
#3449 = DIRECTION('',(-0.,-1.,-0.));
#3450 = DIRECTION('',(1.,0.,0.));
#3451 = ADVANCED_FACE('',(#3452),#3469,.T.);
#3452 = FACE_BOUND('',#3453,.T.);
#3453 = EDGE_LOOP('',(#3454,#3455,#3462,#3468));
#3454 = ORIENTED_EDGE('',*,*,#2713,.F.);
#3455 = ORIENTED_EDGE('',*,*,#3456,.T.);
#3456 = EDGE_CURVE('',#2681,#2933,#3457,.T.);
#3457 = CIRCLE('',#3458,3.);
#3458 = AXIS2_PLACEMENT_3D('',#3459,#3460,#3461);
#3459 = CARTESIAN_POINT('',(57.,3.,3.));
#3460 = DIRECTION('',(-0.,0.,1.));
#3461 = DIRECTION('',(0.,-1.,0.));
#3462 = ORIENTED_EDGE('',*,*,#3463,.T.);
#3463 = EDGE_CURVE('',#2933,#2655,#3464,.T.);
#3464 = LINE('',#3465,#3466);
#3465 = CARTESIAN_POINT('',(60.,3.,0.));
#3466 = VECTOR('',#3467,1.);
#3467 = DIRECTION('',(0.,0.,1.));
#3468 = ORIENTED_EDGE('',*,*,#2663,.F.);
#3469 = CYLINDRICAL_SURFACE('',#3470,3.);
#3470 = AXIS2_PLACEMENT_3D('',#3471,#3472,#3473);
#3471 = CARTESIAN_POINT('',(57.,3.,0.));
#3472 = DIRECTION('',(0.,0.,1.));
#3473 = DIRECTION('',(0.,-1.,0.));
#3474 = ADVANCED_FACE('',(#3475),#3531,.F.);
#3475 = FACE_BOUND('',#3476,.T.);
#3476 = EDGE_LOOP('',(#3477,#3484,#3485,#3493,#3502));
#3477 = ORIENTED_EDGE('',*,*,#3478,.F.);
#3478 = EDGE_CURVE('',#2679,#3479,#3481,.T.);
#3479 = VERTEX_POINT('',#3480);
#3480 = CARTESIAN_POINT('',(47.500219972561,5.992473638455,
    6.835183128611));
#3481 = B_SPLINE_CURVE_WITH_KNOTS('',1,(#3482,#3483),.UNSPECIFIED.,.F.,
  .F.,(2,2),(0.,3.435880622971),.PIECEWISE_BEZIER_KNOTS.);
#3482 = CARTESIAN_POINT('',(52.104686356149,-4.4E-16,3.));
#3483 = CARTESIAN_POINT('',(47.494436905197,6.,6.84));
#3484 = ORIENTED_EDGE('',*,*,#2688,.T.);
#3485 = ORIENTED_EDGE('',*,*,#3486,.T.);
#3486 = EDGE_CURVE('',#2689,#3487,#3489,.T.);
#3487 = VERTEX_POINT('',#3488);
#3488 = CARTESIAN_POINT('',(49.02,5.98,11.));
#3489 = LINE('',#3490,#3491);
#3490 = CARTESIAN_POINT('',(49.,6.,11.));
#3491 = VECTOR('',#3492,1.);
#3492 = DIRECTION('',(-0.707106781187,0.707106781187,4.E-17));
#3493 = ORIENTED_EDGE('',*,*,#3494,.F.);
#3494 = EDGE_CURVE('',#3495,#3487,#3497,.T.);
#3495 = VERTEX_POINT('',#3496);
#3496 = CARTESIAN_POINT('',(49.02,5.979986323429,10.9866455));
#3497 = HYPERBOLA('',#3498,6.52,6.52);
#3498 = AXIS2_PLACEMENT_3D('',#3499,#3500,#3501);
#3499 = CARTESIAN_POINT('',(49.02,12.5,11.));
#3500 = DIRECTION('',(-1.,0.,0.));
#3501 = DIRECTION('',(-0.,-1.,-0.));
#3502 = ORIENTED_EDGE('',*,*,#3503,.F.);
#3503 = EDGE_CURVE('',#3479,#3495,#3504,.T.);
#3504 = B_SPLINE_CURVE_WITH_KNOTS('',4,(#3505,#3506,#3507,#3508,#3509,
    #3510,#3511,#3512,#3513,#3514,#3515,#3516,#3517,#3518,#3519,#3520,
    #3521,#3522,#3523,#3524,#3525,#3526,#3527,#3528,#3529,#3530),
  .UNSPECIFIED.,.F.,.F.,(5,3,3,3,3,3,3,3,5),(0.,0.191974472619,
    0.383436061332,0.574890293024,0.766340516106,0.781415274002,
    0.795987538979,0.810057312652,1.),.UNSPECIFIED.);
#3505 = CARTESIAN_POINT('',(47.500219972561,5.992473638455,
    6.835183128611));
#3506 = CARTESIAN_POINT('',(47.640046128471,5.990879213872,
    7.000565136687));
#3507 = CARTESIAN_POINT('',(47.772448577926,5.989400875589,7.17223041748
    ));
#3508 = CARTESIAN_POINT('',(47.897002505439,5.988043298691,
    7.349677987945));
#3509 = CARTESIAN_POINT('',(48.129395059835,5.985580181281,
    7.714542148993));
#3510 = CARTESIAN_POINT('',(48.237277772762,5.984473974133,
    7.901931331668));
#3511 = CARTESIAN_POINT('',(48.336651534417,5.983495051069,
    8.093972262999));
#3512 = CARTESIAN_POINT('',(48.517829704097,5.981796743271,
    8.486166800366));
#3513 = CARTESIAN_POINT('',(48.599635034719,5.981077346524,
    8.686320624033));
#3514 = CARTESIAN_POINT('',(48.672384467354,5.980490158342,
    8.889943157271));
#3515 = CARTESIAN_POINT('',(48.799386173142,5.979582844286,9.302875052)
  );
#3516 = CARTESIAN_POINT('',(48.853639007025,5.979262711731,9.51218485338
    ));
#3517 = CARTESIAN_POINT('',(48.898452556418,5.979077415888,
    9.723717549551));
#3518 = CARTESIAN_POINT('',(48.93649726352,5.979023141586,9.953610273872
    ));
#3519 = CARTESIAN_POINT('',(48.93921505538,5.979020016862,9.970400495128
    ));
#3520 = CARTESIAN_POINT('',(48.94187361202,5.979017729099,9.987200198203
    ));
#3521 = CARTESIAN_POINT('',(48.946985515148,5.979014875905,
    10.020257643255));
#3522 = CARTESIAN_POINT('',(48.949442748025,5.979014255605,
    10.036514784228));
#3523 = CARTESIAN_POINT('',(48.951844539652,5.979014417446,
    10.052780208444));
#3524 = CARTESIAN_POINT('',(48.956456251384,5.979016272826,
    10.084765903414));
#3525 = CARTESIAN_POINT('',(48.958669931871,5.979017913357,
    10.10048563201));
#3526 = CARTESIAN_POINT('',(48.960831853684,5.979020282988,
    10.116212561997));
#3527 = CARTESIAN_POINT('',(48.991428832926,5.979065214067,
    10.344354585399));
#3528 = CARTESIAN_POINT('',(49.010476363423,5.979239917485,
    10.558028819011));
#3529 = CARTESIAN_POINT('',(49.02,5.979547372028,10.772338027466));
#3530 = CARTESIAN_POINT('',(49.02,5.979986323429,10.9866455));
#3531 = CONICAL_SURFACE('',#3532,6.5,0.785398163397);
#3532 = AXIS2_PLACEMENT_3D('',#3533,#3534,#3535);
#3533 = CARTESIAN_POINT('',(42.5,6.,11.));
#3534 = DIRECTION('',(-0.,-1.,-0.));
#3535 = DIRECTION('',(0.,0.,-1.));
#3536 = ADVANCED_FACE('',(#3537),#3548,.T.);
#3537 = FACE_BOUND('',#3538,.T.);
#3538 = EDGE_LOOP('',(#3539,#3540,#3541,#3542));
#3539 = ORIENTED_EDGE('',*,*,#3486,.F.);
#3540 = ORIENTED_EDGE('',*,*,#2697,.T.);
#3541 = ORIENTED_EDGE('',*,*,#3429,.T.);
#3542 = ORIENTED_EDGE('',*,*,#3543,.T.);
#3543 = EDGE_CURVE('',#3430,#3487,#3544,.T.);
#3544 = LINE('',#3545,#3546);
#3545 = CARTESIAN_POINT('',(49.02,5.98,10.99332275));
#3546 = VECTOR('',#3547,1.);
#3547 = DIRECTION('',(0.,0.,-1.));
#3548 = PLANE('',#3549);
#3549 = AXIS2_PLACEMENT_3D('',#3550,#3551,#3552);
#3550 = CARTESIAN_POINT('',(52.,3.,11.));
#3551 = DIRECTION('',(-0.707106781187,-0.707106781187,0.));
#3552 = DIRECTION('',(-1.1E-16,1.1E-16,1.));
#3553 = ADVANCED_FACE('',(#3554),#3559,.T.);
#3554 = FACE_BOUND('',#3555,.T.);
#3555 = EDGE_LOOP('',(#3556,#3557,#3558));
#3556 = ORIENTED_EDGE('',*,*,#2866,.F.);
#3557 = ORIENTED_EDGE('',*,*,#2783,.T.);
#3558 = ORIENTED_EDGE('',*,*,#3210,.F.);
#3559 = SPHERICAL_SURFACE('',#3560,3.);
#3560 = AXIS2_PLACEMENT_3D('',#3561,#3562,#3563);
#3561 = CARTESIAN_POINT('',(3.,37.,3.));
#3562 = DIRECTION('',(0.,0.,1.));
#3563 = DIRECTION('',(-1.5E-16,1.,0.));
#3564 = ADVANCED_FACE('',(#3565),#3576,.T.);
#3565 = FACE_BOUND('',#3566,.F.);
#3566 = EDGE_LOOP('',(#3567,#3568,#3569));
#3567 = ORIENTED_EDGE('',*,*,#2856,.F.);
#3568 = ORIENTED_EDGE('',*,*,#2942,.T.);
#3569 = ORIENTED_EDGE('',*,*,#3570,.F.);
#3570 = EDGE_CURVE('',#2857,#2943,#3571,.T.);
#3571 = CIRCLE('',#3572,3.);
#3572 = AXIS2_PLACEMENT_3D('',#3573,#3574,#3575);
#3573 = CARTESIAN_POINT('',(57.,37.,3.));
#3574 = DIRECTION('',(0.,0.,-1.));
#3575 = DIRECTION('',(0.,1.,0.));
#3576 = SPHERICAL_SURFACE('',#3577,3.);
#3577 = AXIS2_PLACEMENT_3D('',#3578,#3579,#3580);
#3578 = CARTESIAN_POINT('',(57.,37.,3.));
#3579 = DIRECTION('',(0.,0.,1.));
#3580 = DIRECTION('',(0.,1.,0.));
#3581 = ADVANCED_FACE('',(#3582),#3593,.F.);
#3582 = FACE_BOUND('',#3583,.F.);
#3583 = EDGE_LOOP('',(#3584,#3590,#3591,#3592));
#3584 = ORIENTED_EDGE('',*,*,#3585,.T.);
#3585 = EDGE_CURVE('',#2857,#3251,#3586,.T.);
#3586 = LINE('',#3587,#3588);
#3587 = CARTESIAN_POINT('',(57.,40.,0.));
#3588 = VECTOR('',#3589,1.);
#3589 = DIRECTION('',(0.,0.,1.));
#3590 = ORIENTED_EDGE('',*,*,#3267,.T.);
#3591 = ORIENTED_EDGE('',*,*,#3202,.F.);
#3592 = ORIENTED_EDGE('',*,*,#2875,.F.);
#3593 = PLANE('',#3594);
#3594 = AXIS2_PLACEMENT_3D('',#3595,#3596,#3597);
#3595 = CARTESIAN_POINT('',(60.,40.,0.));
#3596 = DIRECTION('',(0.,-1.,0.));
#3597 = DIRECTION('',(-1.,0.,0.));
#3598 = ADVANCED_FACE('',(#3599),#3624,.F.);
#3599 = FACE_BOUND('',#3600,.F.);
#3600 = EDGE_LOOP('',(#3601,#3602,#3603,#3604,#3612));
#3601 = ORIENTED_EDGE('',*,*,#2898,.F.);
#3602 = ORIENTED_EDGE('',*,*,#3169,.T.);
#3603 = ORIENTED_EDGE('',*,*,#3073,.T.);
#3604 = ORIENTED_EDGE('',*,*,#3605,.T.);
#3605 = EDGE_CURVE('',#3065,#3606,#3608,.T.);
#3606 = VERTEX_POINT('',#3607);
#3607 = CARTESIAN_POINT('',(46.858837122374,6.000000000057,
    6.178118737816));
#3608 = LINE('',#3609,#3610);
#3609 = CARTESIAN_POINT('',(46.858837340006,1.37E-15,6.178118931022));
#3610 = VECTOR('',#3611,1.);
#3611 = DIRECTION('',(0.,-1.,2.2E-16));
#3612 = ORIENTED_EDGE('',*,*,#3613,.F.);
#3613 = EDGE_CURVE('',#2892,#3606,#3614,.T.);
#3614 = B_SPLINE_CURVE_WITH_KNOTS('',8,(#3615,#3616,#3617,#3618,#3619,
    #3620,#3621,#3622,#3623),.UNSPECIFIED.,.F.,.F.,(9,9),(
    54.680409022961,58.116289645932),.PIECEWISE_BEZIER_KNOTS.);
#3615 = CARTESIAN_POINT('',(44.715354262602,5.999999769988,
    4.889173092684));
#3616 = CARTESIAN_POINT('',(45.118776326529,6.000000153622,5.03542544159
    ));
#3617 = CARTESIAN_POINT('',(45.511278326906,5.99999989097,5.212156689691
    ));
#3618 = CARTESIAN_POINT('',(45.890304581998,6.000000072651,
    5.418476474128));
#3619 = CARTESIAN_POINT('',(46.252987854066,5.999999960584,
    5.653116544381));
#3620 = CARTESIAN_POINT('',(46.596890557921,6.000000014838,
    5.914443681835));
#3621 = CARTESIAN_POINT('',(46.919776833017,5.999999997085,
    6.200746309757));
#3622 = CARTESIAN_POINT('',(47.219566467374,6.,6.509994457016));
#3623 = CARTESIAN_POINT('',(47.494436905197,6.,6.84));
#3624 = CYLINDRICAL_SURFACE('',#3625,6.5);
#3625 = AXIS2_PLACEMENT_3D('',#3626,#3627,#3628);
#3626 = CARTESIAN_POINT('',(42.5,2.44E-15,11.));
#3627 = DIRECTION('',(0.,-1.,2.2E-16));
#3628 = DIRECTION('',(1.,0.,0.));
#3629 = ADVANCED_FACE('',(#3630),#3644,.F.);
#3630 = FACE_BOUND('',#3631,.F.);
#3631 = EDGE_LOOP('',(#3632,#3633,#3634,#3635,#3643));
#3632 = ORIENTED_EDGE('',*,*,#2974,.F.);
#3633 = ORIENTED_EDGE('',*,*,#2891,.T.);
#3634 = ORIENTED_EDGE('',*,*,#3613,.T.);
#3635 = ORIENTED_EDGE('',*,*,#3636,.T.);
#3636 = EDGE_CURVE('',#3606,#3479,#3637,.T.);
#3637 = B_SPLINE_CURVE_WITH_KNOTS('',4,(#3638,#3639,#3640,#3641,#3642),
  .UNSPECIFIED.,.F.,.F.,(5,5),(0.,1.),.PIECEWISE_BEZIER_KNOTS.);
#3638 = CARTESIAN_POINT('',(46.858837122375,6.000000000057,
    6.178118737817));
#3639 = CARTESIAN_POINT('',(47.03059748596,5.998029658021,6.330601411302
    ));
#3640 = CARTESIAN_POINT('',(47.195131668259,5.996052170822,
    6.491296462678));
#3641 = CARTESIAN_POINT('',(47.35184436974,5.994165551581,6.659689101872
    ));
#3642 = CARTESIAN_POINT('',(47.500219972561,5.992473638455,
    6.835183128611));
#3643 = ORIENTED_EDGE('',*,*,#3478,.F.);
#3644 = B_SPLINE_SURFACE_WITH_KNOTS('',1,8,(
    (#3645,#3646,#3647,#3648,#3649,#3650,#3651,#3652,#3653)
    ,(#3654,#3655,#3656,#3657,#3658,#3659,#3660,#3661,#3662
  )),.UNSPECIFIED.,.F.,.F.,.F.,(2,2),(9,9),(0.,3.435880622971),(
    54.680409022961,58.116289645932),.PIECEWISE_BEZIER_KNOTS.);
#3645 = CARTESIAN_POINT('',(46.469983506128,3.,-4.4E-16));
#3646 = CARTESIAN_POINT('',(47.301551943057,2.513479678798,-3.2E-15));
#3647 = CARTESIAN_POINT('',(48.142766438695,1.943244129964,
    9.013362459093E-02));
#3648 = CARTESIAN_POINT('',(48.961306046364,1.337921106277,
    0.324929351535));
#3649 = CARTESIAN_POINT('',(49.70124355934,0.821299247211,0.735873252385
    ));
#3650 = CARTESIAN_POINT('',(50.378224201454,0.428752888267,
    1.218441208802));
#3651 = CARTESIAN_POINT('',(50.999673191004,0.152934903698,
    1.770992688843));
#3652 = CARTESIAN_POINT('',(51.576089360335,-1.98E-15,2.3653739558));
#3653 = CARTESIAN_POINT('',(52.104686356149,-4.4E-16,3.));
#3654 = CARTESIAN_POINT('',(44.715354262602,5.999999769988,
    4.889173092684));
#3655 = CARTESIAN_POINT('',(45.118776326529,6.000000153622,5.03542544159
    ));
#3656 = CARTESIAN_POINT('',(45.511278326906,5.99999989097,5.212156689691
    ));
#3657 = CARTESIAN_POINT('',(45.890304581998,6.000000072651,
    5.418476474128));
#3658 = CARTESIAN_POINT('',(46.252987854066,5.999999960584,
    5.653116544381));
#3659 = CARTESIAN_POINT('',(46.596890557921,6.000000014838,
    5.914443681835));
#3660 = CARTESIAN_POINT('',(46.919776833017,5.999999997085,
    6.200746309757));
#3661 = CARTESIAN_POINT('',(47.219566467374,6.,6.509994457016));
#3662 = CARTESIAN_POINT('',(47.494436905197,6.,6.84));
#3663 = ADVANCED_FACE('',(#3664),#3669,.T.);
#3664 = FACE_BOUND('',#3665,.T.);
#3665 = EDGE_LOOP('',(#3666,#3667,#3668));
#3666 = ORIENTED_EDGE('',*,*,#2966,.F.);
#3667 = ORIENTED_EDGE('',*,*,#2932,.T.);
#3668 = ORIENTED_EDGE('',*,*,#3456,.F.);
#3669 = SPHERICAL_SURFACE('',#3670,3.);
#3670 = AXIS2_PLACEMENT_3D('',#3671,#3672,#3673);
#3671 = CARTESIAN_POINT('',(57.,3.,3.));
#3672 = DIRECTION('',(0.,0.,1.));
#3673 = DIRECTION('',(0.,-1.,0.));
#3674 = ADVANCED_FACE('',(#3675),#3686,.F.);
#3675 = FACE_BOUND('',#3676,.F.);
#3676 = EDGE_LOOP('',(#3677,#3683,#3684,#3685));
#3677 = ORIENTED_EDGE('',*,*,#3678,.F.);
#3678 = EDGE_CURVE('',#2943,#3284,#3679,.T.);
#3679 = LINE('',#3680,#3681);
#3680 = CARTESIAN_POINT('',(60.,37.,0.));
#3681 = VECTOR('',#3682,1.);
#3682 = DIRECTION('',(0.,0.,1.));
#3683 = ORIENTED_EDGE('',*,*,#2951,.F.);
#3684 = ORIENTED_EDGE('',*,*,#3463,.T.);
#3685 = ORIENTED_EDGE('',*,*,#3292,.T.);
#3686 = PLANE('',#3687);
#3687 = AXIS2_PLACEMENT_3D('',#3688,#3689,#3690);
#3688 = CARTESIAN_POINT('',(60.,0.,0.));
#3689 = DIRECTION('',(-1.,0.,0.));
#3690 = DIRECTION('',(0.,1.,0.));
#3691 = ADVANCED_FACE('',(#3692),#3721,.T.);
#3692 = FACE_BOUND('',#3693,.F.);
#3693 = EDGE_LOOP('',(#3694,#3695,#3703,#3712,#3718,#3719,#3720));
#3694 = ORIENTED_EDGE('',*,*,#3064,.F.);
#3695 = ORIENTED_EDGE('',*,*,#3696,.T.);
#3696 = EDGE_CURVE('',#3057,#3697,#3699,.T.);
#3697 = VERTEX_POINT('',#3698);
#3698 = CARTESIAN_POINT('',(42.59,5.,4.5566455));
#3699 = LINE('',#3700,#3701);
#3700 = CARTESIAN_POINT('',(42.59,15.,4.5566455));
#3701 = VECTOR('',#3702,1.);
#3702 = DIRECTION('',(0.,-1.,2.2E-16));
#3703 = ORIENTED_EDGE('',*,*,#3704,.T.);
#3704 = EDGE_CURVE('',#3697,#3705,#3707,.T.);
#3705 = VERTEX_POINT('',#3706);
#3706 = CARTESIAN_POINT('',(49.02,5.,10.9866455));
#3707 = CIRCLE('',#3708,6.43);
#3708 = AXIS2_PLACEMENT_3D('',#3709,#3710,#3711);
#3709 = CARTESIAN_POINT('',(42.59,5.,10.9866455));
#3710 = DIRECTION('',(0.,-1.,0.));
#3711 = DIRECTION('',(1.,0.,0.));
#3712 = ORIENTED_EDGE('',*,*,#3713,.F.);
#3713 = EDGE_CURVE('',#3495,#3705,#3714,.T.);
#3714 = LINE('',#3715,#3716);
#3715 = CARTESIAN_POINT('',(49.02,15.,10.9866455));
#3716 = VECTOR('',#3717,1.);
#3717 = DIRECTION('',(0.,-1.,2.2E-16));
#3718 = ORIENTED_EDGE('',*,*,#3503,.F.);
#3719 = ORIENTED_EDGE('',*,*,#3636,.F.);
#3720 = ORIENTED_EDGE('',*,*,#3605,.F.);
#3721 = CYLINDRICAL_SURFACE('',#3722,6.43);
#3722 = AXIS2_PLACEMENT_3D('',#3723,#3724,#3725);
#3723 = CARTESIAN_POINT('',(42.59,15.,10.9866455));
#3724 = DIRECTION('',(0.,1.,-2.2E-16));
#3725 = DIRECTION('',(1.,0.,0.));
#3726 = ADVANCED_FACE('',(#3727),#3745,.F.);
#3727 = FACE_BOUND('',#3728,.F.);
#3728 = EDGE_LOOP('',(#3729,#3737,#3743,#3744));
#3729 = ORIENTED_EDGE('',*,*,#3730,.T.);
#3730 = EDGE_CURVE('',#3048,#3731,#3733,.T.);
#3731 = VERTEX_POINT('',#3732);
#3732 = CARTESIAN_POINT('',(39.98,5.,4.5566455));
#3733 = LINE('',#3734,#3735);
#3734 = CARTESIAN_POINT('',(39.98,15.,4.5566455));
#3735 = VECTOR('',#3736,1.);
#3736 = DIRECTION('',(0.,-1.,2.2E-16));
#3737 = ORIENTED_EDGE('',*,*,#3738,.T.);
#3738 = EDGE_CURVE('',#3731,#3697,#3739,.T.);
#3739 = LINE('',#3740,#3741);
#3740 = CARTESIAN_POINT('',(39.98,5.,4.5566455));
#3741 = VECTOR('',#3742,1.);
#3742 = DIRECTION('',(1.,0.,0.));
#3743 = ORIENTED_EDGE('',*,*,#3696,.F.);
#3744 = ORIENTED_EDGE('',*,*,#3056,.F.);
#3745 = PLANE('',#3746);
#3746 = AXIS2_PLACEMENT_3D('',#3747,#3748,#3749);
#3747 = CARTESIAN_POINT('',(39.98,15.,4.5566455));
#3748 = DIRECTION('',(0.,2.2E-16,1.));
#3749 = DIRECTION('',(1.,0.,0.));
#3750 = ADVANCED_FACE('',(#3751),#3770,.T.);
#3751 = FACE_BOUND('',#3752,.F.);
#3752 = EDGE_LOOP('',(#3753,#3761,#3768,#3769));
#3753 = ORIENTED_EDGE('',*,*,#3754,.T.);
#3754 = EDGE_CURVE('',#3040,#3755,#3757,.T.);
#3755 = VERTEX_POINT('',#3756);
#3756 = CARTESIAN_POINT('',(33.55,5.,10.9866455));
#3757 = LINE('',#3758,#3759);
#3758 = CARTESIAN_POINT('',(33.55,15.,10.9866455));
#3759 = VECTOR('',#3760,1.);
#3760 = DIRECTION('',(0.,-1.,2.2E-16));
#3761 = ORIENTED_EDGE('',*,*,#3762,.T.);
#3762 = EDGE_CURVE('',#3755,#3731,#3763,.T.);
#3763 = CIRCLE('',#3764,6.43);
#3764 = AXIS2_PLACEMENT_3D('',#3765,#3766,#3767);
#3765 = CARTESIAN_POINT('',(39.98,5.,10.9866455));
#3766 = DIRECTION('',(0.,-1.,0.));
#3767 = DIRECTION('',(1.,0.,0.));
#3768 = ORIENTED_EDGE('',*,*,#3730,.F.);
#3769 = ORIENTED_EDGE('',*,*,#3047,.F.);
#3770 = CYLINDRICAL_SURFACE('',#3771,6.43);
#3771 = AXIS2_PLACEMENT_3D('',#3772,#3773,#3774);
#3772 = CARTESIAN_POINT('',(39.98,15.,10.9866455));
#3773 = DIRECTION('',(0.,1.,-2.2E-16));
#3774 = DIRECTION('',(1.,0.,0.));
#3775 = ADVANCED_FACE('',(#3776),#3794,.F.);
#3776 = FACE_BOUND('',#3777,.F.);
#3777 = EDGE_LOOP('',(#3778,#3786,#3792,#3793));
#3778 = ORIENTED_EDGE('',*,*,#3779,.T.);
#3779 = EDGE_CURVE('',#3031,#3780,#3782,.T.);
#3780 = VERTEX_POINT('',#3781);
#3781 = CARTESIAN_POINT('',(33.55,5.,18.0567608));
#3782 = LINE('',#3783,#3784);
#3783 = CARTESIAN_POINT('',(33.55,15.,18.0567608));
#3784 = VECTOR('',#3785,1.);
#3785 = DIRECTION('',(0.,-1.,2.2E-16));
#3786 = ORIENTED_EDGE('',*,*,#3787,.T.);
#3787 = EDGE_CURVE('',#3780,#3755,#3788,.T.);
#3788 = LINE('',#3789,#3790);
#3789 = CARTESIAN_POINT('',(33.55,5.,18.0567608));
#3790 = VECTOR('',#3791,1.);
#3791 = DIRECTION('',(0.,0.,-1.));
#3792 = ORIENTED_EDGE('',*,*,#3754,.F.);
#3793 = ORIENTED_EDGE('',*,*,#3039,.F.);
#3794 = PLANE('',#3795);
#3795 = AXIS2_PLACEMENT_3D('',#3796,#3797,#3798);
#3796 = CARTESIAN_POINT('',(33.55,15.,18.0567608));
#3797 = DIRECTION('',(1.,0.,0.));
#3798 = DIRECTION('',(0.,-2.2E-16,-1.));
#3799 = ADVANCED_FACE('',(#3800),#3819,.T.);
#3800 = FACE_BOUND('',#3801,.F.);
#3801 = EDGE_LOOP('',(#3802,#3810,#3817,#3818));
#3802 = ORIENTED_EDGE('',*,*,#3803,.T.);
#3803 = EDGE_CURVE('',#3023,#3804,#3806,.T.);
#3804 = VERTEX_POINT('',#3805);
#3805 = CARTESIAN_POINT('',(39.98,5.,24.4867608));
#3806 = LINE('',#3807,#3808);
#3807 = CARTESIAN_POINT('',(39.98,15.,24.4867608));
#3808 = VECTOR('',#3809,1.);
#3809 = DIRECTION('',(0.,-1.,2.2E-16));
#3810 = ORIENTED_EDGE('',*,*,#3811,.T.);
#3811 = EDGE_CURVE('',#3804,#3780,#3812,.T.);
#3812 = CIRCLE('',#3813,6.43);
#3813 = AXIS2_PLACEMENT_3D('',#3814,#3815,#3816);
#3814 = CARTESIAN_POINT('',(39.98,5.,18.0567608));
#3815 = DIRECTION('',(0.,-1.,0.));
#3816 = DIRECTION('',(1.,0.,0.));
#3817 = ORIENTED_EDGE('',*,*,#3779,.F.);
#3818 = ORIENTED_EDGE('',*,*,#3030,.F.);
#3819 = CYLINDRICAL_SURFACE('',#3820,6.43);
#3820 = AXIS2_PLACEMENT_3D('',#3821,#3822,#3823);
#3821 = CARTESIAN_POINT('',(39.98,15.,18.0567608));
#3822 = DIRECTION('',(0.,1.,-2.2E-16));
#3823 = DIRECTION('',(1.,0.,0.));
#3824 = ADVANCED_FACE('',(#3825),#3836,.F.);
#3825 = FACE_BOUND('',#3826,.F.);
#3826 = EDGE_LOOP('',(#3827,#3828,#3834,#3835));
#3827 = ORIENTED_EDGE('',*,*,#3412,.T.);
#3828 = ORIENTED_EDGE('',*,*,#3829,.T.);
#3829 = EDGE_CURVE('',#3404,#3804,#3830,.T.);
#3830 = LINE('',#3831,#3832);
#3831 = CARTESIAN_POINT('',(42.59,5.,24.4867608));
#3832 = VECTOR('',#3833,1.);
#3833 = DIRECTION('',(-1.,0.,0.));
#3834 = ORIENTED_EDGE('',*,*,#3803,.F.);
#3835 = ORIENTED_EDGE('',*,*,#3022,.F.);
#3836 = PLANE('',#3837);
#3837 = AXIS2_PLACEMENT_3D('',#3838,#3839,#3840);
#3838 = CARTESIAN_POINT('',(42.59,15.,24.4867608));
#3839 = DIRECTION('',(-0.,-2.2E-16,-1.));
#3840 = DIRECTION('',(-1.,0.,0.));
#3841 = ADVANCED_FACE('',(#3842),#3868,.T.);
#3842 = FACE_BOUND('',#3843,.F.);
#3843 = EDGE_LOOP('',(#3844,#3852,#3861,#3867));
#3844 = ORIENTED_EDGE('',*,*,#3845,.T.);
#3845 = EDGE_CURVE('',#3092,#3846,#3848,.T.);
#3846 = VERTEX_POINT('',#3847);
#3847 = CARTESIAN_POINT('',(17.53,5.,24.4867608));
#3848 = LINE('',#3849,#3850);
#3849 = CARTESIAN_POINT('',(17.53,15.,24.4867608));
#3850 = VECTOR('',#3851,1.);
#3851 = DIRECTION('',(0.,-1.,2.2E-16));
#3852 = ORIENTED_EDGE('',*,*,#3853,.T.);
#3853 = EDGE_CURVE('',#3846,#3854,#3856,.T.);
#3854 = VERTEX_POINT('',#3855);
#3855 = CARTESIAN_POINT('',(11.1,5.,18.0567608));
#3856 = CIRCLE('',#3857,6.43);
#3857 = AXIS2_PLACEMENT_3D('',#3858,#3859,#3860);
#3858 = CARTESIAN_POINT('',(17.53,5.,18.0567608));
#3859 = DIRECTION('',(0.,-1.,0.));
#3860 = DIRECTION('',(1.,0.,0.));
#3861 = ORIENTED_EDGE('',*,*,#3862,.F.);
#3862 = EDGE_CURVE('',#3094,#3854,#3863,.T.);
#3863 = LINE('',#3864,#3865);
#3864 = CARTESIAN_POINT('',(11.1,15.,18.0567608));
#3865 = VECTOR('',#3866,1.);
#3866 = DIRECTION('',(0.,-1.,2.2E-16));
#3867 = ORIENTED_EDGE('',*,*,#3091,.F.);
#3868 = CYLINDRICAL_SURFACE('',#3869,6.43);
#3869 = AXIS2_PLACEMENT_3D('',#3870,#3871,#3872);
#3870 = CARTESIAN_POINT('',(17.53,15.,18.0567608));
#3871 = DIRECTION('',(0.,1.,-2.2E-16));
#3872 = DIRECTION('',(1.,0.,0.));
#3873 = ADVANCED_FACE('',(#3874),#3892,.F.);
#3874 = FACE_BOUND('',#3875,.F.);
#3875 = EDGE_LOOP('',(#3876,#3884,#3890,#3891));
#3876 = ORIENTED_EDGE('',*,*,#3877,.T.);
#3877 = EDGE_CURVE('',#3145,#3878,#3880,.T.);
#3878 = VERTEX_POINT('',#3879);
#3879 = CARTESIAN_POINT('',(20.14,5.,24.4867608));
#3880 = LINE('',#3881,#3882);
#3881 = CARTESIAN_POINT('',(20.14,15.,24.4867608));
#3882 = VECTOR('',#3883,1.);
#3883 = DIRECTION('',(0.,-1.,2.2E-16));
#3884 = ORIENTED_EDGE('',*,*,#3885,.T.);
#3885 = EDGE_CURVE('',#3878,#3846,#3886,.T.);
#3886 = LINE('',#3887,#3888);
#3887 = CARTESIAN_POINT('',(20.14,5.,24.4867608));
#3888 = VECTOR('',#3889,1.);
#3889 = DIRECTION('',(-1.,0.,0.));
#3890 = ORIENTED_EDGE('',*,*,#3845,.F.);
#3891 = ORIENTED_EDGE('',*,*,#3153,.F.);
#3892 = PLANE('',#3893);
#3893 = AXIS2_PLACEMENT_3D('',#3894,#3895,#3896);
#3894 = CARTESIAN_POINT('',(20.14,15.,24.4867608));
#3895 = DIRECTION('',(-0.,-2.2E-16,-1.));
#3896 = DIRECTION('',(-1.,0.,0.));
#3897 = ADVANCED_FACE('',(#3898),#3917,.T.);
#3898 = FACE_BOUND('',#3899,.F.);
#3899 = EDGE_LOOP('',(#3900,#3908,#3915,#3916));
#3900 = ORIENTED_EDGE('',*,*,#3901,.T.);
#3901 = EDGE_CURVE('',#3137,#3902,#3904,.T.);
#3902 = VERTEX_POINT('',#3903);
#3903 = CARTESIAN_POINT('',(26.57,5.,18.0567608));
#3904 = LINE('',#3905,#3906);
#3905 = CARTESIAN_POINT('',(26.57,15.,18.0567608));
#3906 = VECTOR('',#3907,1.);
#3907 = DIRECTION('',(0.,-1.,2.2E-16));
#3908 = ORIENTED_EDGE('',*,*,#3909,.T.);
#3909 = EDGE_CURVE('',#3902,#3878,#3910,.T.);
#3910 = CIRCLE('',#3911,6.43);
#3911 = AXIS2_PLACEMENT_3D('',#3912,#3913,#3914);
#3912 = CARTESIAN_POINT('',(20.14,5.,18.0567608));
#3913 = DIRECTION('',(0.,-1.,0.));
#3914 = DIRECTION('',(1.,0.,0.));
#3915 = ORIENTED_EDGE('',*,*,#3877,.F.);
#3916 = ORIENTED_EDGE('',*,*,#3144,.F.);
#3917 = CYLINDRICAL_SURFACE('',#3918,6.43);
#3918 = AXIS2_PLACEMENT_3D('',#3919,#3920,#3921);
#3919 = CARTESIAN_POINT('',(20.14,15.,18.0567608));
#3920 = DIRECTION('',(0.,1.,-2.2E-16));
#3921 = DIRECTION('',(1.,0.,0.));
#3922 = ADVANCED_FACE('',(#3923),#3941,.F.);
#3923 = FACE_BOUND('',#3924,.F.);
#3924 = EDGE_LOOP('',(#3925,#3933,#3939,#3940));
#3925 = ORIENTED_EDGE('',*,*,#3926,.T.);
#3926 = EDGE_CURVE('',#3128,#3927,#3929,.T.);
#3927 = VERTEX_POINT('',#3928);
#3928 = CARTESIAN_POINT('',(26.57,5.,10.9866455));
#3929 = LINE('',#3930,#3931);
#3930 = CARTESIAN_POINT('',(26.57,15.,10.9866455));
#3931 = VECTOR('',#3932,1.);
#3932 = DIRECTION('',(0.,-1.,2.2E-16));
#3933 = ORIENTED_EDGE('',*,*,#3934,.T.);
#3934 = EDGE_CURVE('',#3927,#3902,#3935,.T.);
#3935 = LINE('',#3936,#3937);
#3936 = CARTESIAN_POINT('',(26.57,5.,10.9866455));
#3937 = VECTOR('',#3938,1.);
#3938 = DIRECTION('',(0.,0.,1.));
#3939 = ORIENTED_EDGE('',*,*,#3901,.F.);
#3940 = ORIENTED_EDGE('',*,*,#3136,.F.);
#3941 = PLANE('',#3942);
#3942 = AXIS2_PLACEMENT_3D('',#3943,#3944,#3945);
#3943 = CARTESIAN_POINT('',(26.57,15.,10.9866455));
#3944 = DIRECTION('',(-1.,0.,0.));
#3945 = DIRECTION('',(0.,2.2E-16,1.));
#3946 = ADVANCED_FACE('',(#3947),#3966,.T.);
#3947 = FACE_BOUND('',#3948,.F.);
#3948 = EDGE_LOOP('',(#3949,#3957,#3964,#3965));
#3949 = ORIENTED_EDGE('',*,*,#3950,.T.);
#3950 = EDGE_CURVE('',#3120,#3951,#3953,.T.);
#3951 = VERTEX_POINT('',#3952);
#3952 = CARTESIAN_POINT('',(20.14,5.,4.5566455));
#3953 = LINE('',#3954,#3955);
#3954 = CARTESIAN_POINT('',(20.14,15.,4.5566455));
#3955 = VECTOR('',#3956,1.);
#3956 = DIRECTION('',(0.,-1.,2.2E-16));
#3957 = ORIENTED_EDGE('',*,*,#3958,.T.);
#3958 = EDGE_CURVE('',#3951,#3927,#3959,.T.);
#3959 = CIRCLE('',#3960,6.43);
#3960 = AXIS2_PLACEMENT_3D('',#3961,#3962,#3963);
#3961 = CARTESIAN_POINT('',(20.14,5.,10.9866455));
#3962 = DIRECTION('',(0.,-1.,0.));
#3963 = DIRECTION('',(1.,0.,0.));
#3964 = ORIENTED_EDGE('',*,*,#3926,.F.);
#3965 = ORIENTED_EDGE('',*,*,#3127,.F.);
#3966 = CYLINDRICAL_SURFACE('',#3967,6.43);
#3967 = AXIS2_PLACEMENT_3D('',#3968,#3969,#3970);
#3968 = CARTESIAN_POINT('',(20.14,15.,10.9866455));
#3969 = DIRECTION('',(0.,1.,-2.2E-16));
#3970 = DIRECTION('',(1.,0.,0.));
#3971 = ADVANCED_FACE('',(#3972),#3990,.F.);
#3972 = FACE_BOUND('',#3973,.F.);
#3973 = EDGE_LOOP('',(#3974,#3982,#3988,#3989));
#3974 = ORIENTED_EDGE('',*,*,#3975,.T.);
#3975 = EDGE_CURVE('',#3111,#3976,#3978,.T.);
#3976 = VERTEX_POINT('',#3977);
#3977 = CARTESIAN_POINT('',(17.53,5.,4.5566455));
#3978 = LINE('',#3979,#3980);
#3979 = CARTESIAN_POINT('',(17.53,15.,4.5566455));
#3980 = VECTOR('',#3981,1.);
#3981 = DIRECTION('',(0.,-1.,2.2E-16));
#3982 = ORIENTED_EDGE('',*,*,#3983,.T.);
#3983 = EDGE_CURVE('',#3976,#3951,#3984,.T.);
#3984 = LINE('',#3985,#3986);
#3985 = CARTESIAN_POINT('',(17.53,5.,4.5566455));
#3986 = VECTOR('',#3987,1.);
#3987 = DIRECTION('',(1.,0.,0.));
#3988 = ORIENTED_EDGE('',*,*,#3950,.F.);
#3989 = ORIENTED_EDGE('',*,*,#3119,.F.);
#3990 = PLANE('',#3991);
#3991 = AXIS2_PLACEMENT_3D('',#3992,#3993,#3994);
#3992 = CARTESIAN_POINT('',(17.53,15.,4.5566455));
#3993 = DIRECTION('',(0.,2.2E-16,1.));
#3994 = DIRECTION('',(1.,0.,0.));
#3995 = ADVANCED_FACE('',(#3996),#4015,.T.);
#3996 = FACE_BOUND('',#3997,.F.);
#3997 = EDGE_LOOP('',(#3998,#4006,#4013,#4014));
#3998 = ORIENTED_EDGE('',*,*,#3999,.T.);
#3999 = EDGE_CURVE('',#3103,#4000,#4002,.T.);
#4000 = VERTEX_POINT('',#4001);
#4001 = CARTESIAN_POINT('',(11.1,5.,10.9866455));
#4002 = LINE('',#4003,#4004);
#4003 = CARTESIAN_POINT('',(11.1,15.,10.9866455));
#4004 = VECTOR('',#4005,1.);
#4005 = DIRECTION('',(0.,-1.,2.2E-16));
#4006 = ORIENTED_EDGE('',*,*,#4007,.T.);
#4007 = EDGE_CURVE('',#4000,#3976,#4008,.T.);
#4008 = CIRCLE('',#4009,6.43);
#4009 = AXIS2_PLACEMENT_3D('',#4010,#4011,#4012);
#4010 = CARTESIAN_POINT('',(17.53,5.,10.9866455));
#4011 = DIRECTION('',(0.,-1.,0.));
#4012 = DIRECTION('',(1.,0.,0.));
#4013 = ORIENTED_EDGE('',*,*,#3975,.F.);
#4014 = ORIENTED_EDGE('',*,*,#3110,.F.);
#4015 = CYLINDRICAL_SURFACE('',#4016,6.43);
#4016 = AXIS2_PLACEMENT_3D('',#4017,#4018,#4019);
#4017 = CARTESIAN_POINT('',(17.53,15.,10.9866455));
#4018 = DIRECTION('',(0.,1.,-2.2E-16));
#4019 = DIRECTION('',(1.,0.,0.));
#4020 = ADVANCED_FACE('',(#4021),#4032,.F.);
#4021 = FACE_BOUND('',#4022,.F.);
#4022 = EDGE_LOOP('',(#4023,#4024,#4030,#4031));
#4023 = ORIENTED_EDGE('',*,*,#3862,.T.);
#4024 = ORIENTED_EDGE('',*,*,#4025,.T.);
#4025 = EDGE_CURVE('',#3854,#4000,#4026,.T.);
#4026 = LINE('',#4027,#4028);
#4027 = CARTESIAN_POINT('',(11.1,5.,18.0567608));
#4028 = VECTOR('',#4029,1.);
#4029 = DIRECTION('',(0.,0.,-1.));
#4030 = ORIENTED_EDGE('',*,*,#3999,.F.);
#4031 = ORIENTED_EDGE('',*,*,#3102,.F.);
#4032 = PLANE('',#4033);
#4033 = AXIS2_PLACEMENT_3D('',#4034,#4035,#4036);
#4034 = CARTESIAN_POINT('',(11.1,15.,18.0567608));
#4035 = DIRECTION('',(1.,0.,0.));
#4036 = DIRECTION('',(0.,-2.2E-16,-1.));
#4037 = ADVANCED_FACE('',(#4038),#4043,.T.);
#4038 = FACE_BOUND('',#4039,.F.);
#4039 = EDGE_LOOP('',(#4040,#4041,#4042));
#4040 = ORIENTED_EDGE('',*,*,#3260,.F.);
#4041 = ORIENTED_EDGE('',*,*,#3184,.T.);
#4042 = ORIENTED_EDGE('',*,*,#3218,.F.);
#4043 = SPHERICAL_SURFACE('',#4044,3.);
#4044 = AXIS2_PLACEMENT_3D('',#4045,#4046,#4047);
#4045 = CARTESIAN_POINT('',(3.,37.,27.));
#4046 = DIRECTION('',(-0.,-0.,-1.));
#4047 = DIRECTION('',(-1.5E-16,1.,0.));
#4048 = ADVANCED_FACE('',(#4049),#4060,.T.);
#4049 = FACE_BOUND('',#4050,.T.);
#4050 = EDGE_LOOP('',(#4051,#4052,#4053));
#4051 = ORIENTED_EDGE('',*,*,#3250,.F.);
#4052 = ORIENTED_EDGE('',*,*,#3283,.T.);
#4053 = ORIENTED_EDGE('',*,*,#4054,.F.);
#4054 = EDGE_CURVE('',#3251,#3284,#4055,.T.);
#4055 = CIRCLE('',#4056,3.);
#4056 = AXIS2_PLACEMENT_3D('',#4057,#4058,#4059);
#4057 = CARTESIAN_POINT('',(57.,37.,27.));
#4058 = DIRECTION('',(0.,0.,-1.));
#4059 = DIRECTION('',(0.,1.,0.));
#4060 = SPHERICAL_SURFACE('',#4061,3.);
#4061 = AXIS2_PLACEMENT_3D('',#4062,#4063,#4064);
#4062 = CARTESIAN_POINT('',(57.,37.,27.));
#4063 = DIRECTION('',(-0.,-0.,-1.));
#4064 = DIRECTION('',(0.,1.,0.));
#4065 = ADVANCED_FACE('',(#4066),#4069,.T.);
#4066 = FACE_BOUND('',#4067,.T.);
#4067 = EDGE_LOOP('',(#4068));
#4068 = ORIENTED_EDGE('',*,*,#3314,.T.);
#4069 = PLANE('',#4070);
#4070 = AXIS2_PLACEMENT_3D('',#4071,#4072,#4073);
#4071 = CARTESIAN_POINT('',(29.14922974465,30.,20.));
#4072 = DIRECTION('',(0.,0.,1.));
#4073 = DIRECTION('',(1.,0.,0.));
#4074 = ADVANCED_FACE('',(#4075),#4078,.T.);
#4075 = FACE_BOUND('',#4076,.T.);
#4076 = EDGE_LOOP('',(#4077));
#4077 = ORIENTED_EDGE('',*,*,#3339,.T.);
#4078 = PLANE('',#4079);
#4079 = AXIS2_PLACEMENT_3D('',#4080,#4081,#4082);
#4080 = CARTESIAN_POINT('',(29.14922974465,30.,20.));
#4081 = DIRECTION('',(0.,0.,1.));
#4082 = DIRECTION('',(1.,0.,0.));
#4083 = ADVANCED_FACE('',(#4084,#4099,#4133,#4167),#4201,.F.);
#4084 = FACE_BOUND('',#4085,.F.);
#4085 = EDGE_LOOP('',(#4086,#4087,#4088,#4089,#4090,#4096,#4097,#4098));
#4086 = ORIENTED_EDGE('',*,*,#3787,.F.);
#4087 = ORIENTED_EDGE('',*,*,#3811,.F.);
#4088 = ORIENTED_EDGE('',*,*,#3829,.F.);
#4089 = ORIENTED_EDGE('',*,*,#3403,.F.);
#4090 = ORIENTED_EDGE('',*,*,#4091,.F.);
#4091 = EDGE_CURVE('',#3705,#3396,#4092,.T.);
#4092 = LINE('',#4093,#4094);
#4093 = CARTESIAN_POINT('',(49.02,5.,10.9866455));
#4094 = VECTOR('',#4095,1.);
#4095 = DIRECTION('',(0.,0.,1.));
#4096 = ORIENTED_EDGE('',*,*,#3704,.F.);
#4097 = ORIENTED_EDGE('',*,*,#3738,.F.);
#4098 = ORIENTED_EDGE('',*,*,#3762,.F.);
#4099 = FACE_BOUND('',#4100,.F.);
#4100 = EDGE_LOOP('',(#4101,#4111,#4119,#4127));
#4101 = ORIENTED_EDGE('',*,*,#4102,.T.);
#4102 = EDGE_CURVE('',#4103,#4105,#4107,.T.);
#4103 = VERTEX_POINT('',#4104);
#4104 = CARTESIAN_POINT('',(44.604399999996,5.,16.492300000001));
#4105 = VERTEX_POINT('',#4106);
#4106 = CARTESIAN_POINT('',(37.604399999996,5.,16.492300000001));
#4107 = LINE('',#4108,#4109);
#4108 = CARTESIAN_POINT('',(44.604399999996,5.,16.492300000001));
#4109 = VECTOR('',#4110,1.);
#4110 = DIRECTION('',(-1.,0.,0.));
#4111 = ORIENTED_EDGE('',*,*,#4112,.T.);
#4112 = EDGE_CURVE('',#4105,#4113,#4115,.T.);
#4113 = VERTEX_POINT('',#4114);
#4114 = CARTESIAN_POINT('',(37.604399999996,5.,12.492300000001));
#4115 = LINE('',#4116,#4117);
#4116 = CARTESIAN_POINT('',(37.604399999996,5.,16.492300000001));
#4117 = VECTOR('',#4118,1.);
#4118 = DIRECTION('',(0.,0.,-1.));
#4119 = ORIENTED_EDGE('',*,*,#4120,.T.);
#4120 = EDGE_CURVE('',#4113,#4121,#4123,.T.);
#4121 = VERTEX_POINT('',#4122);
#4122 = CARTESIAN_POINT('',(44.604399999996,5.,12.492300000001));
#4123 = LINE('',#4124,#4125);
#4124 = CARTESIAN_POINT('',(37.604399999996,5.,12.492300000001));
#4125 = VECTOR('',#4126,1.);
#4126 = DIRECTION('',(1.,0.,0.));
#4127 = ORIENTED_EDGE('',*,*,#4128,.T.);
#4128 = EDGE_CURVE('',#4121,#4103,#4129,.T.);
#4129 = LINE('',#4130,#4131);
#4130 = CARTESIAN_POINT('',(44.604399999996,5.,12.492300000001));
#4131 = VECTOR('',#4132,1.);
#4132 = DIRECTION('',(0.,0.,1.));
#4133 = FACE_BOUND('',#4134,.F.);
#4134 = EDGE_LOOP('',(#4135,#4145,#4153,#4161));
#4135 = ORIENTED_EDGE('',*,*,#4136,.T.);
#4136 = EDGE_CURVE('',#4137,#4139,#4141,.T.);
#4137 = VERTEX_POINT('',#4138);
#4138 = CARTESIAN_POINT('',(44.604400009126,5.,10.992300000001));
#4139 = VERTEX_POINT('',#4140);
#4140 = CARTESIAN_POINT('',(37.604400009126,5.,10.992300000001));
#4141 = LINE('',#4142,#4143);
#4142 = CARTESIAN_POINT('',(44.604400009126,5.,10.992300000001));
#4143 = VECTOR('',#4144,1.);
#4144 = DIRECTION('',(-1.,0.,0.));
#4145 = ORIENTED_EDGE('',*,*,#4146,.T.);
#4146 = EDGE_CURVE('',#4139,#4147,#4149,.T.);
#4147 = VERTEX_POINT('',#4148);
#4148 = CARTESIAN_POINT('',(37.604400009126,5.,6.992300000001));
#4149 = LINE('',#4150,#4151);
#4150 = CARTESIAN_POINT('',(37.604400009126,5.,10.992300000001));
#4151 = VECTOR('',#4152,1.);
#4152 = DIRECTION('',(0.,0.,-1.));
#4153 = ORIENTED_EDGE('',*,*,#4154,.T.);
#4154 = EDGE_CURVE('',#4147,#4155,#4157,.T.);
#4155 = VERTEX_POINT('',#4156);
#4156 = CARTESIAN_POINT('',(44.604400009126,5.,6.992300000001));
#4157 = LINE('',#4158,#4159);
#4158 = CARTESIAN_POINT('',(37.604400009126,5.,6.992300000001));
#4159 = VECTOR('',#4160,1.);
#4160 = DIRECTION('',(1.,0.,0.));
#4161 = ORIENTED_EDGE('',*,*,#4162,.T.);
#4162 = EDGE_CURVE('',#4155,#4137,#4163,.T.);
#4163 = LINE('',#4164,#4165);
#4164 = CARTESIAN_POINT('',(44.604400009126,5.,6.992300000001));
#4165 = VECTOR('',#4166,1.);
#4166 = DIRECTION('',(0.,0.,1.));
#4167 = FACE_BOUND('',#4168,.F.);
#4168 = EDGE_LOOP('',(#4169,#4179,#4187,#4195));
#4169 = ORIENTED_EDGE('',*,*,#4170,.T.);
#4170 = EDGE_CURVE('',#4171,#4173,#4175,.T.);
#4171 = VERTEX_POINT('',#4172);
#4172 = CARTESIAN_POINT('',(44.604400009126,5.,21.992300000001));
#4173 = VERTEX_POINT('',#4174);
#4174 = CARTESIAN_POINT('',(37.604400009126,5.,21.992300000001));
#4175 = LINE('',#4176,#4177);
#4176 = CARTESIAN_POINT('',(44.604400009126,5.,21.992300000001));
#4177 = VECTOR('',#4178,1.);
#4178 = DIRECTION('',(-1.,0.,0.));
#4179 = ORIENTED_EDGE('',*,*,#4180,.T.);
#4180 = EDGE_CURVE('',#4173,#4181,#4183,.T.);
#4181 = VERTEX_POINT('',#4182);
#4182 = CARTESIAN_POINT('',(37.604400009126,5.,17.992300000001));
#4183 = LINE('',#4184,#4185);
#4184 = CARTESIAN_POINT('',(37.604400009126,5.,21.992300000001));
#4185 = VECTOR('',#4186,1.);
#4186 = DIRECTION('',(0.,0.,-1.));
#4187 = ORIENTED_EDGE('',*,*,#4188,.T.);
#4188 = EDGE_CURVE('',#4181,#4189,#4191,.T.);
#4189 = VERTEX_POINT('',#4190);
#4190 = CARTESIAN_POINT('',(44.604400009126,5.,17.992300000001));
#4191 = LINE('',#4192,#4193);
#4192 = CARTESIAN_POINT('',(37.604400009126,5.,17.992300000001));
#4193 = VECTOR('',#4194,1.);
#4194 = DIRECTION('',(1.,0.,0.));
#4195 = ORIENTED_EDGE('',*,*,#4196,.T.);
#4196 = EDGE_CURVE('',#4189,#4171,#4197,.T.);
#4197 = LINE('',#4198,#4199);
#4198 = CARTESIAN_POINT('',(44.604400009126,5.,17.992300000001));
#4199 = VECTOR('',#4200,1.);
#4200 = DIRECTION('',(0.,0.,1.));
#4201 = PLANE('',#4202);
#4202 = AXIS2_PLACEMENT_3D('',#4203,#4204,#4205);
#4203 = CARTESIAN_POINT('',(30.06,5.,14.52170315));
#4204 = DIRECTION('',(0.,1.,0.));
#4205 = DIRECTION('',(0.,0.,1.));
#4206 = ADVANCED_FACE('',(#4207),#4215,.F.);
#4207 = FACE_BOUND('',#4208,.F.);
#4208 = EDGE_LOOP('',(#4209,#4210,#4211,#4212,#4213,#4214));
#4209 = ORIENTED_EDGE('',*,*,#3494,.F.);
#4210 = ORIENTED_EDGE('',*,*,#3713,.T.);
#4211 = ORIENTED_EDGE('',*,*,#4091,.T.);
#4212 = ORIENTED_EDGE('',*,*,#3395,.F.);
#4213 = ORIENTED_EDGE('',*,*,#3440,.F.);
#4214 = ORIENTED_EDGE('',*,*,#3543,.T.);
#4215 = PLANE('',#4216);
#4216 = AXIS2_PLACEMENT_3D('',#4217,#4218,#4219);
#4217 = CARTESIAN_POINT('',(49.02,15.,10.9866455));
#4218 = DIRECTION('',(-1.,0.,0.));
#4219 = DIRECTION('',(0.,2.2E-16,1.));
#4220 = ADVANCED_FACE('',(#4221),#4227,.T.);
#4221 = FACE_BOUND('',#4222,.T.);
#4222 = EDGE_LOOP('',(#4223,#4224,#4225,#4226));
#4223 = ORIENTED_EDGE('',*,*,#3678,.F.);
#4224 = ORIENTED_EDGE('',*,*,#3570,.F.);
#4225 = ORIENTED_EDGE('',*,*,#3585,.T.);
#4226 = ORIENTED_EDGE('',*,*,#4054,.T.);
#4227 = CYLINDRICAL_SURFACE('',#4228,3.);
#4228 = AXIS2_PLACEMENT_3D('',#4229,#4230,#4231);
#4229 = CARTESIAN_POINT('',(57.,37.,0.));
#4230 = DIRECTION('',(0.,0.,1.));
#4231 = DIRECTION('',(1.,0.,0.));
#4232 = ADVANCED_FACE('',(#4233,#4243,#4277,#4311),#4345,.F.);
#4233 = FACE_BOUND('',#4234,.F.);
#4234 = EDGE_LOOP('',(#4235,#4236,#4237,#4238,#4239,#4240,#4241,#4242));
#4235 = ORIENTED_EDGE('',*,*,#4025,.F.);
#4236 = ORIENTED_EDGE('',*,*,#3853,.F.);
#4237 = ORIENTED_EDGE('',*,*,#3885,.F.);
#4238 = ORIENTED_EDGE('',*,*,#3909,.F.);
#4239 = ORIENTED_EDGE('',*,*,#3934,.F.);
#4240 = ORIENTED_EDGE('',*,*,#3958,.F.);
#4241 = ORIENTED_EDGE('',*,*,#3983,.F.);
#4242 = ORIENTED_EDGE('',*,*,#4007,.F.);
#4243 = FACE_BOUND('',#4244,.F.);
#4244 = EDGE_LOOP('',(#4245,#4255,#4263,#4271));
#4245 = ORIENTED_EDGE('',*,*,#4246,.T.);
#4246 = EDGE_CURVE('',#4247,#4249,#4251,.T.);
#4247 = VERTEX_POINT('',#4248);
#4248 = CARTESIAN_POINT('',(22.245561780207,5.,10.992300000001));
#4249 = VERTEX_POINT('',#4250);
#4250 = CARTESIAN_POINT('',(15.245561780207,5.,10.992300000001));
#4251 = LINE('',#4252,#4253);
#4252 = CARTESIAN_POINT('',(22.245561780207,5.,10.992300000001));
#4253 = VECTOR('',#4254,1.);
#4254 = DIRECTION('',(-1.,0.,0.));
#4255 = ORIENTED_EDGE('',*,*,#4256,.T.);
#4256 = EDGE_CURVE('',#4249,#4257,#4259,.T.);
#4257 = VERTEX_POINT('',#4258);
#4258 = CARTESIAN_POINT('',(15.245561780207,5.,6.992300000001));
#4259 = LINE('',#4260,#4261);
#4260 = CARTESIAN_POINT('',(15.245561780207,5.,10.992300000001));
#4261 = VECTOR('',#4262,1.);
#4262 = DIRECTION('',(0.,0.,-1.));
#4263 = ORIENTED_EDGE('',*,*,#4264,.T.);
#4264 = EDGE_CURVE('',#4257,#4265,#4267,.T.);
#4265 = VERTEX_POINT('',#4266);
#4266 = CARTESIAN_POINT('',(22.245561780207,5.,6.992300000001));
#4267 = LINE('',#4268,#4269);
#4268 = CARTESIAN_POINT('',(15.245561780207,5.,6.992300000001));
#4269 = VECTOR('',#4270,1.);
#4270 = DIRECTION('',(1.,0.,0.));
#4271 = ORIENTED_EDGE('',*,*,#4272,.T.);
#4272 = EDGE_CURVE('',#4265,#4247,#4273,.T.);
#4273 = LINE('',#4274,#4275);
#4274 = CARTESIAN_POINT('',(22.245561780207,5.,6.992300000001));
#4275 = VECTOR('',#4276,1.);
#4276 = DIRECTION('',(0.,0.,1.));
#4277 = FACE_BOUND('',#4278,.F.);
#4278 = EDGE_LOOP('',(#4279,#4289,#4297,#4305));
#4279 = ORIENTED_EDGE('',*,*,#4280,.T.);
#4280 = EDGE_CURVE('',#4281,#4283,#4285,.T.);
#4281 = VERTEX_POINT('',#4282);
#4282 = CARTESIAN_POINT('',(22.245561780207,5.,16.492300000001));
#4283 = VERTEX_POINT('',#4284);
#4284 = CARTESIAN_POINT('',(15.245561780207,5.,16.492300000001));
#4285 = LINE('',#4286,#4287);
#4286 = CARTESIAN_POINT('',(22.245561780207,5.,16.492300000001));
#4287 = VECTOR('',#4288,1.);
#4288 = DIRECTION('',(-1.,0.,0.));
#4289 = ORIENTED_EDGE('',*,*,#4290,.T.);
#4290 = EDGE_CURVE('',#4283,#4291,#4293,.T.);
#4291 = VERTEX_POINT('',#4292);
#4292 = CARTESIAN_POINT('',(15.245561780207,5.,12.492300000001));
#4293 = LINE('',#4294,#4295);
#4294 = CARTESIAN_POINT('',(15.245561780207,5.,16.492300000001));
#4295 = VECTOR('',#4296,1.);
#4296 = DIRECTION('',(0.,0.,-1.));
#4297 = ORIENTED_EDGE('',*,*,#4298,.T.);
#4298 = EDGE_CURVE('',#4291,#4299,#4301,.T.);
#4299 = VERTEX_POINT('',#4300);
#4300 = CARTESIAN_POINT('',(22.245561780207,5.,12.492300000001));
#4301 = LINE('',#4302,#4303);
#4302 = CARTESIAN_POINT('',(15.245561780207,5.,12.492300000001));
#4303 = VECTOR('',#4304,1.);
#4304 = DIRECTION('',(1.,0.,0.));
#4305 = ORIENTED_EDGE('',*,*,#4306,.T.);
#4306 = EDGE_CURVE('',#4299,#4281,#4307,.T.);
#4307 = LINE('',#4308,#4309);
#4308 = CARTESIAN_POINT('',(22.245561780207,5.,12.492300000001));
#4309 = VECTOR('',#4310,1.);
#4310 = DIRECTION('',(0.,0.,1.));
#4311 = FACE_BOUND('',#4312,.F.);
#4312 = EDGE_LOOP('',(#4313,#4323,#4331,#4339));
#4313 = ORIENTED_EDGE('',*,*,#4314,.T.);
#4314 = EDGE_CURVE('',#4315,#4317,#4319,.T.);
#4315 = VERTEX_POINT('',#4316);
#4316 = CARTESIAN_POINT('',(22.245561780207,5.,21.992300000001));
#4317 = VERTEX_POINT('',#4318);
#4318 = CARTESIAN_POINT('',(15.245561780207,5.,21.992300000001));
#4319 = LINE('',#4320,#4321);
#4320 = CARTESIAN_POINT('',(22.245561780207,5.,21.992300000001));
#4321 = VECTOR('',#4322,1.);
#4322 = DIRECTION('',(-1.,0.,0.));
#4323 = ORIENTED_EDGE('',*,*,#4324,.T.);
#4324 = EDGE_CURVE('',#4317,#4325,#4327,.T.);
#4325 = VERTEX_POINT('',#4326);
#4326 = CARTESIAN_POINT('',(15.245561780207,5.,17.992300000001));
#4327 = LINE('',#4328,#4329);
#4328 = CARTESIAN_POINT('',(15.245561780207,5.,21.992300000001));
#4329 = VECTOR('',#4330,1.);
#4330 = DIRECTION('',(0.,0.,-1.));
#4331 = ORIENTED_EDGE('',*,*,#4332,.T.);
#4332 = EDGE_CURVE('',#4325,#4333,#4335,.T.);
#4333 = VERTEX_POINT('',#4334);
#4334 = CARTESIAN_POINT('',(22.245561780207,5.,17.992300000001));
#4335 = LINE('',#4336,#4337);
#4336 = CARTESIAN_POINT('',(15.245561780207,5.,17.992300000001));
#4337 = VECTOR('',#4338,1.);
#4338 = DIRECTION('',(1.,0.,0.));
#4339 = ORIENTED_EDGE('',*,*,#4340,.T.);
#4340 = EDGE_CURVE('',#4333,#4315,#4341,.T.);
#4341 = LINE('',#4342,#4343);
#4342 = CARTESIAN_POINT('',(22.245561780207,5.,17.992300000001));
#4343 = VECTOR('',#4344,1.);
#4344 = DIRECTION('',(0.,0.,1.));
#4345 = PLANE('',#4346);
#4346 = AXIS2_PLACEMENT_3D('',#4347,#4348,#4349);
#4347 = CARTESIAN_POINT('',(30.06,5.,14.52170315));
#4348 = DIRECTION('',(0.,1.,0.));
#4349 = DIRECTION('',(0.,0.,1.));
#4350 = ADVANCED_FACE('',(#4351),#4376,.F.);
#4351 = FACE_BOUND('',#4352,.F.);
#4352 = EDGE_LOOP('',(#4353,#4361,#4369,#4375));
#4353 = ORIENTED_EDGE('',*,*,#4354,.T.);
#4354 = EDGE_CURVE('',#4103,#4355,#4357,.T.);
#4355 = VERTEX_POINT('',#4356);
#4356 = CARTESIAN_POINT('',(44.604399999996,10.,16.492300000001));
#4357 = LINE('',#4358,#4359);
#4358 = CARTESIAN_POINT('',(44.604399999996,5.,16.492300000001));
#4359 = VECTOR('',#4360,1.);
#4360 = DIRECTION('',(0.,1.,-2.2E-16));
#4361 = ORIENTED_EDGE('',*,*,#4362,.T.);
#4362 = EDGE_CURVE('',#4355,#4363,#4365,.T.);
#4363 = VERTEX_POINT('',#4364);
#4364 = CARTESIAN_POINT('',(37.604399999996,10.,16.492300000001));
#4365 = LINE('',#4366,#4367);
#4366 = CARTESIAN_POINT('',(44.604399999996,10.,16.492300000001));
#4367 = VECTOR('',#4368,1.);
#4368 = DIRECTION('',(-1.,0.,0.));
#4369 = ORIENTED_EDGE('',*,*,#4370,.F.);
#4370 = EDGE_CURVE('',#4105,#4363,#4371,.T.);
#4371 = LINE('',#4372,#4373);
#4372 = CARTESIAN_POINT('',(37.604399999996,5.,16.492300000001));
#4373 = VECTOR('',#4374,1.);
#4374 = DIRECTION('',(0.,1.,-2.2E-16));
#4375 = ORIENTED_EDGE('',*,*,#4102,.F.);
#4376 = PLANE('',#4377);
#4377 = AXIS2_PLACEMENT_3D('',#4378,#4379,#4380);
#4378 = CARTESIAN_POINT('',(44.604399999996,5.,16.492300000001));
#4379 = DIRECTION('',(0.,2.2E-16,1.));
#4380 = DIRECTION('',(-1.,0.,0.));
#4381 = ADVANCED_FACE('',(#4382),#4400,.F.);
#4382 = FACE_BOUND('',#4383,.F.);
#4383 = EDGE_LOOP('',(#4384,#4392,#4398,#4399));
#4384 = ORIENTED_EDGE('',*,*,#4385,.T.);
#4385 = EDGE_CURVE('',#4121,#4386,#4388,.T.);
#4386 = VERTEX_POINT('',#4387);
#4387 = CARTESIAN_POINT('',(44.604399999996,10.,12.492300000001));
#4388 = LINE('',#4389,#4390);
#4389 = CARTESIAN_POINT('',(44.604399999996,5.,12.492300000001));
#4390 = VECTOR('',#4391,1.);
#4391 = DIRECTION('',(0.,1.,-2.2E-16));
#4392 = ORIENTED_EDGE('',*,*,#4393,.T.);
#4393 = EDGE_CURVE('',#4386,#4355,#4394,.T.);
#4394 = LINE('',#4395,#4396);
#4395 = CARTESIAN_POINT('',(44.604399999996,10.,12.492300000001));
#4396 = VECTOR('',#4397,1.);
#4397 = DIRECTION('',(0.,0.,1.));
#4398 = ORIENTED_EDGE('',*,*,#4354,.F.);
#4399 = ORIENTED_EDGE('',*,*,#4128,.F.);
#4400 = PLANE('',#4401);
#4401 = AXIS2_PLACEMENT_3D('',#4402,#4403,#4404);
#4402 = CARTESIAN_POINT('',(44.604399999996,5.,12.492300000001));
#4403 = DIRECTION('',(1.,0.,0.));
#4404 = DIRECTION('',(-0.,2.2E-16,1.));
#4405 = ADVANCED_FACE('',(#4406),#4424,.F.);
#4406 = FACE_BOUND('',#4407,.F.);
#4407 = EDGE_LOOP('',(#4408,#4416,#4422,#4423));
#4408 = ORIENTED_EDGE('',*,*,#4409,.T.);
#4409 = EDGE_CURVE('',#4113,#4410,#4412,.T.);
#4410 = VERTEX_POINT('',#4411);
#4411 = CARTESIAN_POINT('',(37.604399999996,10.,12.492300000001));
#4412 = LINE('',#4413,#4414);
#4413 = CARTESIAN_POINT('',(37.604399999996,5.,12.492300000001));
#4414 = VECTOR('',#4415,1.);
#4415 = DIRECTION('',(0.,1.,-2.2E-16));
#4416 = ORIENTED_EDGE('',*,*,#4417,.T.);
#4417 = EDGE_CURVE('',#4410,#4386,#4418,.T.);
#4418 = LINE('',#4419,#4420);
#4419 = CARTESIAN_POINT('',(37.604399999996,10.,12.492300000001));
#4420 = VECTOR('',#4421,1.);
#4421 = DIRECTION('',(1.,0.,0.));
#4422 = ORIENTED_EDGE('',*,*,#4385,.F.);
#4423 = ORIENTED_EDGE('',*,*,#4120,.F.);
#4424 = PLANE('',#4425);
#4425 = AXIS2_PLACEMENT_3D('',#4426,#4427,#4428);
#4426 = CARTESIAN_POINT('',(37.604399999996,5.,12.492300000001));
#4427 = DIRECTION('',(0.,-2.2E-16,-1.));
#4428 = DIRECTION('',(1.,0.,0.));
#4429 = ADVANCED_FACE('',(#4430),#4441,.F.);
#4430 = FACE_BOUND('',#4431,.F.);
#4431 = EDGE_LOOP('',(#4432,#4433,#4439,#4440));
#4432 = ORIENTED_EDGE('',*,*,#4370,.T.);
#4433 = ORIENTED_EDGE('',*,*,#4434,.T.);
#4434 = EDGE_CURVE('',#4363,#4410,#4435,.T.);
#4435 = LINE('',#4436,#4437);
#4436 = CARTESIAN_POINT('',(37.604399999996,10.,16.492300000001));
#4437 = VECTOR('',#4438,1.);
#4438 = DIRECTION('',(0.,0.,-1.));
#4439 = ORIENTED_EDGE('',*,*,#4409,.F.);
#4440 = ORIENTED_EDGE('',*,*,#4112,.F.);
#4441 = PLANE('',#4442);
#4442 = AXIS2_PLACEMENT_3D('',#4443,#4444,#4445);
#4443 = CARTESIAN_POINT('',(37.604399999996,5.,16.492300000001));
#4444 = DIRECTION('',(-1.,0.,0.));
#4445 = DIRECTION('',(-0.,-2.2E-16,-1.));
#4446 = ADVANCED_FACE('',(#4447),#4472,.F.);
#4447 = FACE_BOUND('',#4448,.F.);
#4448 = EDGE_LOOP('',(#4449,#4457,#4465,#4471));
#4449 = ORIENTED_EDGE('',*,*,#4450,.T.);
#4450 = EDGE_CURVE('',#4137,#4451,#4453,.T.);
#4451 = VERTEX_POINT('',#4452);
#4452 = CARTESIAN_POINT('',(44.604400009126,10.,10.992300000001));
#4453 = LINE('',#4454,#4455);
#4454 = CARTESIAN_POINT('',(44.604400009126,5.,10.992300000001));
#4455 = VECTOR('',#4456,1.);
#4456 = DIRECTION('',(0.,1.,-2.2E-16));
#4457 = ORIENTED_EDGE('',*,*,#4458,.T.);
#4458 = EDGE_CURVE('',#4451,#4459,#4461,.T.);
#4459 = VERTEX_POINT('',#4460);
#4460 = CARTESIAN_POINT('',(37.604400009126,10.,10.992300000001));
#4461 = LINE('',#4462,#4463);
#4462 = CARTESIAN_POINT('',(44.604400009126,10.,10.992300000001));
#4463 = VECTOR('',#4464,1.);
#4464 = DIRECTION('',(-1.,0.,0.));
#4465 = ORIENTED_EDGE('',*,*,#4466,.F.);
#4466 = EDGE_CURVE('',#4139,#4459,#4467,.T.);
#4467 = LINE('',#4468,#4469);
#4468 = CARTESIAN_POINT('',(37.604400009126,5.,10.992300000001));
#4469 = VECTOR('',#4470,1.);
#4470 = DIRECTION('',(0.,1.,-2.2E-16));
#4471 = ORIENTED_EDGE('',*,*,#4136,.F.);
#4472 = PLANE('',#4473);
#4473 = AXIS2_PLACEMENT_3D('',#4474,#4475,#4476);
#4474 = CARTESIAN_POINT('',(44.604400009126,5.,10.992300000001));
#4475 = DIRECTION('',(0.,2.2E-16,1.));
#4476 = DIRECTION('',(-1.,0.,0.));
#4477 = ADVANCED_FACE('',(#4478),#4496,.F.);
#4478 = FACE_BOUND('',#4479,.F.);
#4479 = EDGE_LOOP('',(#4480,#4488,#4494,#4495));
#4480 = ORIENTED_EDGE('',*,*,#4481,.T.);
#4481 = EDGE_CURVE('',#4155,#4482,#4484,.T.);
#4482 = VERTEX_POINT('',#4483);
#4483 = CARTESIAN_POINT('',(44.604400009126,10.,6.992300000001));
#4484 = LINE('',#4485,#4486);
#4485 = CARTESIAN_POINT('',(44.604400009126,5.,6.992300000001));
#4486 = VECTOR('',#4487,1.);
#4487 = DIRECTION('',(0.,1.,-2.2E-16));
#4488 = ORIENTED_EDGE('',*,*,#4489,.T.);
#4489 = EDGE_CURVE('',#4482,#4451,#4490,.T.);
#4490 = LINE('',#4491,#4492);
#4491 = CARTESIAN_POINT('',(44.604400009126,10.,6.992300000001));
#4492 = VECTOR('',#4493,1.);
#4493 = DIRECTION('',(0.,0.,1.));
#4494 = ORIENTED_EDGE('',*,*,#4450,.F.);
#4495 = ORIENTED_EDGE('',*,*,#4162,.F.);
#4496 = PLANE('',#4497);
#4497 = AXIS2_PLACEMENT_3D('',#4498,#4499,#4500);
#4498 = CARTESIAN_POINT('',(44.604400009126,5.,6.992300000001));
#4499 = DIRECTION('',(1.,0.,0.));
#4500 = DIRECTION('',(-0.,2.2E-16,1.));
#4501 = ADVANCED_FACE('',(#4502),#4520,.F.);
#4502 = FACE_BOUND('',#4503,.F.);
#4503 = EDGE_LOOP('',(#4504,#4512,#4518,#4519));
#4504 = ORIENTED_EDGE('',*,*,#4505,.T.);
#4505 = EDGE_CURVE('',#4147,#4506,#4508,.T.);
#4506 = VERTEX_POINT('',#4507);
#4507 = CARTESIAN_POINT('',(37.604400009126,10.,6.992300000001));
#4508 = LINE('',#4509,#4510);
#4509 = CARTESIAN_POINT('',(37.604400009126,5.,6.992300000001));
#4510 = VECTOR('',#4511,1.);
#4511 = DIRECTION('',(0.,1.,-2.2E-16));
#4512 = ORIENTED_EDGE('',*,*,#4513,.T.);
#4513 = EDGE_CURVE('',#4506,#4482,#4514,.T.);
#4514 = LINE('',#4515,#4516);
#4515 = CARTESIAN_POINT('',(37.604400009126,10.,6.992300000001));
#4516 = VECTOR('',#4517,1.);
#4517 = DIRECTION('',(1.,0.,0.));
#4518 = ORIENTED_EDGE('',*,*,#4481,.F.);
#4519 = ORIENTED_EDGE('',*,*,#4154,.F.);
#4520 = PLANE('',#4521);
#4521 = AXIS2_PLACEMENT_3D('',#4522,#4523,#4524);
#4522 = CARTESIAN_POINT('',(37.604400009126,5.,6.992300000001));
#4523 = DIRECTION('',(0.,-2.2E-16,-1.));
#4524 = DIRECTION('',(1.,0.,0.));
#4525 = ADVANCED_FACE('',(#4526),#4537,.F.);
#4526 = FACE_BOUND('',#4527,.F.);
#4527 = EDGE_LOOP('',(#4528,#4529,#4535,#4536));
#4528 = ORIENTED_EDGE('',*,*,#4466,.T.);
#4529 = ORIENTED_EDGE('',*,*,#4530,.T.);
#4530 = EDGE_CURVE('',#4459,#4506,#4531,.T.);
#4531 = LINE('',#4532,#4533);
#4532 = CARTESIAN_POINT('',(37.604400009126,10.,10.992300000001));
#4533 = VECTOR('',#4534,1.);
#4534 = DIRECTION('',(0.,0.,-1.));
#4535 = ORIENTED_EDGE('',*,*,#4505,.F.);
#4536 = ORIENTED_EDGE('',*,*,#4146,.F.);
#4537 = PLANE('',#4538);
#4538 = AXIS2_PLACEMENT_3D('',#4539,#4540,#4541);
#4539 = CARTESIAN_POINT('',(37.604400009126,5.,10.992300000001));
#4540 = DIRECTION('',(-1.,0.,0.));
#4541 = DIRECTION('',(-0.,-2.2E-16,-1.));
#4542 = ADVANCED_FACE('',(#4543),#4568,.F.);
#4543 = FACE_BOUND('',#4544,.F.);
#4544 = EDGE_LOOP('',(#4545,#4553,#4561,#4567));
#4545 = ORIENTED_EDGE('',*,*,#4546,.T.);
#4546 = EDGE_CURVE('',#4171,#4547,#4549,.T.);
#4547 = VERTEX_POINT('',#4548);
#4548 = CARTESIAN_POINT('',(44.604400009126,10.,21.992300000001));
#4549 = LINE('',#4550,#4551);
#4550 = CARTESIAN_POINT('',(44.604400009126,5.,21.992300000001));
#4551 = VECTOR('',#4552,1.);
#4552 = DIRECTION('',(0.,1.,-2.2E-16));
#4553 = ORIENTED_EDGE('',*,*,#4554,.T.);
#4554 = EDGE_CURVE('',#4547,#4555,#4557,.T.);
#4555 = VERTEX_POINT('',#4556);
#4556 = CARTESIAN_POINT('',(37.604400009126,10.,21.992300000001));
#4557 = LINE('',#4558,#4559);
#4558 = CARTESIAN_POINT('',(44.604400009126,10.,21.992300000001));
#4559 = VECTOR('',#4560,1.);
#4560 = DIRECTION('',(-1.,0.,0.));
#4561 = ORIENTED_EDGE('',*,*,#4562,.F.);
#4562 = EDGE_CURVE('',#4173,#4555,#4563,.T.);
#4563 = LINE('',#4564,#4565);
#4564 = CARTESIAN_POINT('',(37.604400009126,5.,21.992300000001));
#4565 = VECTOR('',#4566,1.);
#4566 = DIRECTION('',(0.,1.,-2.2E-16));
#4567 = ORIENTED_EDGE('',*,*,#4170,.F.);
#4568 = PLANE('',#4569);
#4569 = AXIS2_PLACEMENT_3D('',#4570,#4571,#4572);
#4570 = CARTESIAN_POINT('',(44.604400009126,5.,21.992300000001));
#4571 = DIRECTION('',(0.,2.2E-16,1.));
#4572 = DIRECTION('',(-1.,0.,0.));
#4573 = ADVANCED_FACE('',(#4574),#4592,.F.);
#4574 = FACE_BOUND('',#4575,.F.);
#4575 = EDGE_LOOP('',(#4576,#4584,#4590,#4591));
#4576 = ORIENTED_EDGE('',*,*,#4577,.T.);
#4577 = EDGE_CURVE('',#4189,#4578,#4580,.T.);
#4578 = VERTEX_POINT('',#4579);
#4579 = CARTESIAN_POINT('',(44.604400009126,10.,17.992300000001));
#4580 = LINE('',#4581,#4582);
#4581 = CARTESIAN_POINT('',(44.604400009126,5.,17.992300000001));
#4582 = VECTOR('',#4583,1.);
#4583 = DIRECTION('',(0.,1.,-2.2E-16));
#4584 = ORIENTED_EDGE('',*,*,#4585,.T.);
#4585 = EDGE_CURVE('',#4578,#4547,#4586,.T.);
#4586 = LINE('',#4587,#4588);
#4587 = CARTESIAN_POINT('',(44.604400009126,10.,17.992300000001));
#4588 = VECTOR('',#4589,1.);
#4589 = DIRECTION('',(0.,0.,1.));
#4590 = ORIENTED_EDGE('',*,*,#4546,.F.);
#4591 = ORIENTED_EDGE('',*,*,#4196,.F.);
#4592 = PLANE('',#4593);
#4593 = AXIS2_PLACEMENT_3D('',#4594,#4595,#4596);
#4594 = CARTESIAN_POINT('',(44.604400009126,5.,17.992300000001));
#4595 = DIRECTION('',(1.,0.,0.));
#4596 = DIRECTION('',(-0.,2.2E-16,1.));
#4597 = ADVANCED_FACE('',(#4598),#4616,.F.);
#4598 = FACE_BOUND('',#4599,.F.);
#4599 = EDGE_LOOP('',(#4600,#4608,#4614,#4615));
#4600 = ORIENTED_EDGE('',*,*,#4601,.T.);
#4601 = EDGE_CURVE('',#4181,#4602,#4604,.T.);
#4602 = VERTEX_POINT('',#4603);
#4603 = CARTESIAN_POINT('',(37.604400009126,10.,17.992300000001));
#4604 = LINE('',#4605,#4606);
#4605 = CARTESIAN_POINT('',(37.604400009126,5.,17.992300000001));
#4606 = VECTOR('',#4607,1.);
#4607 = DIRECTION('',(0.,1.,-2.2E-16));
#4608 = ORIENTED_EDGE('',*,*,#4609,.T.);
#4609 = EDGE_CURVE('',#4602,#4578,#4610,.T.);
#4610 = LINE('',#4611,#4612);
#4611 = CARTESIAN_POINT('',(37.604400009126,10.,17.992300000001));
#4612 = VECTOR('',#4613,1.);
#4613 = DIRECTION('',(1.,0.,0.));
#4614 = ORIENTED_EDGE('',*,*,#4577,.F.);
#4615 = ORIENTED_EDGE('',*,*,#4188,.F.);
#4616 = PLANE('',#4617);
#4617 = AXIS2_PLACEMENT_3D('',#4618,#4619,#4620);
#4618 = CARTESIAN_POINT('',(37.604400009126,5.,17.992300000001));
#4619 = DIRECTION('',(0.,-2.2E-16,-1.));
#4620 = DIRECTION('',(1.,0.,0.));
#4621 = ADVANCED_FACE('',(#4622),#4633,.F.);
#4622 = FACE_BOUND('',#4623,.F.);
#4623 = EDGE_LOOP('',(#4624,#4625,#4631,#4632));
#4624 = ORIENTED_EDGE('',*,*,#4562,.T.);
#4625 = ORIENTED_EDGE('',*,*,#4626,.T.);
#4626 = EDGE_CURVE('',#4555,#4602,#4627,.T.);
#4627 = LINE('',#4628,#4629);
#4628 = CARTESIAN_POINT('',(37.604400009126,10.,21.992300000001));
#4629 = VECTOR('',#4630,1.);
#4630 = DIRECTION('',(0.,0.,-1.));
#4631 = ORIENTED_EDGE('',*,*,#4601,.F.);
#4632 = ORIENTED_EDGE('',*,*,#4180,.F.);
#4633 = PLANE('',#4634);
#4634 = AXIS2_PLACEMENT_3D('',#4635,#4636,#4637);
#4635 = CARTESIAN_POINT('',(37.604400009126,5.,21.992300000001));
#4636 = DIRECTION('',(-1.,0.,0.));
#4637 = DIRECTION('',(-0.,-2.2E-16,-1.));
#4638 = ADVANCED_FACE('',(#4639),#4664,.F.);
#4639 = FACE_BOUND('',#4640,.F.);
#4640 = EDGE_LOOP('',(#4641,#4649,#4657,#4663));
#4641 = ORIENTED_EDGE('',*,*,#4642,.T.);
#4642 = EDGE_CURVE('',#4247,#4643,#4645,.T.);
#4643 = VERTEX_POINT('',#4644);
#4644 = CARTESIAN_POINT('',(22.245561780207,10.,10.992300000001));
#4645 = LINE('',#4646,#4647);
#4646 = CARTESIAN_POINT('',(22.245561780207,5.,10.992300000001));
#4647 = VECTOR('',#4648,1.);
#4648 = DIRECTION('',(0.,1.,-2.2E-16));
#4649 = ORIENTED_EDGE('',*,*,#4650,.T.);
#4650 = EDGE_CURVE('',#4643,#4651,#4653,.T.);
#4651 = VERTEX_POINT('',#4652);
#4652 = CARTESIAN_POINT('',(15.245561780207,10.,10.992300000001));
#4653 = LINE('',#4654,#4655);
#4654 = CARTESIAN_POINT('',(22.245561780207,10.,10.992300000001));
#4655 = VECTOR('',#4656,1.);
#4656 = DIRECTION('',(-1.,0.,0.));
#4657 = ORIENTED_EDGE('',*,*,#4658,.F.);
#4658 = EDGE_CURVE('',#4249,#4651,#4659,.T.);
#4659 = LINE('',#4660,#4661);
#4660 = CARTESIAN_POINT('',(15.245561780207,5.,10.992300000001));
#4661 = VECTOR('',#4662,1.);
#4662 = DIRECTION('',(0.,1.,-2.2E-16));
#4663 = ORIENTED_EDGE('',*,*,#4246,.F.);
#4664 = PLANE('',#4665);
#4665 = AXIS2_PLACEMENT_3D('',#4666,#4667,#4668);
#4666 = CARTESIAN_POINT('',(22.245561780207,5.,10.992300000001));
#4667 = DIRECTION('',(0.,2.2E-16,1.));
#4668 = DIRECTION('',(-1.,0.,0.));
#4669 = ADVANCED_FACE('',(#4670),#4688,.F.);
#4670 = FACE_BOUND('',#4671,.F.);
#4671 = EDGE_LOOP('',(#4672,#4680,#4686,#4687));
#4672 = ORIENTED_EDGE('',*,*,#4673,.T.);
#4673 = EDGE_CURVE('',#4265,#4674,#4676,.T.);
#4674 = VERTEX_POINT('',#4675);
#4675 = CARTESIAN_POINT('',(22.245561780207,10.,6.992300000001));
#4676 = LINE('',#4677,#4678);
#4677 = CARTESIAN_POINT('',(22.245561780207,5.,6.992300000001));
#4678 = VECTOR('',#4679,1.);
#4679 = DIRECTION('',(0.,1.,-2.2E-16));
#4680 = ORIENTED_EDGE('',*,*,#4681,.T.);
#4681 = EDGE_CURVE('',#4674,#4643,#4682,.T.);
#4682 = LINE('',#4683,#4684);
#4683 = CARTESIAN_POINT('',(22.245561780207,10.,6.992300000001));
#4684 = VECTOR('',#4685,1.);
#4685 = DIRECTION('',(0.,0.,1.));
#4686 = ORIENTED_EDGE('',*,*,#4642,.F.);
#4687 = ORIENTED_EDGE('',*,*,#4272,.F.);
#4688 = PLANE('',#4689);
#4689 = AXIS2_PLACEMENT_3D('',#4690,#4691,#4692);
#4690 = CARTESIAN_POINT('',(22.245561780207,5.,6.992300000001));
#4691 = DIRECTION('',(1.,0.,0.));
#4692 = DIRECTION('',(-0.,2.2E-16,1.));
#4693 = ADVANCED_FACE('',(#4694),#4712,.F.);
#4694 = FACE_BOUND('',#4695,.F.);
#4695 = EDGE_LOOP('',(#4696,#4704,#4710,#4711));
#4696 = ORIENTED_EDGE('',*,*,#4697,.T.);
#4697 = EDGE_CURVE('',#4257,#4698,#4700,.T.);
#4698 = VERTEX_POINT('',#4699);
#4699 = CARTESIAN_POINT('',(15.245561780207,10.,6.992300000001));
#4700 = LINE('',#4701,#4702);
#4701 = CARTESIAN_POINT('',(15.245561780207,5.,6.992300000001));
#4702 = VECTOR('',#4703,1.);
#4703 = DIRECTION('',(0.,1.,-2.2E-16));
#4704 = ORIENTED_EDGE('',*,*,#4705,.T.);
#4705 = EDGE_CURVE('',#4698,#4674,#4706,.T.);
#4706 = LINE('',#4707,#4708);
#4707 = CARTESIAN_POINT('',(15.245561780207,10.,6.992300000001));
#4708 = VECTOR('',#4709,1.);
#4709 = DIRECTION('',(1.,0.,0.));
#4710 = ORIENTED_EDGE('',*,*,#4673,.F.);
#4711 = ORIENTED_EDGE('',*,*,#4264,.F.);
#4712 = PLANE('',#4713);
#4713 = AXIS2_PLACEMENT_3D('',#4714,#4715,#4716);
#4714 = CARTESIAN_POINT('',(15.245561780207,5.,6.992300000001));
#4715 = DIRECTION('',(0.,-2.2E-16,-1.));
#4716 = DIRECTION('',(1.,0.,0.));
#4717 = ADVANCED_FACE('',(#4718),#4729,.F.);
#4718 = FACE_BOUND('',#4719,.F.);
#4719 = EDGE_LOOP('',(#4720,#4721,#4727,#4728));
#4720 = ORIENTED_EDGE('',*,*,#4658,.T.);
#4721 = ORIENTED_EDGE('',*,*,#4722,.T.);
#4722 = EDGE_CURVE('',#4651,#4698,#4723,.T.);
#4723 = LINE('',#4724,#4725);
#4724 = CARTESIAN_POINT('',(15.245561780207,10.,10.992300000001));
#4725 = VECTOR('',#4726,1.);
#4726 = DIRECTION('',(0.,0.,-1.));
#4727 = ORIENTED_EDGE('',*,*,#4697,.F.);
#4728 = ORIENTED_EDGE('',*,*,#4256,.F.);
#4729 = PLANE('',#4730);
#4730 = AXIS2_PLACEMENT_3D('',#4731,#4732,#4733);
#4731 = CARTESIAN_POINT('',(15.245561780207,5.,10.992300000001));
#4732 = DIRECTION('',(-1.,0.,0.));
#4733 = DIRECTION('',(-0.,-2.2E-16,-1.));
#4734 = ADVANCED_FACE('',(#4735),#4760,.F.);
#4735 = FACE_BOUND('',#4736,.F.);
#4736 = EDGE_LOOP('',(#4737,#4745,#4753,#4759));
#4737 = ORIENTED_EDGE('',*,*,#4738,.T.);
#4738 = EDGE_CURVE('',#4281,#4739,#4741,.T.);
#4739 = VERTEX_POINT('',#4740);
#4740 = CARTESIAN_POINT('',(22.245561780207,10.,16.492300000001));
#4741 = LINE('',#4742,#4743);
#4742 = CARTESIAN_POINT('',(22.245561780207,5.,16.492300000001));
#4743 = VECTOR('',#4744,1.);
#4744 = DIRECTION('',(0.,1.,-2.2E-16));
#4745 = ORIENTED_EDGE('',*,*,#4746,.T.);
#4746 = EDGE_CURVE('',#4739,#4747,#4749,.T.);
#4747 = VERTEX_POINT('',#4748);
#4748 = CARTESIAN_POINT('',(15.245561780207,10.,16.492300000001));
#4749 = LINE('',#4750,#4751);
#4750 = CARTESIAN_POINT('',(22.245561780207,10.,16.492300000001));
#4751 = VECTOR('',#4752,1.);
#4752 = DIRECTION('',(-1.,0.,0.));
#4753 = ORIENTED_EDGE('',*,*,#4754,.F.);
#4754 = EDGE_CURVE('',#4283,#4747,#4755,.T.);
#4755 = LINE('',#4756,#4757);
#4756 = CARTESIAN_POINT('',(15.245561780207,5.,16.492300000001));
#4757 = VECTOR('',#4758,1.);
#4758 = DIRECTION('',(0.,1.,-2.2E-16));
#4759 = ORIENTED_EDGE('',*,*,#4280,.F.);
#4760 = PLANE('',#4761);
#4761 = AXIS2_PLACEMENT_3D('',#4762,#4763,#4764);
#4762 = CARTESIAN_POINT('',(22.245561780207,5.,16.492300000001));
#4763 = DIRECTION('',(0.,2.2E-16,1.));
#4764 = DIRECTION('',(-1.,0.,0.));
#4765 = ADVANCED_FACE('',(#4766),#4784,.F.);
#4766 = FACE_BOUND('',#4767,.F.);
#4767 = EDGE_LOOP('',(#4768,#4776,#4782,#4783));
#4768 = ORIENTED_EDGE('',*,*,#4769,.T.);
#4769 = EDGE_CURVE('',#4299,#4770,#4772,.T.);
#4770 = VERTEX_POINT('',#4771);
#4771 = CARTESIAN_POINT('',(22.245561780207,10.,12.492300000001));
#4772 = LINE('',#4773,#4774);
#4773 = CARTESIAN_POINT('',(22.245561780207,5.,12.492300000001));
#4774 = VECTOR('',#4775,1.);
#4775 = DIRECTION('',(0.,1.,-2.2E-16));
#4776 = ORIENTED_EDGE('',*,*,#4777,.T.);
#4777 = EDGE_CURVE('',#4770,#4739,#4778,.T.);
#4778 = LINE('',#4779,#4780);
#4779 = CARTESIAN_POINT('',(22.245561780207,10.,12.492300000001));
#4780 = VECTOR('',#4781,1.);
#4781 = DIRECTION('',(0.,0.,1.));
#4782 = ORIENTED_EDGE('',*,*,#4738,.F.);
#4783 = ORIENTED_EDGE('',*,*,#4306,.F.);
#4784 = PLANE('',#4785);
#4785 = AXIS2_PLACEMENT_3D('',#4786,#4787,#4788);
#4786 = CARTESIAN_POINT('',(22.245561780207,5.,12.492300000001));
#4787 = DIRECTION('',(1.,0.,0.));
#4788 = DIRECTION('',(-0.,2.2E-16,1.));
#4789 = ADVANCED_FACE('',(#4790),#4808,.F.);
#4790 = FACE_BOUND('',#4791,.F.);
#4791 = EDGE_LOOP('',(#4792,#4800,#4806,#4807));
#4792 = ORIENTED_EDGE('',*,*,#4793,.T.);
#4793 = EDGE_CURVE('',#4291,#4794,#4796,.T.);
#4794 = VERTEX_POINT('',#4795);
#4795 = CARTESIAN_POINT('',(15.245561780207,10.,12.492300000001));
#4796 = LINE('',#4797,#4798);
#4797 = CARTESIAN_POINT('',(15.245561780207,5.,12.492300000001));
#4798 = VECTOR('',#4799,1.);
#4799 = DIRECTION('',(0.,1.,-2.2E-16));
#4800 = ORIENTED_EDGE('',*,*,#4801,.T.);
#4801 = EDGE_CURVE('',#4794,#4770,#4802,.T.);
#4802 = LINE('',#4803,#4804);
#4803 = CARTESIAN_POINT('',(15.245561780207,10.,12.492300000001));
#4804 = VECTOR('',#4805,1.);
#4805 = DIRECTION('',(1.,0.,0.));
#4806 = ORIENTED_EDGE('',*,*,#4769,.F.);
#4807 = ORIENTED_EDGE('',*,*,#4298,.F.);
#4808 = PLANE('',#4809);
#4809 = AXIS2_PLACEMENT_3D('',#4810,#4811,#4812);
#4810 = CARTESIAN_POINT('',(15.245561780207,5.,12.492300000001));
#4811 = DIRECTION('',(0.,-2.2E-16,-1.));
#4812 = DIRECTION('',(1.,0.,0.));
#4813 = ADVANCED_FACE('',(#4814),#4825,.F.);
#4814 = FACE_BOUND('',#4815,.F.);
#4815 = EDGE_LOOP('',(#4816,#4817,#4823,#4824));
#4816 = ORIENTED_EDGE('',*,*,#4754,.T.);
#4817 = ORIENTED_EDGE('',*,*,#4818,.T.);
#4818 = EDGE_CURVE('',#4747,#4794,#4819,.T.);
#4819 = LINE('',#4820,#4821);
#4820 = CARTESIAN_POINT('',(15.245561780207,10.,16.492300000001));
#4821 = VECTOR('',#4822,1.);
#4822 = DIRECTION('',(0.,0.,-1.));
#4823 = ORIENTED_EDGE('',*,*,#4793,.F.);
#4824 = ORIENTED_EDGE('',*,*,#4290,.F.);
#4825 = PLANE('',#4826);
#4826 = AXIS2_PLACEMENT_3D('',#4827,#4828,#4829);
#4827 = CARTESIAN_POINT('',(15.245561780207,5.,16.492300000001));
#4828 = DIRECTION('',(-1.,0.,0.));
#4829 = DIRECTION('',(-0.,-2.2E-16,-1.));
#4830 = ADVANCED_FACE('',(#4831),#4856,.F.);
#4831 = FACE_BOUND('',#4832,.F.);
#4832 = EDGE_LOOP('',(#4833,#4841,#4849,#4855));
#4833 = ORIENTED_EDGE('',*,*,#4834,.T.);
#4834 = EDGE_CURVE('',#4315,#4835,#4837,.T.);
#4835 = VERTEX_POINT('',#4836);
#4836 = CARTESIAN_POINT('',(22.245561780207,10.,21.992300000001));
#4837 = LINE('',#4838,#4839);
#4838 = CARTESIAN_POINT('',(22.245561780207,5.,21.992300000001));
#4839 = VECTOR('',#4840,1.);
#4840 = DIRECTION('',(0.,1.,-2.2E-16));
#4841 = ORIENTED_EDGE('',*,*,#4842,.T.);
#4842 = EDGE_CURVE('',#4835,#4843,#4845,.T.);
#4843 = VERTEX_POINT('',#4844);
#4844 = CARTESIAN_POINT('',(15.245561780207,10.,21.992300000001));
#4845 = LINE('',#4846,#4847);
#4846 = CARTESIAN_POINT('',(22.245561780207,10.,21.992300000001));
#4847 = VECTOR('',#4848,1.);
#4848 = DIRECTION('',(-1.,0.,0.));
#4849 = ORIENTED_EDGE('',*,*,#4850,.F.);
#4850 = EDGE_CURVE('',#4317,#4843,#4851,.T.);
#4851 = LINE('',#4852,#4853);
#4852 = CARTESIAN_POINT('',(15.245561780207,5.,21.992300000001));
#4853 = VECTOR('',#4854,1.);
#4854 = DIRECTION('',(0.,1.,-2.2E-16));
#4855 = ORIENTED_EDGE('',*,*,#4314,.F.);
#4856 = PLANE('',#4857);
#4857 = AXIS2_PLACEMENT_3D('',#4858,#4859,#4860);
#4858 = CARTESIAN_POINT('',(22.245561780207,5.,21.992300000001));
#4859 = DIRECTION('',(0.,2.2E-16,1.));
#4860 = DIRECTION('',(-1.,0.,0.));
#4861 = ADVANCED_FACE('',(#4862),#4880,.F.);
#4862 = FACE_BOUND('',#4863,.F.);
#4863 = EDGE_LOOP('',(#4864,#4872,#4878,#4879));
#4864 = ORIENTED_EDGE('',*,*,#4865,.T.);
#4865 = EDGE_CURVE('',#4333,#4866,#4868,.T.);
#4866 = VERTEX_POINT('',#4867);
#4867 = CARTESIAN_POINT('',(22.245561780207,10.,17.992300000001));
#4868 = LINE('',#4869,#4870);
#4869 = CARTESIAN_POINT('',(22.245561780207,5.,17.992300000001));
#4870 = VECTOR('',#4871,1.);
#4871 = DIRECTION('',(0.,1.,-2.2E-16));
#4872 = ORIENTED_EDGE('',*,*,#4873,.T.);
#4873 = EDGE_CURVE('',#4866,#4835,#4874,.T.);
#4874 = LINE('',#4875,#4876);
#4875 = CARTESIAN_POINT('',(22.245561780207,10.,17.992300000001));
#4876 = VECTOR('',#4877,1.);
#4877 = DIRECTION('',(0.,0.,1.));
#4878 = ORIENTED_EDGE('',*,*,#4834,.F.);
#4879 = ORIENTED_EDGE('',*,*,#4340,.F.);
#4880 = PLANE('',#4881);
#4881 = AXIS2_PLACEMENT_3D('',#4882,#4883,#4884);
#4882 = CARTESIAN_POINT('',(22.245561780207,5.,17.992300000001));
#4883 = DIRECTION('',(1.,0.,0.));
#4884 = DIRECTION('',(-0.,2.2E-16,1.));
#4885 = ADVANCED_FACE('',(#4886),#4904,.F.);
#4886 = FACE_BOUND('',#4887,.F.);
#4887 = EDGE_LOOP('',(#4888,#4896,#4902,#4903));
#4888 = ORIENTED_EDGE('',*,*,#4889,.T.);
#4889 = EDGE_CURVE('',#4325,#4890,#4892,.T.);
#4890 = VERTEX_POINT('',#4891);
#4891 = CARTESIAN_POINT('',(15.245561780207,10.,17.992300000001));
#4892 = LINE('',#4893,#4894);
#4893 = CARTESIAN_POINT('',(15.245561780207,5.,17.992300000001));
#4894 = VECTOR('',#4895,1.);
#4895 = DIRECTION('',(0.,1.,-2.2E-16));
#4896 = ORIENTED_EDGE('',*,*,#4897,.T.);
#4897 = EDGE_CURVE('',#4890,#4866,#4898,.T.);
#4898 = LINE('',#4899,#4900);
#4899 = CARTESIAN_POINT('',(15.245561780207,10.,17.992300000001));
#4900 = VECTOR('',#4901,1.);
#4901 = DIRECTION('',(1.,0.,0.));
#4902 = ORIENTED_EDGE('',*,*,#4865,.F.);
#4903 = ORIENTED_EDGE('',*,*,#4332,.F.);
#4904 = PLANE('',#4905);
#4905 = AXIS2_PLACEMENT_3D('',#4906,#4907,#4908);
#4906 = CARTESIAN_POINT('',(15.245561780207,5.,17.992300000001));
#4907 = DIRECTION('',(0.,-2.2E-16,-1.));
#4908 = DIRECTION('',(1.,0.,0.));
#4909 = ADVANCED_FACE('',(#4910),#4921,.F.);
#4910 = FACE_BOUND('',#4911,.F.);
#4911 = EDGE_LOOP('',(#4912,#4913,#4919,#4920));
#4912 = ORIENTED_EDGE('',*,*,#4850,.T.);
#4913 = ORIENTED_EDGE('',*,*,#4914,.T.);
#4914 = EDGE_CURVE('',#4843,#4890,#4915,.T.);
#4915 = LINE('',#4916,#4917);
#4916 = CARTESIAN_POINT('',(15.245561780207,10.,21.992300000001));
#4917 = VECTOR('',#4918,1.);
#4918 = DIRECTION('',(0.,0.,-1.));
#4919 = ORIENTED_EDGE('',*,*,#4889,.F.);
#4920 = ORIENTED_EDGE('',*,*,#4324,.F.);
#4921 = PLANE('',#4922);
#4922 = AXIS2_PLACEMENT_3D('',#4923,#4924,#4925);
#4923 = CARTESIAN_POINT('',(15.245561780207,5.,21.992300000001));
#4924 = DIRECTION('',(-1.,0.,0.));
#4925 = DIRECTION('',(-0.,-2.2E-16,-1.));
#4926 = ADVANCED_FACE('',(#4927),#4933,.F.);
#4927 = FACE_BOUND('',#4928,.T.);
#4928 = EDGE_LOOP('',(#4929,#4930,#4931,#4932));
#4929 = ORIENTED_EDGE('',*,*,#4434,.T.);
#4930 = ORIENTED_EDGE('',*,*,#4417,.T.);
#4931 = ORIENTED_EDGE('',*,*,#4393,.T.);
#4932 = ORIENTED_EDGE('',*,*,#4362,.T.);
#4933 = PLANE('',#4934);
#4934 = AXIS2_PLACEMENT_3D('',#4935,#4936,#4937);
#4935 = CARTESIAN_POINT('',(29.924980893145,10.,14.492300000001));
#4936 = DIRECTION('',(0.,1.,0.));
#4937 = DIRECTION('',(0.,0.,1.));
#4938 = ADVANCED_FACE('',(#4939),#4945,.F.);
#4939 = FACE_BOUND('',#4940,.T.);
#4940 = EDGE_LOOP('',(#4941,#4942,#4943,#4944));
#4941 = ORIENTED_EDGE('',*,*,#4530,.T.);
#4942 = ORIENTED_EDGE('',*,*,#4513,.T.);
#4943 = ORIENTED_EDGE('',*,*,#4489,.T.);
#4944 = ORIENTED_EDGE('',*,*,#4458,.T.);
#4945 = PLANE('',#4946);
#4946 = AXIS2_PLACEMENT_3D('',#4947,#4948,#4949);
#4947 = CARTESIAN_POINT('',(29.924980893145,10.,14.492300000001));
#4948 = DIRECTION('',(0.,1.,0.));
#4949 = DIRECTION('',(0.,0.,1.));
#4950 = ADVANCED_FACE('',(#4951),#4957,.F.);
#4951 = FACE_BOUND('',#4952,.T.);
#4952 = EDGE_LOOP('',(#4953,#4954,#4955,#4956));
#4953 = ORIENTED_EDGE('',*,*,#4626,.T.);
#4954 = ORIENTED_EDGE('',*,*,#4609,.T.);
#4955 = ORIENTED_EDGE('',*,*,#4585,.T.);
#4956 = ORIENTED_EDGE('',*,*,#4554,.T.);
#4957 = PLANE('',#4958);
#4958 = AXIS2_PLACEMENT_3D('',#4959,#4960,#4961);
#4959 = CARTESIAN_POINT('',(29.924980893145,10.,14.492300000001));
#4960 = DIRECTION('',(0.,1.,0.));
#4961 = DIRECTION('',(0.,0.,1.));
#4962 = ADVANCED_FACE('',(#4963),#4969,.F.);
#4963 = FACE_BOUND('',#4964,.T.);
#4964 = EDGE_LOOP('',(#4965,#4966,#4967,#4968));
#4965 = ORIENTED_EDGE('',*,*,#4722,.T.);
#4966 = ORIENTED_EDGE('',*,*,#4705,.T.);
#4967 = ORIENTED_EDGE('',*,*,#4681,.T.);
#4968 = ORIENTED_EDGE('',*,*,#4650,.T.);
#4969 = PLANE('',#4970);
#4970 = AXIS2_PLACEMENT_3D('',#4971,#4972,#4973);
#4971 = CARTESIAN_POINT('',(29.924980893145,10.,14.492300000001));
#4972 = DIRECTION('',(0.,1.,0.));
#4973 = DIRECTION('',(0.,0.,1.));
#4974 = ADVANCED_FACE('',(#4975),#4981,.F.);
#4975 = FACE_BOUND('',#4976,.T.);
#4976 = EDGE_LOOP('',(#4977,#4978,#4979,#4980));
#4977 = ORIENTED_EDGE('',*,*,#4818,.T.);
#4978 = ORIENTED_EDGE('',*,*,#4801,.T.);
#4979 = ORIENTED_EDGE('',*,*,#4777,.T.);
#4980 = ORIENTED_EDGE('',*,*,#4746,.T.);
#4981 = PLANE('',#4982);
#4982 = AXIS2_PLACEMENT_3D('',#4983,#4984,#4985);
#4983 = CARTESIAN_POINT('',(29.924980893145,10.,14.492300000001));
#4984 = DIRECTION('',(0.,1.,0.));
#4985 = DIRECTION('',(0.,0.,1.));
#4986 = ADVANCED_FACE('',(#4987),#4993,.F.);
#4987 = FACE_BOUND('',#4988,.T.);
#4988 = EDGE_LOOP('',(#4989,#4990,#4991,#4992));
#4989 = ORIENTED_EDGE('',*,*,#4914,.T.);
#4990 = ORIENTED_EDGE('',*,*,#4897,.T.);
#4991 = ORIENTED_EDGE('',*,*,#4873,.T.);
#4992 = ORIENTED_EDGE('',*,*,#4842,.T.);
#4993 = PLANE('',#4994);
#4994 = AXIS2_PLACEMENT_3D('',#4995,#4996,#4997);
#4995 = CARTESIAN_POINT('',(29.924980893145,10.,14.492300000001));
#4996 = DIRECTION('',(0.,1.,0.));
#4997 = DIRECTION('',(0.,0.,1.));
#4998 = ( GEOMETRIC_REPRESENTATION_CONTEXT(3) 
GLOBAL_UNCERTAINTY_ASSIGNED_CONTEXT((#5002)) 
GLOBAL_UNIT_ASSIGNED_CONTEXT((#4999,#5000,#5001)) REPRESENTATION_CONTEXT
('Context #1','3D Context with UNIT and UNCERTAINTY') );
#4999 = ( LENGTH_UNIT() NAMED_UNIT(*) SI_UNIT(.MILLI.,.METRE.) );
#5000 = ( NAMED_UNIT(*) PLANE_ANGLE_UNIT() SI_UNIT($,.RADIAN.) );
#5001 = ( NAMED_UNIT(*) SI_UNIT($,.STERADIAN.) SOLID_ANGLE_UNIT() );
#5002 = UNCERTAINTY_MEASURE_WITH_UNIT(LENGTH_MEASURE(5.E-07),#4999,
  'distance_accuracy_value','confusion accuracy');
#5003 = CONTEXT_DEPENDENT_SHAPE_REPRESENTATION(#5004,#5006);
#5004 = ( REPRESENTATION_RELATIONSHIP('','',#1842,#10) 
REPRESENTATION_RELATIONSHIP_WITH_TRANSFORMATION(#5005) 
SHAPE_REPRESENTATION_RELATIONSHIP() );
#5005 = ITEM_DEFINED_TRANSFORMATION('','',#11,#27);
#5006 = PRODUCT_DEFINITION_SHAPE('Placement','Placement of an item',
  #5007);
#5007 = NEXT_ASSEMBLY_USAGE_OCCURRENCE('4','Body003','',#5,#1837,$);
#5008 = PRODUCT_RELATED_PRODUCT_CATEGORY('part',$,(#1839));
#5009 = SHAPE_DEFINITION_REPRESENTATION(#5010,#5016);
#5010 = PRODUCT_DEFINITION_SHAPE('','',#5011);
#5011 = PRODUCT_DEFINITION('design','',#5012,#5015);
#5012 = PRODUCT_DEFINITION_FORMATION('','',#5013);
#5013 = PRODUCT('Body','Body','',(#5014));
#5014 = PRODUCT_CONTEXT('',#2,'mechanical');
#5015 = PRODUCT_DEFINITION_CONTEXT('part definition',#2,'design');
#5016 = ADVANCED_BREP_SHAPE_REPRESENTATION('',(#11,#5017),#5323);
#5017 = MANIFOLD_SOLID_BREP('',#5018);
#5018 = CLOSED_SHELL('',(#5019,#5059,#5090,#5121,#5143,#5176,#5209,#5242
    ,#5275,#5299));
#5019 = ADVANCED_FACE('',(#5020),#5054,.F.);
#5020 = FACE_BOUND('',#5021,.F.);
#5021 = EDGE_LOOP('',(#5022,#5032,#5040,#5048));
#5022 = ORIENTED_EDGE('',*,*,#5023,.T.);
#5023 = EDGE_CURVE('',#5024,#5026,#5028,.T.);
#5024 = VERTEX_POINT('',#5025);
#5025 = CARTESIAN_POINT('',(0.,0.,0.));
#5026 = VERTEX_POINT('',#5027);
#5027 = CARTESIAN_POINT('',(0.,0.,5.));
#5028 = LINE('',#5029,#5030);
#5029 = CARTESIAN_POINT('',(0.,0.,0.));
#5030 = VECTOR('',#5031,1.);
#5031 = DIRECTION('',(0.,0.,1.));
#5032 = ORIENTED_EDGE('',*,*,#5033,.T.);
#5033 = EDGE_CURVE('',#5026,#5034,#5036,.T.);
#5034 = VERTEX_POINT('',#5035);
#5035 = CARTESIAN_POINT('',(50.,0.,5.));
#5036 = LINE('',#5037,#5038);
#5037 = CARTESIAN_POINT('',(0.,0.,5.));
#5038 = VECTOR('',#5039,1.);
#5039 = DIRECTION('',(1.,0.,0.));
#5040 = ORIENTED_EDGE('',*,*,#5041,.F.);
#5041 = EDGE_CURVE('',#5042,#5034,#5044,.T.);
#5042 = VERTEX_POINT('',#5043);
#5043 = CARTESIAN_POINT('',(50.,0.,0.));
#5044 = LINE('',#5045,#5046);
#5045 = CARTESIAN_POINT('',(50.,0.,0.));
#5046 = VECTOR('',#5047,1.);
#5047 = DIRECTION('',(0.,0.,1.));
#5048 = ORIENTED_EDGE('',*,*,#5049,.F.);
#5049 = EDGE_CURVE('',#5024,#5042,#5050,.T.);
#5050 = LINE('',#5051,#5052);
#5051 = CARTESIAN_POINT('',(0.,0.,0.));
#5052 = VECTOR('',#5053,1.);
#5053 = DIRECTION('',(1.,0.,0.));
#5054 = PLANE('',#5055);
#5055 = AXIS2_PLACEMENT_3D('',#5056,#5057,#5058);
#5056 = CARTESIAN_POINT('',(0.,0.,0.));
#5057 = DIRECTION('',(0.,1.,0.));
#5058 = DIRECTION('',(1.,0.,0.));
#5059 = ADVANCED_FACE('',(#5060),#5085,.F.);
#5060 = FACE_BOUND('',#5061,.F.);
#5061 = EDGE_LOOP('',(#5062,#5063,#5071,#5079));
#5062 = ORIENTED_EDGE('',*,*,#5041,.T.);
#5063 = ORIENTED_EDGE('',*,*,#5064,.T.);
#5064 = EDGE_CURVE('',#5034,#5065,#5067,.T.);
#5065 = VERTEX_POINT('',#5066);
#5066 = CARTESIAN_POINT('',(50.,40.,5.));
#5067 = LINE('',#5068,#5069);
#5068 = CARTESIAN_POINT('',(50.,0.,5.));
#5069 = VECTOR('',#5070,1.);
#5070 = DIRECTION('',(0.,1.,0.));
#5071 = ORIENTED_EDGE('',*,*,#5072,.F.);
#5072 = EDGE_CURVE('',#5073,#5065,#5075,.T.);
#5073 = VERTEX_POINT('',#5074);
#5074 = CARTESIAN_POINT('',(50.,40.,0.));
#5075 = LINE('',#5076,#5077);
#5076 = CARTESIAN_POINT('',(50.,40.,0.));
#5077 = VECTOR('',#5078,1.);
#5078 = DIRECTION('',(0.,0.,1.));
#5079 = ORIENTED_EDGE('',*,*,#5080,.F.);
#5080 = EDGE_CURVE('',#5042,#5073,#5081,.T.);
#5081 = LINE('',#5082,#5083);
#5082 = CARTESIAN_POINT('',(50.,0.,0.));
#5083 = VECTOR('',#5084,1.);
#5084 = DIRECTION('',(0.,1.,0.));
#5085 = PLANE('',#5086);
#5086 = AXIS2_PLACEMENT_3D('',#5087,#5088,#5089);
#5087 = CARTESIAN_POINT('',(50.,0.,0.));
#5088 = DIRECTION('',(-1.,0.,0.));
#5089 = DIRECTION('',(0.,1.,0.));
#5090 = ADVANCED_FACE('',(#5091),#5116,.F.);
#5091 = FACE_BOUND('',#5092,.F.);
#5092 = EDGE_LOOP('',(#5093,#5094,#5102,#5110));
#5093 = ORIENTED_EDGE('',*,*,#5072,.T.);
#5094 = ORIENTED_EDGE('',*,*,#5095,.T.);
#5095 = EDGE_CURVE('',#5065,#5096,#5098,.T.);
#5096 = VERTEX_POINT('',#5097);
#5097 = CARTESIAN_POINT('',(0.,40.,5.));
#5098 = LINE('',#5099,#5100);
#5099 = CARTESIAN_POINT('',(50.,40.,5.));
#5100 = VECTOR('',#5101,1.);
#5101 = DIRECTION('',(-1.,0.,0.));
#5102 = ORIENTED_EDGE('',*,*,#5103,.F.);
#5103 = EDGE_CURVE('',#5104,#5096,#5106,.T.);
#5104 = VERTEX_POINT('',#5105);
#5105 = CARTESIAN_POINT('',(0.,40.,0.));
#5106 = LINE('',#5107,#5108);
#5107 = CARTESIAN_POINT('',(0.,40.,0.));
#5108 = VECTOR('',#5109,1.);
#5109 = DIRECTION('',(0.,0.,1.));
#5110 = ORIENTED_EDGE('',*,*,#5111,.F.);
#5111 = EDGE_CURVE('',#5073,#5104,#5112,.T.);
#5112 = LINE('',#5113,#5114);
#5113 = CARTESIAN_POINT('',(50.,40.,0.));
#5114 = VECTOR('',#5115,1.);
#5115 = DIRECTION('',(-1.,0.,0.));
#5116 = PLANE('',#5117);
#5117 = AXIS2_PLACEMENT_3D('',#5118,#5119,#5120);
#5118 = CARTESIAN_POINT('',(50.,40.,0.));
#5119 = DIRECTION('',(0.,-1.,0.));
#5120 = DIRECTION('',(-1.,0.,0.));
#5121 = ADVANCED_FACE('',(#5122),#5138,.F.);
#5122 = FACE_BOUND('',#5123,.F.);
#5123 = EDGE_LOOP('',(#5124,#5125,#5131,#5132));
#5124 = ORIENTED_EDGE('',*,*,#5103,.T.);
#5125 = ORIENTED_EDGE('',*,*,#5126,.T.);
#5126 = EDGE_CURVE('',#5096,#5026,#5127,.T.);
#5127 = LINE('',#5128,#5129);
#5128 = CARTESIAN_POINT('',(0.,40.,5.));
#5129 = VECTOR('',#5130,1.);
#5130 = DIRECTION('',(0.,-1.,0.));
#5131 = ORIENTED_EDGE('',*,*,#5023,.F.);
#5132 = ORIENTED_EDGE('',*,*,#5133,.F.);
#5133 = EDGE_CURVE('',#5104,#5024,#5134,.T.);
#5134 = LINE('',#5135,#5136);
#5135 = CARTESIAN_POINT('',(0.,40.,0.));
#5136 = VECTOR('',#5137,1.);
#5137 = DIRECTION('',(0.,-1.,0.));
#5138 = PLANE('',#5139);
#5139 = AXIS2_PLACEMENT_3D('',#5140,#5141,#5142);
#5140 = CARTESIAN_POINT('',(0.,40.,0.));
#5141 = DIRECTION('',(1.,0.,0.));
#5142 = DIRECTION('',(0.,-1.,0.));
#5143 = ADVANCED_FACE('',(#5144),#5171,.F.);
#5144 = FACE_BOUND('',#5145,.T.);
#5145 = EDGE_LOOP('',(#5146,#5156,#5163,#5164));
#5146 = ORIENTED_EDGE('',*,*,#5147,.T.);
#5147 = EDGE_CURVE('',#5148,#5150,#5152,.T.);
#5148 = VERTEX_POINT('',#5149);
#5149 = CARTESIAN_POINT('',(6.999513267806,34.637688898167,0.));
#5150 = VERTEX_POINT('',#5151);
#5151 = CARTESIAN_POINT('',(6.999513267806,34.637688898167,5.));
#5152 = LINE('',#5153,#5154);
#5153 = CARTESIAN_POINT('',(6.999513267806,34.637688898167,0.));
#5154 = VECTOR('',#5155,1.);
#5155 = DIRECTION('',(0.,0.,1.));
#5156 = ORIENTED_EDGE('',*,*,#5157,.T.);
#5157 = EDGE_CURVE('',#5150,#5150,#5158,.T.);
#5158 = CIRCLE('',#5159,2.5);
#5159 = AXIS2_PLACEMENT_3D('',#5160,#5161,#5162);
#5160 = CARTESIAN_POINT('',(4.499513267806,34.637688898167,5.));
#5161 = DIRECTION('',(0.,0.,1.));
#5162 = DIRECTION('',(1.,0.,0.));
#5163 = ORIENTED_EDGE('',*,*,#5147,.F.);
#5164 = ORIENTED_EDGE('',*,*,#5165,.F.);
#5165 = EDGE_CURVE('',#5148,#5148,#5166,.T.);
#5166 = CIRCLE('',#5167,2.5);
#5167 = AXIS2_PLACEMENT_3D('',#5168,#5169,#5170);
#5168 = CARTESIAN_POINT('',(4.499513267806,34.637688898167,0.));
#5169 = DIRECTION('',(0.,0.,1.));
#5170 = DIRECTION('',(1.,0.,0.));
#5171 = CYLINDRICAL_SURFACE('',#5172,2.5);
#5172 = AXIS2_PLACEMENT_3D('',#5173,#5174,#5175);
#5173 = CARTESIAN_POINT('',(4.499513267806,34.637688898167,0.));
#5174 = DIRECTION('',(-0.,-0.,-1.));
#5175 = DIRECTION('',(1.,0.,0.));
#5176 = ADVANCED_FACE('',(#5177),#5204,.F.);
#5177 = FACE_BOUND('',#5178,.T.);
#5178 = EDGE_LOOP('',(#5179,#5189,#5196,#5197));
#5179 = ORIENTED_EDGE('',*,*,#5180,.T.);
#5180 = EDGE_CURVE('',#5181,#5183,#5185,.T.);
#5181 = VERTEX_POINT('',#5182);
#5182 = CARTESIAN_POINT('',(48.000486732194,34.637688898167,0.));
#5183 = VERTEX_POINT('',#5184);
#5184 = CARTESIAN_POINT('',(48.000486732194,34.637688898167,5.));
#5185 = LINE('',#5186,#5187);
#5186 = CARTESIAN_POINT('',(48.000486732194,34.637688898167,0.));
#5187 = VECTOR('',#5188,1.);
#5188 = DIRECTION('',(0.,0.,1.));
#5189 = ORIENTED_EDGE('',*,*,#5190,.T.);
#5190 = EDGE_CURVE('',#5183,#5183,#5191,.T.);
#5191 = CIRCLE('',#5192,2.5);
#5192 = AXIS2_PLACEMENT_3D('',#5193,#5194,#5195);
#5193 = CARTESIAN_POINT('',(45.500486732194,34.637688898167,5.));
#5194 = DIRECTION('',(0.,0.,1.));
#5195 = DIRECTION('',(1.,0.,0.));
#5196 = ORIENTED_EDGE('',*,*,#5180,.F.);
#5197 = ORIENTED_EDGE('',*,*,#5198,.F.);
#5198 = EDGE_CURVE('',#5181,#5181,#5199,.T.);
#5199 = CIRCLE('',#5200,2.5);
#5200 = AXIS2_PLACEMENT_3D('',#5201,#5202,#5203);
#5201 = CARTESIAN_POINT('',(45.500486732194,34.637688898167,0.));
#5202 = DIRECTION('',(0.,0.,1.));
#5203 = DIRECTION('',(1.,0.,0.));
#5204 = CYLINDRICAL_SURFACE('',#5205,2.5);
#5205 = AXIS2_PLACEMENT_3D('',#5206,#5207,#5208);
#5206 = CARTESIAN_POINT('',(45.500486732194,34.637688898167,0.));
#5207 = DIRECTION('',(-0.,-0.,-1.));
#5208 = DIRECTION('',(1.,0.,0.));
#5209 = ADVANCED_FACE('',(#5210),#5237,.F.);
#5210 = FACE_BOUND('',#5211,.T.);
#5211 = EDGE_LOOP('',(#5212,#5222,#5229,#5230));
#5212 = ORIENTED_EDGE('',*,*,#5213,.T.);
#5213 = EDGE_CURVE('',#5214,#5216,#5218,.T.);
#5214 = VERTEX_POINT('',#5215);
#5215 = CARTESIAN_POINT('',(8.000486732194,4.329508714503,0.));
#5216 = VERTEX_POINT('',#5217);
#5217 = CARTESIAN_POINT('',(8.000486732194,4.329508714503,5.));
#5218 = LINE('',#5219,#5220);
#5219 = CARTESIAN_POINT('',(8.000486732194,4.329508714503,0.));
#5220 = VECTOR('',#5221,1.);
#5221 = DIRECTION('',(0.,0.,1.));
#5222 = ORIENTED_EDGE('',*,*,#5223,.T.);
#5223 = EDGE_CURVE('',#5216,#5216,#5224,.T.);
#5224 = CIRCLE('',#5225,2.5);
#5225 = AXIS2_PLACEMENT_3D('',#5226,#5227,#5228);
#5226 = CARTESIAN_POINT('',(5.500486732194,4.329508714503,5.));
#5227 = DIRECTION('',(0.,0.,1.));
#5228 = DIRECTION('',(1.,0.,0.));
#5229 = ORIENTED_EDGE('',*,*,#5213,.F.);
#5230 = ORIENTED_EDGE('',*,*,#5231,.F.);
#5231 = EDGE_CURVE('',#5214,#5214,#5232,.T.);
#5232 = CIRCLE('',#5233,2.5);
#5233 = AXIS2_PLACEMENT_3D('',#5234,#5235,#5236);
#5234 = CARTESIAN_POINT('',(5.500486732194,4.329508714503,0.));
#5235 = DIRECTION('',(0.,0.,1.));
#5236 = DIRECTION('',(1.,0.,0.));
#5237 = CYLINDRICAL_SURFACE('',#5238,2.5);
#5238 = AXIS2_PLACEMENT_3D('',#5239,#5240,#5241);
#5239 = CARTESIAN_POINT('',(5.500486732194,4.329508714503,0.));
#5240 = DIRECTION('',(-0.,-0.,-1.));
#5241 = DIRECTION('',(1.,0.,0.));
#5242 = ADVANCED_FACE('',(#5243),#5270,.F.);
#5243 = FACE_BOUND('',#5244,.T.);
#5244 = EDGE_LOOP('',(#5245,#5255,#5262,#5263));
#5245 = ORIENTED_EDGE('',*,*,#5246,.T.);
#5246 = EDGE_CURVE('',#5247,#5249,#5251,.T.);
#5247 = VERTEX_POINT('',#5248);
#5248 = CARTESIAN_POINT('',(46.999513267806,4.329508714503,0.));
#5249 = VERTEX_POINT('',#5250);
#5250 = CARTESIAN_POINT('',(46.999513267806,4.329508714503,5.));
#5251 = LINE('',#5252,#5253);
#5252 = CARTESIAN_POINT('',(46.999513267806,4.329508714503,0.));
#5253 = VECTOR('',#5254,1.);
#5254 = DIRECTION('',(0.,0.,1.));
#5255 = ORIENTED_EDGE('',*,*,#5256,.T.);
#5256 = EDGE_CURVE('',#5249,#5249,#5257,.T.);
#5257 = CIRCLE('',#5258,2.5);
#5258 = AXIS2_PLACEMENT_3D('',#5259,#5260,#5261);
#5259 = CARTESIAN_POINT('',(44.499513267806,4.329508714503,5.));
#5260 = DIRECTION('',(0.,0.,1.));
#5261 = DIRECTION('',(1.,0.,0.));
#5262 = ORIENTED_EDGE('',*,*,#5246,.F.);
#5263 = ORIENTED_EDGE('',*,*,#5264,.F.);
#5264 = EDGE_CURVE('',#5247,#5247,#5265,.T.);
#5265 = CIRCLE('',#5266,2.5);
#5266 = AXIS2_PLACEMENT_3D('',#5267,#5268,#5269);
#5267 = CARTESIAN_POINT('',(44.499513267806,4.329508714503,0.));
#5268 = DIRECTION('',(0.,0.,1.));
#5269 = DIRECTION('',(1.,0.,0.));
#5270 = CYLINDRICAL_SURFACE('',#5271,2.5);
#5271 = AXIS2_PLACEMENT_3D('',#5272,#5273,#5274);
#5272 = CARTESIAN_POINT('',(44.499513267806,4.329508714503,0.));
#5273 = DIRECTION('',(-0.,-0.,-1.));
#5274 = DIRECTION('',(1.,0.,0.));
#5275 = ADVANCED_FACE('',(#5276,#5282,#5285,#5288,#5291),#5294,.F.);
#5276 = FACE_BOUND('',#5277,.F.);
#5277 = EDGE_LOOP('',(#5278,#5279,#5280,#5281));
#5278 = ORIENTED_EDGE('',*,*,#5049,.T.);
#5279 = ORIENTED_EDGE('',*,*,#5080,.T.);
#5280 = ORIENTED_EDGE('',*,*,#5111,.T.);
#5281 = ORIENTED_EDGE('',*,*,#5133,.T.);
#5282 = FACE_BOUND('',#5283,.T.);
#5283 = EDGE_LOOP('',(#5284));
#5284 = ORIENTED_EDGE('',*,*,#5165,.T.);
#5285 = FACE_BOUND('',#5286,.T.);
#5286 = EDGE_LOOP('',(#5287));
#5287 = ORIENTED_EDGE('',*,*,#5198,.T.);
#5288 = FACE_BOUND('',#5289,.T.);
#5289 = EDGE_LOOP('',(#5290));
#5290 = ORIENTED_EDGE('',*,*,#5231,.T.);
#5291 = FACE_BOUND('',#5292,.T.);
#5292 = EDGE_LOOP('',(#5293));
#5293 = ORIENTED_EDGE('',*,*,#5264,.T.);
#5294 = PLANE('',#5295);
#5295 = AXIS2_PLACEMENT_3D('',#5296,#5297,#5298);
#5296 = CARTESIAN_POINT('',(25.,19.884321362239,0.));
#5297 = DIRECTION('',(0.,0.,1.));
#5298 = DIRECTION('',(1.,0.,0.));
#5299 = ADVANCED_FACE('',(#5300,#5306,#5309,#5312,#5315),#5318,.T.);
#5300 = FACE_BOUND('',#5301,.T.);
#5301 = EDGE_LOOP('',(#5302,#5303,#5304,#5305));
#5302 = ORIENTED_EDGE('',*,*,#5033,.T.);
#5303 = ORIENTED_EDGE('',*,*,#5064,.T.);
#5304 = ORIENTED_EDGE('',*,*,#5095,.T.);
#5305 = ORIENTED_EDGE('',*,*,#5126,.T.);
#5306 = FACE_BOUND('',#5307,.F.);
#5307 = EDGE_LOOP('',(#5308));
#5308 = ORIENTED_EDGE('',*,*,#5157,.T.);
#5309 = FACE_BOUND('',#5310,.F.);
#5310 = EDGE_LOOP('',(#5311));
#5311 = ORIENTED_EDGE('',*,*,#5190,.T.);
#5312 = FACE_BOUND('',#5313,.F.);
#5313 = EDGE_LOOP('',(#5314));
#5314 = ORIENTED_EDGE('',*,*,#5223,.T.);
#5315 = FACE_BOUND('',#5316,.F.);
#5316 = EDGE_LOOP('',(#5317));
#5317 = ORIENTED_EDGE('',*,*,#5256,.T.);
#5318 = PLANE('',#5319);
#5319 = AXIS2_PLACEMENT_3D('',#5320,#5321,#5322);
#5320 = CARTESIAN_POINT('',(25.,19.884321362239,5.));
#5321 = DIRECTION('',(0.,0.,1.));
#5322 = DIRECTION('',(1.,0.,0.));
#5323 = ( GEOMETRIC_REPRESENTATION_CONTEXT(3) 
GLOBAL_UNCERTAINTY_ASSIGNED_CONTEXT((#5327)) 
GLOBAL_UNIT_ASSIGNED_CONTEXT((#5324,#5325,#5326)) REPRESENTATION_CONTEXT
('Context #1','3D Context with UNIT and UNCERTAINTY') );
#5324 = ( LENGTH_UNIT() NAMED_UNIT(*) SI_UNIT(.MILLI.,.METRE.) );
#5325 = ( NAMED_UNIT(*) PLANE_ANGLE_UNIT() SI_UNIT($,.RADIAN.) );
#5326 = ( NAMED_UNIT(*) SI_UNIT($,.STERADIAN.) SOLID_ANGLE_UNIT() );
#5327 = UNCERTAINTY_MEASURE_WITH_UNIT(LENGTH_MEASURE(1.E-07),#5324,
  'distance_accuracy_value','confusion accuracy');
#5328 = CONTEXT_DEPENDENT_SHAPE_REPRESENTATION(#5329,#5331);
#5329 = ( REPRESENTATION_RELATIONSHIP('','',#5016,#10) 
REPRESENTATION_RELATIONSHIP_WITH_TRANSFORMATION(#5330) 
SHAPE_REPRESENTATION_RELATIONSHIP() );
#5330 = ITEM_DEFINED_TRANSFORMATION('','',#11,#31);
#5331 = PRODUCT_DEFINITION_SHAPE('Placement','Placement of an item',
  #5332);
#5332 = NEXT_ASSEMBLY_USAGE_OCCURRENCE('5','Body004','',#5,#5011,$);
#5333 = PRODUCT_RELATED_PRODUCT_CATEGORY('part',$,(#5013));
#5334 = SHAPE_DEFINITION_REPRESENTATION(#5335,#5341);
#5335 = PRODUCT_DEFINITION_SHAPE('','',#5336);
#5336 = PRODUCT_DEFINITION('design','',#5337,#5340);
#5337 = PRODUCT_DEFINITION_FORMATION('','',#5338);
#5338 = PRODUCT('Body','Body','',(#5339));
#5339 = PRODUCT_CONTEXT('',#2,'mechanical');
#5340 = PRODUCT_DEFINITION_CONTEXT('part definition',#2,'design');
#5341 = ADVANCED_BREP_SHAPE_REPRESENTATION('',(#11,#5342),#5551);
#5342 = MANIFOLD_SOLID_BREP('',#5343);
#5343 = CLOSED_SHELL('',(#5344,#5377,#5430,#5483,#5500,#5517,#5534));
#5344 = ADVANCED_FACE('',(#5345),#5372,.T.);
#5345 = FACE_BOUND('',#5346,.F.);
#5346 = EDGE_LOOP('',(#5347,#5357,#5364,#5365));
#5347 = ORIENTED_EDGE('',*,*,#5348,.T.);
#5348 = EDGE_CURVE('',#5349,#5351,#5353,.T.);
#5349 = VERTEX_POINT('',#5350);
#5350 = CARTESIAN_POINT('',(30.,0.,0.));
#5351 = VERTEX_POINT('',#5352);
#5352 = CARTESIAN_POINT('',(30.,0.,1.));
#5353 = LINE('',#5354,#5355);
#5354 = CARTESIAN_POINT('',(30.,0.,0.));
#5355 = VECTOR('',#5356,1.);
#5356 = DIRECTION('',(0.,0.,1.));
#5357 = ORIENTED_EDGE('',*,*,#5358,.T.);
#5358 = EDGE_CURVE('',#5351,#5351,#5359,.T.);
#5359 = CIRCLE('',#5360,30.);
#5360 = AXIS2_PLACEMENT_3D('',#5361,#5362,#5363);
#5361 = CARTESIAN_POINT('',(0.,0.,1.));
#5362 = DIRECTION('',(0.,0.,1.));
#5363 = DIRECTION('',(1.,0.,0.));
#5364 = ORIENTED_EDGE('',*,*,#5348,.F.);
#5365 = ORIENTED_EDGE('',*,*,#5366,.F.);
#5366 = EDGE_CURVE('',#5349,#5349,#5367,.T.);
#5367 = CIRCLE('',#5368,30.);
#5368 = AXIS2_PLACEMENT_3D('',#5369,#5370,#5371);
#5369 = CARTESIAN_POINT('',(0.,0.,0.));
#5370 = DIRECTION('',(0.,0.,1.));
#5371 = DIRECTION('',(1.,0.,0.));
#5372 = CYLINDRICAL_SURFACE('',#5373,30.);
#5373 = AXIS2_PLACEMENT_3D('',#5374,#5375,#5376);
#5374 = CARTESIAN_POINT('',(0.,0.,0.));
#5375 = DIRECTION('',(-0.,-0.,-1.));
#5376 = DIRECTION('',(1.,0.,0.));
#5377 = ADVANCED_FACE('',(#5378,#5381,#5392,#5403,#5414),#5425,.F.);
#5378 = FACE_BOUND('',#5379,.F.);
#5379 = EDGE_LOOP('',(#5380));
#5380 = ORIENTED_EDGE('',*,*,#5366,.T.);
#5381 = FACE_BOUND('',#5382,.F.);
#5382 = EDGE_LOOP('',(#5383));
#5383 = ORIENTED_EDGE('',*,*,#5384,.F.);
#5384 = EDGE_CURVE('',#5385,#5385,#5387,.T.);
#5385 = VERTEX_POINT('',#5386);
#5386 = CARTESIAN_POINT('',(-18.,-15.,0.));
#5387 = CIRCLE('',#5388,2.);
#5388 = AXIS2_PLACEMENT_3D('',#5389,#5390,#5391);
#5389 = CARTESIAN_POINT('',(-20.,-15.,0.));
#5390 = DIRECTION('',(0.,0.,1.));
#5391 = DIRECTION('',(1.,0.,0.));
#5392 = FACE_BOUND('',#5393,.F.);
#5393 = EDGE_LOOP('',(#5394));
#5394 = ORIENTED_EDGE('',*,*,#5395,.F.);
#5395 = EDGE_CURVE('',#5396,#5396,#5398,.T.);
#5396 = VERTEX_POINT('',#5397);
#5397 = CARTESIAN_POINT('',(15.,-18.,0.));
#5398 = CIRCLE('',#5399,2.);
#5399 = AXIS2_PLACEMENT_3D('',#5400,#5401,#5402);
#5400 = CARTESIAN_POINT('',(15.,-20.,0.));
#5401 = DIRECTION('',(0.,-0.,1.));
#5402 = DIRECTION('',(1.1E-16,1.,0.));
#5403 = FACE_BOUND('',#5404,.F.);
#5404 = EDGE_LOOP('',(#5405));
#5405 = ORIENTED_EDGE('',*,*,#5406,.F.);
#5406 = EDGE_CURVE('',#5407,#5407,#5409,.T.);
#5407 = VERTEX_POINT('',#5408);
#5408 = CARTESIAN_POINT('',(-15.,18.,0.));
#5409 = CIRCLE('',#5410,2.);
#5410 = AXIS2_PLACEMENT_3D('',#5411,#5412,#5413);
#5411 = CARTESIAN_POINT('',(-15.,20.,0.));
#5412 = DIRECTION('',(0.,0.,1.));
#5413 = DIRECTION('',(-2.2E-16,-1.,0.));
#5414 = FACE_BOUND('',#5415,.F.);
#5415 = EDGE_LOOP('',(#5416));
#5416 = ORIENTED_EDGE('',*,*,#5417,.F.);
#5417 = EDGE_CURVE('',#5418,#5418,#5420,.T.);
#5418 = VERTEX_POINT('',#5419);
#5419 = CARTESIAN_POINT('',(18.,15.,0.));
#5420 = CIRCLE('',#5421,2.);
#5421 = AXIS2_PLACEMENT_3D('',#5422,#5423,#5424);
#5422 = CARTESIAN_POINT('',(20.,15.,0.));
#5423 = DIRECTION('',(0.,0.,1.));
#5424 = DIRECTION('',(-1.,1.2E-16,0.));
#5425 = PLANE('',#5426);
#5426 = AXIS2_PLACEMENT_3D('',#5427,#5428,#5429);
#5427 = CARTESIAN_POINT('',(-1.46E-15,2.3E-16,0.));
#5428 = DIRECTION('',(0.,0.,1.));
#5429 = DIRECTION('',(1.,0.,0.));
#5430 = ADVANCED_FACE('',(#5431,#5434,#5445,#5456,#5467),#5478,.T.);
#5431 = FACE_BOUND('',#5432,.T.);
#5432 = EDGE_LOOP('',(#5433));
#5433 = ORIENTED_EDGE('',*,*,#5358,.T.);
#5434 = FACE_BOUND('',#5435,.T.);
#5435 = EDGE_LOOP('',(#5436));
#5436 = ORIENTED_EDGE('',*,*,#5437,.F.);
#5437 = EDGE_CURVE('',#5438,#5438,#5440,.T.);
#5438 = VERTEX_POINT('',#5439);
#5439 = CARTESIAN_POINT('',(-18.,-15.,1.));
#5440 = CIRCLE('',#5441,2.);
#5441 = AXIS2_PLACEMENT_3D('',#5442,#5443,#5444);
#5442 = CARTESIAN_POINT('',(-20.,-15.,1.));
#5443 = DIRECTION('',(0.,0.,1.));
#5444 = DIRECTION('',(1.,0.,0.));
#5445 = FACE_BOUND('',#5446,.T.);
#5446 = EDGE_LOOP('',(#5447));
#5447 = ORIENTED_EDGE('',*,*,#5448,.F.);
#5448 = EDGE_CURVE('',#5449,#5449,#5451,.T.);
#5449 = VERTEX_POINT('',#5450);
#5450 = CARTESIAN_POINT('',(15.,-18.,1.));
#5451 = CIRCLE('',#5452,2.);
#5452 = AXIS2_PLACEMENT_3D('',#5453,#5454,#5455);
#5453 = CARTESIAN_POINT('',(15.,-20.,1.));
#5454 = DIRECTION('',(0.,-0.,1.));
#5455 = DIRECTION('',(0.,1.,0.));
#5456 = FACE_BOUND('',#5457,.T.);
#5457 = EDGE_LOOP('',(#5458));
#5458 = ORIENTED_EDGE('',*,*,#5459,.F.);
#5459 = EDGE_CURVE('',#5460,#5460,#5462,.T.);
#5460 = VERTEX_POINT('',#5461);
#5461 = CARTESIAN_POINT('',(-15.,18.,1.));
#5462 = CIRCLE('',#5463,2.);
#5463 = AXIS2_PLACEMENT_3D('',#5464,#5465,#5466);
#5464 = CARTESIAN_POINT('',(-15.,20.,1.));
#5465 = DIRECTION('',(-0.,0.,1.));
#5466 = DIRECTION('',(0.,-1.,0.));
#5467 = FACE_BOUND('',#5468,.T.);
#5468 = EDGE_LOOP('',(#5469));
#5469 = ORIENTED_EDGE('',*,*,#5470,.F.);
#5470 = EDGE_CURVE('',#5471,#5471,#5473,.T.);
#5471 = VERTEX_POINT('',#5472);
#5472 = CARTESIAN_POINT('',(18.,15.,1.));
#5473 = CIRCLE('',#5474,2.);
#5474 = AXIS2_PLACEMENT_3D('',#5475,#5476,#5477);
#5475 = CARTESIAN_POINT('',(20.,15.,1.));
#5476 = DIRECTION('',(0.,0.,1.));
#5477 = DIRECTION('',(-1.,0.,0.));
#5478 = PLANE('',#5479);
#5479 = AXIS2_PLACEMENT_3D('',#5480,#5481,#5482);
#5480 = CARTESIAN_POINT('',(-1.46E-15,2.3E-16,1.));
#5481 = DIRECTION('',(0.,0.,1.));
#5482 = DIRECTION('',(1.,0.,0.));
#5483 = ADVANCED_FACE('',(#5484),#5495,.F.);
#5484 = FACE_BOUND('',#5485,.F.);
#5485 = EDGE_LOOP('',(#5486,#5487,#5493,#5494));
#5486 = ORIENTED_EDGE('',*,*,#5437,.F.);
#5487 = ORIENTED_EDGE('',*,*,#5488,.T.);
#5488 = EDGE_CURVE('',#5438,#5385,#5489,.T.);
#5489 = LINE('',#5490,#5491);
#5490 = CARTESIAN_POINT('',(-18.,-15.,1.));
#5491 = VECTOR('',#5492,1.);
#5492 = DIRECTION('',(-0.,-0.,-1.));
#5493 = ORIENTED_EDGE('',*,*,#5384,.T.);
#5494 = ORIENTED_EDGE('',*,*,#5488,.F.);
#5495 = CYLINDRICAL_SURFACE('',#5496,2.);
#5496 = AXIS2_PLACEMENT_3D('',#5497,#5498,#5499);
#5497 = CARTESIAN_POINT('',(-20.,-15.,1.));
#5498 = DIRECTION('',(0.,0.,1.));
#5499 = DIRECTION('',(1.,0.,0.));
#5500 = ADVANCED_FACE('',(#5501),#5512,.F.);
#5501 = FACE_BOUND('',#5502,.F.);
#5502 = EDGE_LOOP('',(#5503,#5504,#5510,#5511));
#5503 = ORIENTED_EDGE('',*,*,#5448,.F.);
#5504 = ORIENTED_EDGE('',*,*,#5505,.T.);
#5505 = EDGE_CURVE('',#5449,#5396,#5506,.T.);
#5506 = LINE('',#5507,#5508);
#5507 = CARTESIAN_POINT('',(15.,-18.,1.));
#5508 = VECTOR('',#5509,1.);
#5509 = DIRECTION('',(0.,-0.,-1.));
#5510 = ORIENTED_EDGE('',*,*,#5395,.T.);
#5511 = ORIENTED_EDGE('',*,*,#5505,.F.);
#5512 = CYLINDRICAL_SURFACE('',#5513,2.);
#5513 = AXIS2_PLACEMENT_3D('',#5514,#5515,#5516);
#5514 = CARTESIAN_POINT('',(15.,-20.,1.));
#5515 = DIRECTION('',(0.,0.,1.));
#5516 = DIRECTION('',(0.,1.,0.));
#5517 = ADVANCED_FACE('',(#5518),#5529,.F.);
#5518 = FACE_BOUND('',#5519,.F.);
#5519 = EDGE_LOOP('',(#5520,#5521,#5527,#5528));
#5520 = ORIENTED_EDGE('',*,*,#5459,.F.);
#5521 = ORIENTED_EDGE('',*,*,#5522,.T.);
#5522 = EDGE_CURVE('',#5460,#5407,#5523,.T.);
#5523 = LINE('',#5524,#5525);
#5524 = CARTESIAN_POINT('',(-15.,18.,1.));
#5525 = VECTOR('',#5526,1.);
#5526 = DIRECTION('',(-0.,0.,-1.));
#5527 = ORIENTED_EDGE('',*,*,#5406,.T.);
#5528 = ORIENTED_EDGE('',*,*,#5522,.F.);
#5529 = CYLINDRICAL_SURFACE('',#5530,2.);
#5530 = AXIS2_PLACEMENT_3D('',#5531,#5532,#5533);
#5531 = CARTESIAN_POINT('',(-15.,20.,1.));
#5532 = DIRECTION('',(0.,0.,1.));
#5533 = DIRECTION('',(0.,-1.,0.));
#5534 = ADVANCED_FACE('',(#5535),#5546,.F.);
#5535 = FACE_BOUND('',#5536,.F.);
#5536 = EDGE_LOOP('',(#5537,#5538,#5544,#5545));
#5537 = ORIENTED_EDGE('',*,*,#5470,.F.);
#5538 = ORIENTED_EDGE('',*,*,#5539,.T.);
#5539 = EDGE_CURVE('',#5471,#5418,#5540,.T.);
#5540 = LINE('',#5541,#5542);
#5541 = CARTESIAN_POINT('',(18.,15.,1.));
#5542 = VECTOR('',#5543,1.);
#5543 = DIRECTION('',(0.,0.,-1.));
#5544 = ORIENTED_EDGE('',*,*,#5417,.T.);
#5545 = ORIENTED_EDGE('',*,*,#5539,.F.);
#5546 = CYLINDRICAL_SURFACE('',#5547,2.);
#5547 = AXIS2_PLACEMENT_3D('',#5548,#5549,#5550);
#5548 = CARTESIAN_POINT('',(20.,15.,1.));
#5549 = DIRECTION('',(0.,0.,1.));
#5550 = DIRECTION('',(-1.,0.,0.));
#5551 = ( GEOMETRIC_REPRESENTATION_CONTEXT(3) 
GLOBAL_UNCERTAINTY_ASSIGNED_CONTEXT((#5555)) 
GLOBAL_UNIT_ASSIGNED_CONTEXT((#5552,#5553,#5554)) REPRESENTATION_CONTEXT
('Context #1','3D Context with UNIT and UNCERTAINTY') );
#5552 = ( LENGTH_UNIT() NAMED_UNIT(*) SI_UNIT(.MILLI.,.METRE.) );
#5553 = ( NAMED_UNIT(*) PLANE_ANGLE_UNIT() SI_UNIT($,.RADIAN.) );
#5554 = ( NAMED_UNIT(*) SI_UNIT($,.STERADIAN.) SOLID_ANGLE_UNIT() );
#5555 = UNCERTAINTY_MEASURE_WITH_UNIT(LENGTH_MEASURE(1.E-07),#5552,
  'distance_accuracy_value','confusion accuracy');
#5556 = CONTEXT_DEPENDENT_SHAPE_REPRESENTATION(#5557,#5559);
#5557 = ( REPRESENTATION_RELATIONSHIP('','',#5341,#10) 
REPRESENTATION_RELATIONSHIP_WITH_TRANSFORMATION(#5558) 
SHAPE_REPRESENTATION_RELATIONSHIP() );
#5558 = ITEM_DEFINED_TRANSFORMATION('','',#11,#35);
#5559 = PRODUCT_DEFINITION_SHAPE('Placement','Placement of an item',
  #5560);
#5560 = NEXT_ASSEMBLY_USAGE_OCCURRENCE('6','Body005','',#5,#5336,$);
#5561 = PRODUCT_RELATED_PRODUCT_CATEGORY('part',$,(#5338));
#5562 = SHAPE_DEFINITION_REPRESENTATION(#5563,#5569);
#5563 = PRODUCT_DEFINITION_SHAPE('','',#5564);
#5564 = PRODUCT_DEFINITION('design','',#5565,#5568);
#5565 = PRODUCT_DEFINITION_FORMATION('','',#5566);
#5566 = PRODUCT('Body','Body','',(#5567));
#5567 = PRODUCT_CONTEXT('',#2,'mechanical');
#5568 = PRODUCT_DEFINITION_CONTEXT('part definition',#2,'design');
#5569 = ADVANCED_BREP_SHAPE_REPRESENTATION('',(#11,#5570),#6548);
#5570 = MANIFOLD_SOLID_BREP('',#5571);
#5571 = CLOSED_SHELL('',(#5572,#5612,#5645,#5678,#5711,#5744,#5775,#5801
    ,#5827,#5958,#5976,#6107,#6125,#6156,#6189,#6207,#6225,#6256,#6280,
    #6292,#6304,#6321,#6343,#6360,#6377,#6394,#6411,#6423,#6440,#6471,
    #6495,#6507,#6519,#6536));
#5572 = ADVANCED_FACE('',(#5573),#5607,.F.);
#5573 = FACE_BOUND('',#5574,.F.);
#5574 = EDGE_LOOP('',(#5575,#5585,#5593,#5601));
#5575 = ORIENTED_EDGE('',*,*,#5576,.T.);
#5576 = EDGE_CURVE('',#5577,#5579,#5581,.T.);
#5577 = VERTEX_POINT('',#5578);
#5578 = CARTESIAN_POINT('',(4.949747468306,0.,1.));
#5579 = VERTEX_POINT('',#5580);
#5580 = CARTESIAN_POINT('',(4.949747468306,0.,9.));
#5581 = LINE('',#5582,#5583);
#5582 = CARTESIAN_POINT('',(4.949747468306,0.,0.));
#5583 = VECTOR('',#5584,1.);
#5584 = DIRECTION('',(0.,0.,1.));
#5585 = ORIENTED_EDGE('',*,*,#5586,.T.);
#5586 = EDGE_CURVE('',#5579,#5587,#5589,.T.);
#5587 = VERTEX_POINT('',#5588);
#5588 = CARTESIAN_POINT('',(84.949747468306,0.,9.));
#5589 = LINE('',#5590,#5591);
#5590 = CARTESIAN_POINT('',(4.949747468306,-2.2E-16,9.));
#5591 = VECTOR('',#5592,1.);
#5592 = DIRECTION('',(1.,0.,0.));
#5593 = ORIENTED_EDGE('',*,*,#5594,.F.);
#5594 = EDGE_CURVE('',#5595,#5587,#5597,.T.);
#5595 = VERTEX_POINT('',#5596);
#5596 = CARTESIAN_POINT('',(84.949747468306,0.,1.));
#5597 = LINE('',#5598,#5599);
#5598 = CARTESIAN_POINT('',(84.949747468306,0.,0.));
#5599 = VECTOR('',#5600,1.);
#5600 = DIRECTION('',(0.,0.,1.));
#5601 = ORIENTED_EDGE('',*,*,#5602,.F.);
#5602 = EDGE_CURVE('',#5577,#5595,#5603,.T.);
#5603 = LINE('',#5604,#5605);
#5604 = CARTESIAN_POINT('',(4.949747468306,-2.2E-16,1.));
#5605 = VECTOR('',#5606,1.);
#5606 = DIRECTION('',(1.,0.,0.));
#5607 = PLANE('',#5608);
#5608 = AXIS2_PLACEMENT_3D('',#5609,#5610,#5611);
#5609 = CARTESIAN_POINT('',(4.949747468306,0.,0.));
#5610 = DIRECTION('',(0.,1.,0.));
#5611 = DIRECTION('',(1.,0.,0.));
#5612 = ADVANCED_FACE('',(#5613),#5640,.T.);
#5613 = FACE_BOUND('',#5614,.F.);
#5614 = EDGE_LOOP('',(#5615,#5625,#5632,#5633));
#5615 = ORIENTED_EDGE('',*,*,#5616,.T.);
#5616 = EDGE_CURVE('',#5617,#5619,#5621,.T.);
#5617 = VERTEX_POINT('',#5618);
#5618 = CARTESIAN_POINT('',(0.,4.949747468306,1.));
#5619 = VERTEX_POINT('',#5620);
#5620 = CARTESIAN_POINT('',(0.,4.949747468306,9.));
#5621 = LINE('',#5622,#5623);
#5622 = CARTESIAN_POINT('',(0.,4.949747468306,0.));
#5623 = VECTOR('',#5624,1.);
#5624 = DIRECTION('',(0.,0.,1.));
#5625 = ORIENTED_EDGE('',*,*,#5626,.T.);
#5626 = EDGE_CURVE('',#5619,#5579,#5627,.T.);
#5627 = CIRCLE('',#5628,4.949747468306);
#5628 = AXIS2_PLACEMENT_3D('',#5629,#5630,#5631);
#5629 = CARTESIAN_POINT('',(4.949747468306,4.949747468306,9.));
#5630 = DIRECTION('',(0.,0.,1.));
#5631 = DIRECTION('',(-1.,1.8E-16,0.));
#5632 = ORIENTED_EDGE('',*,*,#5576,.F.);
#5633 = ORIENTED_EDGE('',*,*,#5634,.F.);
#5634 = EDGE_CURVE('',#5617,#5577,#5635,.T.);
#5635 = CIRCLE('',#5636,4.949747468306);
#5636 = AXIS2_PLACEMENT_3D('',#5637,#5638,#5639);
#5637 = CARTESIAN_POINT('',(4.949747468306,4.949747468306,1.));
#5638 = DIRECTION('',(0.,0.,1.));
#5639 = DIRECTION('',(-1.,1.8E-16,0.));
#5640 = CYLINDRICAL_SURFACE('',#5641,4.949747468306);
#5641 = AXIS2_PLACEMENT_3D('',#5642,#5643,#5644);
#5642 = CARTESIAN_POINT('',(4.949747468306,4.949747468306,0.));
#5643 = DIRECTION('',(-0.,-0.,-1.));
#5644 = DIRECTION('',(1.,0.,0.));
#5645 = ADVANCED_FACE('',(#5646),#5673,.T.);
#5646 = FACE_BOUND('',#5647,.F.);
#5647 = EDGE_LOOP('',(#5648,#5657,#5658,#5667));
#5648 = ORIENTED_EDGE('',*,*,#5649,.T.);
#5649 = EDGE_CURVE('',#5650,#5577,#5652,.T.);
#5650 = VERTEX_POINT('',#5651);
#5651 = CARTESIAN_POINT('',(4.949747468306,1.,0.));
#5652 = CIRCLE('',#5653,1.);
#5653 = AXIS2_PLACEMENT_3D('',#5654,#5655,#5656);
#5654 = CARTESIAN_POINT('',(4.949747468306,1.,1.));
#5655 = DIRECTION('',(-1.,2.4E-16,0.));
#5656 = DIRECTION('',(-2.4E-16,-1.,0.));
#5657 = ORIENTED_EDGE('',*,*,#5602,.T.);
#5658 = ORIENTED_EDGE('',*,*,#5659,.F.);
#5659 = EDGE_CURVE('',#5660,#5595,#5662,.T.);
#5660 = VERTEX_POINT('',#5661);
#5661 = CARTESIAN_POINT('',(84.949747468306,1.,0.));
#5662 = CIRCLE('',#5663,1.);
#5663 = AXIS2_PLACEMENT_3D('',#5664,#5665,#5666);
#5664 = CARTESIAN_POINT('',(84.949747468306,1.,1.));
#5665 = DIRECTION('',(-1.,-0.,-0.));
#5666 = DIRECTION('',(0.,0.,-1.));
#5667 = ORIENTED_EDGE('',*,*,#5668,.F.);
#5668 = EDGE_CURVE('',#5650,#5660,#5669,.T.);
#5669 = LINE('',#5670,#5671);
#5670 = CARTESIAN_POINT('',(4.949747468306,1.,-2.2E-16));
#5671 = VECTOR('',#5672,1.);
#5672 = DIRECTION('',(1.,0.,0.));
#5673 = CYLINDRICAL_SURFACE('',#5674,1.);
#5674 = AXIS2_PLACEMENT_3D('',#5675,#5676,#5677);
#5675 = CARTESIAN_POINT('',(4.949747468306,1.,1.));
#5676 = DIRECTION('',(1.,0.,0.));
#5677 = DIRECTION('',(0.,0.,-1.));
#5678 = ADVANCED_FACE('',(#5679),#5706,.T.);
#5679 = FACE_BOUND('',#5680,.T.);
#5680 = EDGE_LOOP('',(#5681,#5690,#5691,#5700));
#5681 = ORIENTED_EDGE('',*,*,#5682,.T.);
#5682 = EDGE_CURVE('',#5683,#5579,#5685,.T.);
#5683 = VERTEX_POINT('',#5684);
#5684 = CARTESIAN_POINT('',(4.949747468306,1.,10.));
#5685 = CIRCLE('',#5686,1.);
#5686 = AXIS2_PLACEMENT_3D('',#5687,#5688,#5689);
#5687 = CARTESIAN_POINT('',(4.949747468306,1.,9.));
#5688 = DIRECTION('',(1.,-2.4E-16,0.));
#5689 = DIRECTION('',(-2.4E-16,-1.,0.));
#5690 = ORIENTED_EDGE('',*,*,#5586,.T.);
#5691 = ORIENTED_EDGE('',*,*,#5692,.F.);
#5692 = EDGE_CURVE('',#5693,#5587,#5695,.T.);
#5693 = VERTEX_POINT('',#5694);
#5694 = CARTESIAN_POINT('',(84.949747468306,1.,10.));
#5695 = CIRCLE('',#5696,1.);
#5696 = AXIS2_PLACEMENT_3D('',#5697,#5698,#5699);
#5697 = CARTESIAN_POINT('',(84.949747468306,1.,9.));
#5698 = DIRECTION('',(1.,0.,-0.));
#5699 = DIRECTION('',(0.,0.,1.));
#5700 = ORIENTED_EDGE('',*,*,#5701,.F.);
#5701 = EDGE_CURVE('',#5683,#5693,#5702,.T.);
#5702 = LINE('',#5703,#5704);
#5703 = CARTESIAN_POINT('',(4.949747468306,1.,10.));
#5704 = VECTOR('',#5705,1.);
#5705 = DIRECTION('',(1.,0.,0.));
#5706 = CYLINDRICAL_SURFACE('',#5707,1.);
#5707 = AXIS2_PLACEMENT_3D('',#5708,#5709,#5710);
#5708 = CARTESIAN_POINT('',(4.949747468306,1.,9.));
#5709 = DIRECTION('',(1.,0.,0.));
#5710 = DIRECTION('',(0.,0.,1.));
#5711 = ADVANCED_FACE('',(#5712),#5739,.T.);
#5712 = FACE_BOUND('',#5713,.F.);
#5713 = EDGE_LOOP('',(#5714,#5715,#5724,#5732));
#5714 = ORIENTED_EDGE('',*,*,#5594,.T.);
#5715 = ORIENTED_EDGE('',*,*,#5716,.T.);
#5716 = EDGE_CURVE('',#5587,#5717,#5719,.T.);
#5717 = VERTEX_POINT('',#5718);
#5718 = CARTESIAN_POINT('',(89.899494936612,4.949747468306,9.));
#5719 = CIRCLE('',#5720,4.949747468306);
#5720 = AXIS2_PLACEMENT_3D('',#5721,#5722,#5723);
#5721 = CARTESIAN_POINT('',(84.949747468306,4.949747468306,9.));
#5722 = DIRECTION('',(-0.,0.,1.));
#5723 = DIRECTION('',(0.,-1.,0.));
#5724 = ORIENTED_EDGE('',*,*,#5725,.F.);
#5725 = EDGE_CURVE('',#5726,#5717,#5728,.T.);
#5726 = VERTEX_POINT('',#5727);
#5727 = CARTESIAN_POINT('',(89.899494936612,4.949747468306,1.));
#5728 = LINE('',#5729,#5730);
#5729 = CARTESIAN_POINT('',(89.899494936612,4.949747468306,0.));
#5730 = VECTOR('',#5731,1.);
#5731 = DIRECTION('',(0.,0.,1.));
#5732 = ORIENTED_EDGE('',*,*,#5733,.F.);
#5733 = EDGE_CURVE('',#5595,#5726,#5734,.T.);
#5734 = CIRCLE('',#5735,4.949747468306);
#5735 = AXIS2_PLACEMENT_3D('',#5736,#5737,#5738);
#5736 = CARTESIAN_POINT('',(84.949747468306,4.949747468306,1.));
#5737 = DIRECTION('',(-0.,0.,1.));
#5738 = DIRECTION('',(0.,-1.,0.));
#5739 = CYLINDRICAL_SURFACE('',#5740,4.949747468306);
#5740 = AXIS2_PLACEMENT_3D('',#5741,#5742,#5743);
#5741 = CARTESIAN_POINT('',(84.949747468306,4.949747468306,0.));
#5742 = DIRECTION('',(-0.,-0.,-1.));
#5743 = DIRECTION('',(1.,0.,0.));
#5744 = ADVANCED_FACE('',(#5745),#5770,.F.);
#5745 = FACE_BOUND('',#5746,.F.);
#5746 = EDGE_LOOP('',(#5747,#5757,#5763,#5764));
#5747 = ORIENTED_EDGE('',*,*,#5748,.T.);
#5748 = EDGE_CURVE('',#5749,#5751,#5753,.T.);
#5749 = VERTEX_POINT('',#5750);
#5750 = CARTESIAN_POINT('',(-3.E-15,5.050252531694,1.));
#5751 = VERTEX_POINT('',#5752);
#5752 = CARTESIAN_POINT('',(-3.E-15,5.050252531694,9.));
#5753 = LINE('',#5754,#5755);
#5754 = CARTESIAN_POINT('',(0.,5.050252531694,0.));
#5755 = VECTOR('',#5756,1.);
#5756 = DIRECTION('',(0.,0.,1.));
#5757 = ORIENTED_EDGE('',*,*,#5758,.T.);
#5758 = EDGE_CURVE('',#5751,#5619,#5759,.T.);
#5759 = LINE('',#5760,#5761);
#5760 = CARTESIAN_POINT('',(-2.2E-16,5.050252531694,9.));
#5761 = VECTOR('',#5762,1.);
#5762 = DIRECTION('',(0.,-1.,0.));
#5763 = ORIENTED_EDGE('',*,*,#5616,.F.);
#5764 = ORIENTED_EDGE('',*,*,#5765,.F.);
#5765 = EDGE_CURVE('',#5749,#5617,#5766,.T.);
#5766 = LINE('',#5767,#5768);
#5767 = CARTESIAN_POINT('',(-2.2E-16,5.050252531694,1.));
#5768 = VECTOR('',#5769,1.);
#5769 = DIRECTION('',(0.,-1.,0.));
#5770 = PLANE('',#5771);
#5771 = AXIS2_PLACEMENT_3D('',#5772,#5773,#5774);
#5772 = CARTESIAN_POINT('',(0.,5.050252531694,0.));
#5773 = DIRECTION('',(1.,0.,0.));
#5774 = DIRECTION('',(0.,-1.,0.));
#5775 = ADVANCED_FACE('',(#5776),#5796,.T.);
#5776 = FACE_BOUND('',#5777,.T.);
#5777 = EDGE_LOOP('',(#5778,#5787,#5794,#5795));
#5778 = ORIENTED_EDGE('',*,*,#5779,.F.);
#5779 = EDGE_CURVE('',#5780,#5617,#5782,.T.);
#5780 = VERTEX_POINT('',#5781);
#5781 = CARTESIAN_POINT('',(1.,4.949747468306,0.));
#5782 = CIRCLE('',#5783,1.);
#5783 = AXIS2_PLACEMENT_3D('',#5784,#5785,#5786);
#5784 = CARTESIAN_POINT('',(1.,4.949747468306,1.));
#5785 = DIRECTION('',(0.,1.,0.));
#5786 = DIRECTION('',(0.,0.,-1.));
#5787 = ORIENTED_EDGE('',*,*,#5788,.T.);
#5788 = EDGE_CURVE('',#5780,#5650,#5789,.T.);
#5789 = CIRCLE('',#5790,3.949747468306);
#5790 = AXIS2_PLACEMENT_3D('',#5791,#5792,#5793);
#5791 = CARTESIAN_POINT('',(4.949747468306,4.949747468306,0.));
#5792 = DIRECTION('',(0.,0.,1.));
#5793 = DIRECTION('',(-1.,1.8E-16,0.));
#5794 = ORIENTED_EDGE('',*,*,#5649,.T.);
#5795 = ORIENTED_EDGE('',*,*,#5634,.F.);
#5796 = TOROIDAL_SURFACE('',#5797,3.949747468306,1.);
#5797 = AXIS2_PLACEMENT_3D('',#5798,#5799,#5800);
#5798 = CARTESIAN_POINT('',(4.949747468306,4.949747468306,1.));
#5799 = DIRECTION('',(0.,0.,1.));
#5800 = DIRECTION('',(-1.,1.8E-16,0.));
#5801 = ADVANCED_FACE('',(#5802),#5822,.T.);
#5802 = FACE_BOUND('',#5803,.F.);
#5803 = EDGE_LOOP('',(#5804,#5813,#5820,#5821));
#5804 = ORIENTED_EDGE('',*,*,#5805,.F.);
#5805 = EDGE_CURVE('',#5806,#5619,#5808,.T.);
#5806 = VERTEX_POINT('',#5807);
#5807 = CARTESIAN_POINT('',(1.,4.949747468306,10.));
#5808 = CIRCLE('',#5809,1.);
#5809 = AXIS2_PLACEMENT_3D('',#5810,#5811,#5812);
#5810 = CARTESIAN_POINT('',(1.,4.949747468306,9.));
#5811 = DIRECTION('',(0.,-1.,0.));
#5812 = DIRECTION('',(0.,0.,1.));
#5813 = ORIENTED_EDGE('',*,*,#5814,.T.);
#5814 = EDGE_CURVE('',#5806,#5683,#5815,.T.);
#5815 = CIRCLE('',#5816,3.949747468306);
#5816 = AXIS2_PLACEMENT_3D('',#5817,#5818,#5819);
#5817 = CARTESIAN_POINT('',(4.949747468306,4.949747468306,10.));
#5818 = DIRECTION('',(0.,0.,1.));
#5819 = DIRECTION('',(-1.,1.8E-16,0.));
#5820 = ORIENTED_EDGE('',*,*,#5682,.T.);
#5821 = ORIENTED_EDGE('',*,*,#5626,.F.);
#5822 = TOROIDAL_SURFACE('',#5823,3.949747468306,1.);
#5823 = AXIS2_PLACEMENT_3D('',#5824,#5825,#5826);
#5824 = CARTESIAN_POINT('',(4.949747468306,4.949747468306,9.));
#5825 = DIRECTION('',(-0.,-0.,-1.));
#5826 = DIRECTION('',(-1.,1.8E-16,0.));
#5827 = ADVANCED_FACE('',(#5828,#5881,#5892,#5942),#5953,.F.);
#5828 = FACE_BOUND('',#5829,.F.);
#5829 = EDGE_LOOP('',(#5830,#5840,#5849,#5855,#5856,#5857,#5866,#5874));
#5830 = ORIENTED_EDGE('',*,*,#5831,.T.);
#5831 = EDGE_CURVE('',#5832,#5834,#5836,.T.);
#5832 = VERTEX_POINT('',#5833);
#5833 = CARTESIAN_POINT('',(84.949747468306,9.,0.));
#5834 = VERTEX_POINT('',#5835);
#5835 = CARTESIAN_POINT('',(4.949747468306,9.,0.));
#5836 = LINE('',#5837,#5838);
#5837 = CARTESIAN_POINT('',(84.949747468306,9.,-2.2E-16));
#5838 = VECTOR('',#5839,1.);
#5839 = DIRECTION('',(-1.,0.,0.));
#5840 = ORIENTED_EDGE('',*,*,#5841,.T.);
#5841 = EDGE_CURVE('',#5834,#5842,#5844,.T.);
#5842 = VERTEX_POINT('',#5843);
#5843 = CARTESIAN_POINT('',(1.,5.050252531694,0.));
#5844 = CIRCLE('',#5845,3.949747468306);
#5845 = AXIS2_PLACEMENT_3D('',#5846,#5847,#5848);
#5846 = CARTESIAN_POINT('',(4.949747468306,5.050252531694,0.));
#5847 = DIRECTION('',(0.,-0.,1.));
#5848 = DIRECTION('',(1.8E-16,1.,0.));
#5849 = ORIENTED_EDGE('',*,*,#5850,.T.);
#5850 = EDGE_CURVE('',#5842,#5780,#5851,.T.);
#5851 = LINE('',#5852,#5853);
#5852 = CARTESIAN_POINT('',(1.,5.050252531694,-2.2E-16));
#5853 = VECTOR('',#5854,1.);
#5854 = DIRECTION('',(0.,-1.,0.));
#5855 = ORIENTED_EDGE('',*,*,#5788,.T.);
#5856 = ORIENTED_EDGE('',*,*,#5668,.T.);
#5857 = ORIENTED_EDGE('',*,*,#5858,.T.);
#5858 = EDGE_CURVE('',#5660,#5859,#5861,.T.);
#5859 = VERTEX_POINT('',#5860);
#5860 = CARTESIAN_POINT('',(88.899494936612,4.949747468306,0.));
#5861 = CIRCLE('',#5862,3.949747468306);
#5862 = AXIS2_PLACEMENT_3D('',#5863,#5864,#5865);
#5863 = CARTESIAN_POINT('',(84.949747468306,4.949747468306,0.));
#5864 = DIRECTION('',(-0.,0.,1.));
#5865 = DIRECTION('',(0.,-1.,0.));
#5866 = ORIENTED_EDGE('',*,*,#5867,.T.);
#5867 = EDGE_CURVE('',#5859,#5868,#5870,.T.);
#5868 = VERTEX_POINT('',#5869);
#5869 = CARTESIAN_POINT('',(88.899494936612,5.050252531694,0.));
#5870 = LINE('',#5871,#5872);
#5871 = CARTESIAN_POINT('',(88.899494936612,4.949747468306,-2.2E-16));
#5872 = VECTOR('',#5873,1.);
#5873 = DIRECTION('',(0.,1.,0.));
#5874 = ORIENTED_EDGE('',*,*,#5875,.T.);
#5875 = EDGE_CURVE('',#5868,#5832,#5876,.T.);
#5876 = CIRCLE('',#5877,3.949747468306);
#5877 = AXIS2_PLACEMENT_3D('',#5878,#5879,#5880);
#5878 = CARTESIAN_POINT('',(84.949747468306,5.050252531694,0.));
#5879 = DIRECTION('',(0.,0.,1.));
#5880 = DIRECTION('',(1.,0.,0.));
#5881 = FACE_BOUND('',#5882,.F.);
#5882 = EDGE_LOOP('',(#5883));
#5883 = ORIENTED_EDGE('',*,*,#5884,.T.);
#5884 = EDGE_CURVE('',#5885,#5885,#5887,.T.);
#5885 = VERTEX_POINT('',#5886);
#5886 = CARTESIAN_POINT('',(11.703527108156,4.924288362556,0.));
#5887 = CIRCLE('',#5888,3.);
#5888 = AXIS2_PLACEMENT_3D('',#5889,#5890,#5891);
#5889 = CARTESIAN_POINT('',(8.703527108156,4.924288362556,0.));
#5890 = DIRECTION('',(0.,0.,-1.));
#5891 = DIRECTION('',(1.,0.,0.));
#5892 = FACE_BOUND('',#5893,.F.);
#5893 = EDGE_LOOP('',(#5894,#5904,#5912,#5920,#5928,#5936));
#5894 = ORIENTED_EDGE('',*,*,#5895,.F.);
#5895 = EDGE_CURVE('',#5896,#5898,#5900,.T.);
#5896 = VERTEX_POINT('',#5897);
#5897 = CARTESIAN_POINT('',(16.609667026071,6.959737,0.));
#5898 = VERTEX_POINT('',#5899);
#5899 = CARTESIAN_POINT('',(16.609667026071,3.136845,0.));
#5900 = LINE('',#5901,#5902);
#5901 = CARTESIAN_POINT('',(16.609667026071,5.9798685,0.));
#5902 = VECTOR('',#5903,1.);
#5903 = DIRECTION('',(0.,-1.,0.));
#5904 = ORIENTED_EDGE('',*,*,#5905,.F.);
#5905 = EDGE_CURVE('',#5906,#5896,#5908,.T.);
#5906 = VERTEX_POINT('',#5907);
#5907 = CARTESIAN_POINT('',(46.609667026071,6.959737,0.));
#5908 = LINE('',#5909,#5910);
#5909 = CARTESIAN_POINT('',(45.779707247188,6.959737,0.));
#5910 = VECTOR('',#5911,1.);
#5911 = DIRECTION('',(-1.,0.,0.));
#5912 = ORIENTED_EDGE('',*,*,#5913,.F.);
#5913 = EDGE_CURVE('',#5914,#5906,#5916,.T.);
#5914 = VERTEX_POINT('',#5915);
#5915 = CARTESIAN_POINT('',(46.609667026071,4.497535,0.));
#5916 = LINE('',#5917,#5918);
#5917 = CARTESIAN_POINT('',(46.609667026071,4.7487675,0.));
#5918 = VECTOR('',#5919,1.);
#5919 = DIRECTION('',(0.,1.,0.));
#5920 = ORIENTED_EDGE('',*,*,#5921,.F.);
#5921 = EDGE_CURVE('',#5922,#5914,#5924,.T.);
#5922 = VERTEX_POINT('',#5923);
#5923 = CARTESIAN_POINT('',(73.963246,4.497535,0.));
#5924 = LINE('',#5925,#5926);
#5925 = CARTESIAN_POINT('',(59.456496734153,4.497535,0.));
#5926 = VECTOR('',#5927,1.);
#5927 = DIRECTION('',(-1.,0.,0.));
#5928 = ORIENTED_EDGE('',*,*,#5929,.F.);
#5929 = EDGE_CURVE('',#5930,#5922,#5932,.T.);
#5930 = VERTEX_POINT('',#5931);
#5931 = CARTESIAN_POINT('',(71.609667026071,3.136845,0.));
#5932 = LINE('',#5933,#5934);
#5933 = CARTESIAN_POINT('',(62.022663946655,-2.405751770548,-8.9E-16));
#5934 = VECTOR('',#5935,1.);
#5935 = DIRECTION('',(0.865730502891,0.50051043582,0.));
#5936 = ORIENTED_EDGE('',*,*,#5937,.F.);
#5937 = EDGE_CURVE('',#5898,#5930,#5938,.T.);
#5938 = LINE('',#5939,#5940);
#5939 = CARTESIAN_POINT('',(30.779707247188,3.136845,0.));
#5940 = VECTOR('',#5941,1.);
#5941 = DIRECTION('',(1.,0.,0.));
#5942 = FACE_BOUND('',#5943,.F.);
#5943 = EDGE_LOOP('',(#5944));
#5944 = ORIENTED_EDGE('',*,*,#5945,.T.);
#5945 = EDGE_CURVE('',#5946,#5946,#5948,.T.);
#5946 = VERTEX_POINT('',#5947);
#5947 = CARTESIAN_POINT('',(81.703527108156,4.924288362556,0.));
#5948 = CIRCLE('',#5949,3.);
#5949 = AXIS2_PLACEMENT_3D('',#5950,#5951,#5952);
#5950 = CARTESIAN_POINT('',(78.703527108156,4.924288362556,0.));
#5951 = DIRECTION('',(0.,0.,-1.));
#5952 = DIRECTION('',(1.,0.,0.));
#5953 = PLANE('',#5954);
#5954 = AXIS2_PLACEMENT_3D('',#5955,#5956,#5957);
#5955 = CARTESIAN_POINT('',(44.949747468306,5.,0.));
#5956 = DIRECTION('',(0.,0.,1.));
#5957 = DIRECTION('',(1.,0.,0.));
#5958 = ADVANCED_FACE('',(#5959),#5971,.T.);
#5959 = FACE_BOUND('',#5960,.T.);
#5960 = EDGE_LOOP('',(#5961,#5962,#5963,#5970));
#5961 = ORIENTED_EDGE('',*,*,#5659,.F.);
#5962 = ORIENTED_EDGE('',*,*,#5858,.T.);
#5963 = ORIENTED_EDGE('',*,*,#5964,.T.);
#5964 = EDGE_CURVE('',#5859,#5726,#5965,.T.);
#5965 = CIRCLE('',#5966,1.);
#5966 = AXIS2_PLACEMENT_3D('',#5967,#5968,#5969);
#5967 = CARTESIAN_POINT('',(88.899494936612,4.949747468306,1.));
#5968 = DIRECTION('',(-6.E-17,-1.,0.));
#5969 = DIRECTION('',(1.,-6.E-17,0.));
#5970 = ORIENTED_EDGE('',*,*,#5733,.F.);
#5971 = TOROIDAL_SURFACE('',#5972,3.949747468306,1.);
#5972 = AXIS2_PLACEMENT_3D('',#5973,#5974,#5975);
#5973 = CARTESIAN_POINT('',(84.949747468306,4.949747468306,1.));
#5974 = DIRECTION('',(0.,0.,1.));
#5975 = DIRECTION('',(0.,-1.,0.));
#5976 = ADVANCED_FACE('',(#5977,#6030,#6041,#6091),#6102,.T.);
#5977 = FACE_BOUND('',#5978,.T.);
#5978 = EDGE_LOOP('',(#5979,#5989,#5998,#6004,#6005,#6006,#6015,#6023));
#5979 = ORIENTED_EDGE('',*,*,#5980,.T.);
#5980 = EDGE_CURVE('',#5981,#5983,#5985,.T.);
#5981 = VERTEX_POINT('',#5982);
#5982 = CARTESIAN_POINT('',(84.949747468306,9.,10.));
#5983 = VERTEX_POINT('',#5984);
#5984 = CARTESIAN_POINT('',(4.949747468306,9.,10.));
#5985 = LINE('',#5986,#5987);
#5986 = CARTESIAN_POINT('',(84.949747468306,9.,10.));
#5987 = VECTOR('',#5988,1.);
#5988 = DIRECTION('',(-1.,0.,0.));
#5989 = ORIENTED_EDGE('',*,*,#5990,.T.);
#5990 = EDGE_CURVE('',#5983,#5991,#5993,.T.);
#5991 = VERTEX_POINT('',#5992);
#5992 = CARTESIAN_POINT('',(1.,5.050252531694,10.));
#5993 = CIRCLE('',#5994,3.949747468306);
#5994 = AXIS2_PLACEMENT_3D('',#5995,#5996,#5997);
#5995 = CARTESIAN_POINT('',(4.949747468306,5.050252531694,10.));
#5996 = DIRECTION('',(0.,-0.,1.));
#5997 = DIRECTION('',(1.8E-16,1.,0.));
#5998 = ORIENTED_EDGE('',*,*,#5999,.T.);
#5999 = EDGE_CURVE('',#5991,#5806,#6000,.T.);
#6000 = LINE('',#6001,#6002);
#6001 = CARTESIAN_POINT('',(1.,5.050252531694,10.));
#6002 = VECTOR('',#6003,1.);
#6003 = DIRECTION('',(0.,-1.,0.));
#6004 = ORIENTED_EDGE('',*,*,#5814,.T.);
#6005 = ORIENTED_EDGE('',*,*,#5701,.T.);
#6006 = ORIENTED_EDGE('',*,*,#6007,.T.);
#6007 = EDGE_CURVE('',#5693,#6008,#6010,.T.);
#6008 = VERTEX_POINT('',#6009);
#6009 = CARTESIAN_POINT('',(88.899494936612,4.949747468306,10.));
#6010 = CIRCLE('',#6011,3.949747468306);
#6011 = AXIS2_PLACEMENT_3D('',#6012,#6013,#6014);
#6012 = CARTESIAN_POINT('',(84.949747468306,4.949747468306,10.));
#6013 = DIRECTION('',(-0.,0.,1.));
#6014 = DIRECTION('',(0.,-1.,0.));
#6015 = ORIENTED_EDGE('',*,*,#6016,.T.);
#6016 = EDGE_CURVE('',#6008,#6017,#6019,.T.);
#6017 = VERTEX_POINT('',#6018);
#6018 = CARTESIAN_POINT('',(88.899494936612,5.050252531694,10.));
#6019 = LINE('',#6020,#6021);
#6020 = CARTESIAN_POINT('',(88.899494936612,4.949747468306,10.));
#6021 = VECTOR('',#6022,1.);
#6022 = DIRECTION('',(0.,1.,0.));
#6023 = ORIENTED_EDGE('',*,*,#6024,.T.);
#6024 = EDGE_CURVE('',#6017,#5981,#6025,.T.);
#6025 = CIRCLE('',#6026,3.949747468306);
#6026 = AXIS2_PLACEMENT_3D('',#6027,#6028,#6029);
#6027 = CARTESIAN_POINT('',(84.949747468306,5.050252531694,10.));
#6028 = DIRECTION('',(0.,0.,1.));
#6029 = DIRECTION('',(1.,0.,0.));
#6030 = FACE_BOUND('',#6031,.T.);
#6031 = EDGE_LOOP('',(#6032));
#6032 = ORIENTED_EDGE('',*,*,#6033,.T.);
#6033 = EDGE_CURVE('',#6034,#6034,#6036,.T.);
#6034 = VERTEX_POINT('',#6035);
#6035 = CARTESIAN_POINT('',(11.703527108156,4.924288362556,10.));
#6036 = CIRCLE('',#6037,3.);
#6037 = AXIS2_PLACEMENT_3D('',#6038,#6039,#6040);
#6038 = CARTESIAN_POINT('',(8.703527108156,4.924288362556,10.));
#6039 = DIRECTION('',(0.,0.,-1.));
#6040 = DIRECTION('',(1.,0.,0.));
#6041 = FACE_BOUND('',#6042,.T.);
#6042 = EDGE_LOOP('',(#6043,#6053,#6061,#6069,#6077,#6085));
#6043 = ORIENTED_EDGE('',*,*,#6044,.F.);
#6044 = EDGE_CURVE('',#6045,#6047,#6049,.T.);
#6045 = VERTEX_POINT('',#6046);
#6046 = CARTESIAN_POINT('',(16.609667026071,6.959737,10.));
#6047 = VERTEX_POINT('',#6048);
#6048 = CARTESIAN_POINT('',(16.609667026071,3.136845,10.));
#6049 = LINE('',#6050,#6051);
#6050 = CARTESIAN_POINT('',(16.609667026071,6.959737,10.));
#6051 = VECTOR('',#6052,1.);
#6052 = DIRECTION('',(0.,-1.,0.));
#6053 = ORIENTED_EDGE('',*,*,#6054,.F.);
#6054 = EDGE_CURVE('',#6055,#6045,#6057,.T.);
#6055 = VERTEX_POINT('',#6056);
#6056 = CARTESIAN_POINT('',(46.609667026071,6.959737,10.));
#6057 = LINE('',#6058,#6059);
#6058 = CARTESIAN_POINT('',(46.609667026071,6.959737,10.));
#6059 = VECTOR('',#6060,1.);
#6060 = DIRECTION('',(-1.,0.,0.));
#6061 = ORIENTED_EDGE('',*,*,#6062,.F.);
#6062 = EDGE_CURVE('',#6063,#6055,#6065,.T.);
#6063 = VERTEX_POINT('',#6064);
#6064 = CARTESIAN_POINT('',(46.609667026071,4.497535,10.));
#6065 = LINE('',#6066,#6067);
#6066 = CARTESIAN_POINT('',(46.609667026071,4.497535,10.));
#6067 = VECTOR('',#6068,1.);
#6068 = DIRECTION('',(0.,1.,0.));
#6069 = ORIENTED_EDGE('',*,*,#6070,.F.);
#6070 = EDGE_CURVE('',#6071,#6063,#6073,.T.);
#6071 = VERTEX_POINT('',#6072);
#6072 = CARTESIAN_POINT('',(73.963246,4.497535,10.));
#6073 = LINE('',#6074,#6075);
#6074 = CARTESIAN_POINT('',(73.963246,4.497535,10.));
#6075 = VECTOR('',#6076,1.);
#6076 = DIRECTION('',(-1.,0.,0.));
#6077 = ORIENTED_EDGE('',*,*,#6078,.F.);
#6078 = EDGE_CURVE('',#6079,#6071,#6081,.T.);
#6079 = VERTEX_POINT('',#6080);
#6080 = CARTESIAN_POINT('',(71.609667026071,3.136845,10.));
#6081 = LINE('',#6082,#6083);
#6082 = CARTESIAN_POINT('',(71.609667026071,3.136845,10.));
#6083 = VECTOR('',#6084,1.);
#6084 = DIRECTION('',(0.865730502891,0.50051043582,0.));
#6085 = ORIENTED_EDGE('',*,*,#6086,.F.);
#6086 = EDGE_CURVE('',#6047,#6079,#6087,.T.);
#6087 = LINE('',#6088,#6089);
#6088 = CARTESIAN_POINT('',(16.609667026071,3.136845,10.));
#6089 = VECTOR('',#6090,1.);
#6090 = DIRECTION('',(1.,0.,0.));
#6091 = FACE_BOUND('',#6092,.T.);
#6092 = EDGE_LOOP('',(#6093));
#6093 = ORIENTED_EDGE('',*,*,#6094,.T.);
#6094 = EDGE_CURVE('',#6095,#6095,#6097,.T.);
#6095 = VERTEX_POINT('',#6096);
#6096 = CARTESIAN_POINT('',(81.703527108156,4.924288362556,10.));
#6097 = CIRCLE('',#6098,3.);
#6098 = AXIS2_PLACEMENT_3D('',#6099,#6100,#6101);
#6099 = CARTESIAN_POINT('',(78.703527108156,4.924288362556,10.));
#6100 = DIRECTION('',(0.,0.,-1.));
#6101 = DIRECTION('',(1.,0.,0.));
#6102 = PLANE('',#6103);
#6103 = AXIS2_PLACEMENT_3D('',#6104,#6105,#6106);
#6104 = CARTESIAN_POINT('',(44.949747468306,5.,10.));
#6105 = DIRECTION('',(0.,0.,1.));
#6106 = DIRECTION('',(1.,0.,0.));
#6107 = ADVANCED_FACE('',(#6108),#6120,.T.);
#6108 = FACE_BOUND('',#6109,.F.);
#6109 = EDGE_LOOP('',(#6110,#6111,#6112,#6119));
#6110 = ORIENTED_EDGE('',*,*,#5692,.F.);
#6111 = ORIENTED_EDGE('',*,*,#6007,.T.);
#6112 = ORIENTED_EDGE('',*,*,#6113,.T.);
#6113 = EDGE_CURVE('',#6008,#5717,#6114,.T.);
#6114 = CIRCLE('',#6115,1.);
#6115 = AXIS2_PLACEMENT_3D('',#6116,#6117,#6118);
#6116 = CARTESIAN_POINT('',(88.899494936612,4.949747468306,9.));
#6117 = DIRECTION('',(6.E-17,1.,0.));
#6118 = DIRECTION('',(1.,-6.E-17,0.));
#6119 = ORIENTED_EDGE('',*,*,#5716,.F.);
#6120 = TOROIDAL_SURFACE('',#6121,3.949747468306,1.);
#6121 = AXIS2_PLACEMENT_3D('',#6122,#6123,#6124);
#6122 = CARTESIAN_POINT('',(84.949747468306,4.949747468306,9.));
#6123 = DIRECTION('',(-0.,-0.,-1.));
#6124 = DIRECTION('',(0.,-1.,0.));
#6125 = ADVANCED_FACE('',(#6126),#6151,.F.);
#6126 = FACE_BOUND('',#6127,.F.);
#6127 = EDGE_LOOP('',(#6128,#6129,#6137,#6145));
#6128 = ORIENTED_EDGE('',*,*,#5725,.T.);
#6129 = ORIENTED_EDGE('',*,*,#6130,.T.);
#6130 = EDGE_CURVE('',#5717,#6131,#6133,.T.);
#6131 = VERTEX_POINT('',#6132);
#6132 = CARTESIAN_POINT('',(89.899494936612,5.050252531694,9.));
#6133 = LINE('',#6134,#6135);
#6134 = CARTESIAN_POINT('',(89.899494936612,4.949747468306,9.));
#6135 = VECTOR('',#6136,1.);
#6136 = DIRECTION('',(0.,1.,0.));
#6137 = ORIENTED_EDGE('',*,*,#6138,.F.);
#6138 = EDGE_CURVE('',#6139,#6131,#6141,.T.);
#6139 = VERTEX_POINT('',#6140);
#6140 = CARTESIAN_POINT('',(89.899494936612,5.050252531694,1.));
#6141 = LINE('',#6142,#6143);
#6142 = CARTESIAN_POINT('',(89.899494936612,5.050252531694,0.));
#6143 = VECTOR('',#6144,1.);
#6144 = DIRECTION('',(0.,0.,1.));
#6145 = ORIENTED_EDGE('',*,*,#6146,.F.);
#6146 = EDGE_CURVE('',#5726,#6139,#6147,.T.);
#6147 = LINE('',#6148,#6149);
#6148 = CARTESIAN_POINT('',(89.899494936612,4.949747468306,1.));
#6149 = VECTOR('',#6150,1.);
#6150 = DIRECTION('',(0.,1.,0.));
#6151 = PLANE('',#6152);
#6152 = AXIS2_PLACEMENT_3D('',#6153,#6154,#6155);
#6153 = CARTESIAN_POINT('',(89.899494936612,4.949747468306,0.));
#6154 = DIRECTION('',(-1.,0.,0.));
#6155 = DIRECTION('',(0.,1.,0.));
#6156 = ADVANCED_FACE('',(#6157),#6184,.T.);
#6157 = FACE_BOUND('',#6158,.F.);
#6158 = EDGE_LOOP('',(#6159,#6169,#6176,#6177));
#6159 = ORIENTED_EDGE('',*,*,#6160,.T.);
#6160 = EDGE_CURVE('',#6161,#6163,#6165,.T.);
#6161 = VERTEX_POINT('',#6162);
#6162 = CARTESIAN_POINT('',(4.949747468306,10.,1.));
#6163 = VERTEX_POINT('',#6164);
#6164 = CARTESIAN_POINT('',(4.949747468306,10.,9.));
#6165 = LINE('',#6166,#6167);
#6166 = CARTESIAN_POINT('',(4.949747468306,10.,0.));
#6167 = VECTOR('',#6168,1.);
#6168 = DIRECTION('',(0.,0.,1.));
#6169 = ORIENTED_EDGE('',*,*,#6170,.T.);
#6170 = EDGE_CURVE('',#6163,#5751,#6171,.T.);
#6171 = CIRCLE('',#6172,4.949747468306);
#6172 = AXIS2_PLACEMENT_3D('',#6173,#6174,#6175);
#6173 = CARTESIAN_POINT('',(4.949747468306,5.050252531694,9.));
#6174 = DIRECTION('',(0.,-0.,1.));
#6175 = DIRECTION('',(1.8E-16,1.,0.));
#6176 = ORIENTED_EDGE('',*,*,#5748,.F.);
#6177 = ORIENTED_EDGE('',*,*,#6178,.F.);
#6178 = EDGE_CURVE('',#6161,#5749,#6179,.T.);
#6179 = CIRCLE('',#6180,4.949747468306);
#6180 = AXIS2_PLACEMENT_3D('',#6181,#6182,#6183);
#6181 = CARTESIAN_POINT('',(4.949747468306,5.050252531694,1.));
#6182 = DIRECTION('',(0.,-0.,1.));
#6183 = DIRECTION('',(1.8E-16,1.,0.));
#6184 = CYLINDRICAL_SURFACE('',#6185,4.949747468306);
#6185 = AXIS2_PLACEMENT_3D('',#6186,#6187,#6188);
#6186 = CARTESIAN_POINT('',(4.949747468306,5.050252531694,0.));
#6187 = DIRECTION('',(-0.,-0.,-1.));
#6188 = DIRECTION('',(1.,0.,0.));
#6189 = ADVANCED_FACE('',(#6190),#6202,.T.);
#6190 = FACE_BOUND('',#6191,.F.);
#6191 = EDGE_LOOP('',(#6192,#6199,#6200,#6201));
#6192 = ORIENTED_EDGE('',*,*,#6193,.T.);
#6193 = EDGE_CURVE('',#5842,#5749,#6194,.T.);
#6194 = CIRCLE('',#6195,1.);
#6195 = AXIS2_PLACEMENT_3D('',#6196,#6197,#6198);
#6196 = CARTESIAN_POINT('',(1.,5.050252531694,1.));
#6197 = DIRECTION('',(6.8E-16,1.,-0.));
#6198 = DIRECTION('',(-1.,6.8E-16,0.));
#6199 = ORIENTED_EDGE('',*,*,#5765,.T.);
#6200 = ORIENTED_EDGE('',*,*,#5779,.F.);
#6201 = ORIENTED_EDGE('',*,*,#5850,.F.);
#6202 = CYLINDRICAL_SURFACE('',#6203,1.);
#6203 = AXIS2_PLACEMENT_3D('',#6204,#6205,#6206);
#6204 = CARTESIAN_POINT('',(1.,5.050252531694,1.));
#6205 = DIRECTION('',(0.,-1.,0.));
#6206 = DIRECTION('',(-0.,-0.,-1.));
#6207 = ADVANCED_FACE('',(#6208),#6220,.T.);
#6208 = FACE_BOUND('',#6209,.T.);
#6209 = EDGE_LOOP('',(#6210,#6217,#6218,#6219));
#6210 = ORIENTED_EDGE('',*,*,#6211,.T.);
#6211 = EDGE_CURVE('',#5991,#5751,#6212,.T.);
#6212 = CIRCLE('',#6213,1.);
#6213 = AXIS2_PLACEMENT_3D('',#6214,#6215,#6216);
#6214 = CARTESIAN_POINT('',(1.,5.050252531694,9.));
#6215 = DIRECTION('',(-6.8E-16,-1.,-0.));
#6216 = DIRECTION('',(-1.,6.8E-16,0.));
#6217 = ORIENTED_EDGE('',*,*,#5758,.T.);
#6218 = ORIENTED_EDGE('',*,*,#5805,.F.);
#6219 = ORIENTED_EDGE('',*,*,#5999,.F.);
#6220 = CYLINDRICAL_SURFACE('',#6221,1.);
#6221 = AXIS2_PLACEMENT_3D('',#6222,#6223,#6224);
#6222 = CARTESIAN_POINT('',(1.,5.050252531694,9.));
#6223 = DIRECTION('',(0.,-1.,0.));
#6224 = DIRECTION('',(0.,0.,1.));
#6225 = ADVANCED_FACE('',(#6226),#6251,.T.);
#6226 = FACE_BOUND('',#6227,.F.);
#6227 = EDGE_LOOP('',(#6228,#6237,#6243,#6250));
#6228 = ORIENTED_EDGE('',*,*,#6229,.T.);
#6229 = EDGE_CURVE('',#5832,#6230,#6232,.T.);
#6230 = VERTEX_POINT('',#6231);
#6231 = CARTESIAN_POINT('',(84.949747468306,10.,1.));
#6232 = CIRCLE('',#6233,1.);
#6233 = AXIS2_PLACEMENT_3D('',#6234,#6235,#6236);
#6234 = CARTESIAN_POINT('',(84.949747468306,9.,1.));
#6235 = DIRECTION('',(1.,-0.,0.));
#6236 = DIRECTION('',(0.,0.,-1.));
#6237 = ORIENTED_EDGE('',*,*,#6238,.T.);
#6238 = EDGE_CURVE('',#6230,#6161,#6239,.T.);
#6239 = LINE('',#6240,#6241);
#6240 = CARTESIAN_POINT('',(84.949747468306,10.,1.));
#6241 = VECTOR('',#6242,1.);
#6242 = DIRECTION('',(-1.,0.,0.));
#6243 = ORIENTED_EDGE('',*,*,#6244,.F.);
#6244 = EDGE_CURVE('',#5834,#6161,#6245,.T.);
#6245 = CIRCLE('',#6246,1.);
#6246 = AXIS2_PLACEMENT_3D('',#6247,#6248,#6249);
#6247 = CARTESIAN_POINT('',(4.949747468306,9.,1.));
#6248 = DIRECTION('',(1.,-0.,0.));
#6249 = DIRECTION('',(0.,0.,-1.));
#6250 = ORIENTED_EDGE('',*,*,#5831,.F.);
#6251 = CYLINDRICAL_SURFACE('',#6252,1.);
#6252 = AXIS2_PLACEMENT_3D('',#6253,#6254,#6255);
#6253 = CARTESIAN_POINT('',(84.949747468306,9.,1.));
#6254 = DIRECTION('',(-1.,0.,0.));
#6255 = DIRECTION('',(0.,0.,-1.));
#6256 = ADVANCED_FACE('',(#6257),#6275,.T.);
#6257 = FACE_BOUND('',#6258,.T.);
#6258 = EDGE_LOOP('',(#6259,#6266,#6267,#6268));
#6259 = ORIENTED_EDGE('',*,*,#6260,.F.);
#6260 = EDGE_CURVE('',#5868,#6139,#6261,.T.);
#6261 = CIRCLE('',#6262,1.);
#6262 = AXIS2_PLACEMENT_3D('',#6263,#6264,#6265);
#6263 = CARTESIAN_POINT('',(88.899494936612,5.050252531694,1.));
#6264 = DIRECTION('',(0.,-1.,0.));
#6265 = DIRECTION('',(0.,0.,-1.));
#6266 = ORIENTED_EDGE('',*,*,#5875,.T.);
#6267 = ORIENTED_EDGE('',*,*,#6229,.T.);
#6268 = ORIENTED_EDGE('',*,*,#6269,.F.);
#6269 = EDGE_CURVE('',#6139,#6230,#6270,.T.);
#6270 = CIRCLE('',#6271,4.949747468306);
#6271 = AXIS2_PLACEMENT_3D('',#6272,#6273,#6274);
#6272 = CARTESIAN_POINT('',(84.949747468306,5.050252531694,1.));
#6273 = DIRECTION('',(0.,0.,1.));
#6274 = DIRECTION('',(1.,0.,0.));
#6275 = TOROIDAL_SURFACE('',#6276,3.949747468306,1.);
#6276 = AXIS2_PLACEMENT_3D('',#6277,#6278,#6279);
#6277 = CARTESIAN_POINT('',(84.949747468306,5.050252531694,1.));
#6278 = DIRECTION('',(0.,0.,1.));
#6279 = DIRECTION('',(1.,0.,0.));
#6280 = ADVANCED_FACE('',(#6281),#6287,.T.);
#6281 = FACE_BOUND('',#6282,.T.);
#6282 = EDGE_LOOP('',(#6283,#6284,#6285,#6286));
#6283 = ORIENTED_EDGE('',*,*,#6244,.F.);
#6284 = ORIENTED_EDGE('',*,*,#5841,.T.);
#6285 = ORIENTED_EDGE('',*,*,#6193,.T.);
#6286 = ORIENTED_EDGE('',*,*,#6178,.F.);
#6287 = TOROIDAL_SURFACE('',#6288,3.949747468306,1.);
#6288 = AXIS2_PLACEMENT_3D('',#6289,#6290,#6291);
#6289 = CARTESIAN_POINT('',(4.949747468306,5.050252531694,1.));
#6290 = DIRECTION('',(0.,0.,1.));
#6291 = DIRECTION('',(1.8E-16,1.,0.));
#6292 = ADVANCED_FACE('',(#6293),#6299,.T.);
#6293 = FACE_BOUND('',#6294,.F.);
#6294 = EDGE_LOOP('',(#6295,#6296,#6297,#6298));
#6295 = ORIENTED_EDGE('',*,*,#5964,.T.);
#6296 = ORIENTED_EDGE('',*,*,#6146,.T.);
#6297 = ORIENTED_EDGE('',*,*,#6260,.F.);
#6298 = ORIENTED_EDGE('',*,*,#5867,.F.);
#6299 = CYLINDRICAL_SURFACE('',#6300,1.);
#6300 = AXIS2_PLACEMENT_3D('',#6301,#6302,#6303);
#6301 = CARTESIAN_POINT('',(88.899494936612,4.949747468306,1.));
#6302 = DIRECTION('',(0.,1.,0.));
#6303 = DIRECTION('',(0.,0.,-1.));
#6304 = ADVANCED_FACE('',(#6305),#6316,.F.);
#6305 = FACE_BOUND('',#6306,.T.);
#6306 = EDGE_LOOP('',(#6307,#6308,#6314,#6315));
#6307 = ORIENTED_EDGE('',*,*,#5884,.T.);
#6308 = ORIENTED_EDGE('',*,*,#6309,.T.);
#6309 = EDGE_CURVE('',#5885,#6034,#6310,.T.);
#6310 = LINE('',#6311,#6312);
#6311 = CARTESIAN_POINT('',(11.703527108156,4.924288362556,-18.));
#6312 = VECTOR('',#6313,1.);
#6313 = DIRECTION('',(0.,0.,1.));
#6314 = ORIENTED_EDGE('',*,*,#6033,.F.);
#6315 = ORIENTED_EDGE('',*,*,#6309,.F.);
#6316 = CYLINDRICAL_SURFACE('',#6317,3.);
#6317 = AXIS2_PLACEMENT_3D('',#6318,#6319,#6320);
#6318 = CARTESIAN_POINT('',(8.703527108156,4.924288362556,-18.));
#6319 = DIRECTION('',(-0.,-0.,-1.));
#6320 = DIRECTION('',(1.,0.,0.));
#6321 = ADVANCED_FACE('',(#6322),#6338,.F.);
#6322 = FACE_BOUND('',#6323,.F.);
#6323 = EDGE_LOOP('',(#6324,#6325,#6331,#6332));
#6324 = ORIENTED_EDGE('',*,*,#6044,.F.);
#6325 = ORIENTED_EDGE('',*,*,#6326,.T.);
#6326 = EDGE_CURVE('',#6045,#5896,#6327,.T.);
#6327 = LINE('',#6328,#6329);
#6328 = CARTESIAN_POINT('',(16.609667026071,6.959737,10.));
#6329 = VECTOR('',#6330,1.);
#6330 = DIRECTION('',(-0.,-0.,-1.));
#6331 = ORIENTED_EDGE('',*,*,#5895,.T.);
#6332 = ORIENTED_EDGE('',*,*,#6333,.F.);
#6333 = EDGE_CURVE('',#6047,#5898,#6334,.T.);
#6334 = LINE('',#6335,#6336);
#6335 = CARTESIAN_POINT('',(16.609667026071,3.136845,10.));
#6336 = VECTOR('',#6337,1.);
#6337 = DIRECTION('',(-0.,-0.,-1.));
#6338 = PLANE('',#6339);
#6339 = AXIS2_PLACEMENT_3D('',#6340,#6341,#6342);
#6340 = CARTESIAN_POINT('',(16.609667026071,6.959737,10.));
#6341 = DIRECTION('',(-1.,0.,0.));
#6342 = DIRECTION('',(0.,-1.,0.));
#6343 = ADVANCED_FACE('',(#6344),#6355,.F.);
#6344 = FACE_BOUND('',#6345,.F.);
#6345 = EDGE_LOOP('',(#6346,#6347,#6348,#6349));
#6346 = ORIENTED_EDGE('',*,*,#6086,.F.);
#6347 = ORIENTED_EDGE('',*,*,#6333,.T.);
#6348 = ORIENTED_EDGE('',*,*,#5937,.T.);
#6349 = ORIENTED_EDGE('',*,*,#6350,.F.);
#6350 = EDGE_CURVE('',#6079,#5930,#6351,.T.);
#6351 = LINE('',#6352,#6353);
#6352 = CARTESIAN_POINT('',(71.609667026071,3.136845,10.));
#6353 = VECTOR('',#6354,1.);
#6354 = DIRECTION('',(-0.,-0.,-1.));
#6355 = PLANE('',#6356);
#6356 = AXIS2_PLACEMENT_3D('',#6357,#6358,#6359);
#6357 = CARTESIAN_POINT('',(16.609667026071,3.136845,10.));
#6358 = DIRECTION('',(0.,-1.,0.));
#6359 = DIRECTION('',(1.,0.,0.));
#6360 = ADVANCED_FACE('',(#6361),#6372,.F.);
#6361 = FACE_BOUND('',#6362,.F.);
#6362 = EDGE_LOOP('',(#6363,#6364,#6365,#6366));
#6363 = ORIENTED_EDGE('',*,*,#6078,.F.);
#6364 = ORIENTED_EDGE('',*,*,#6350,.T.);
#6365 = ORIENTED_EDGE('',*,*,#5929,.T.);
#6366 = ORIENTED_EDGE('',*,*,#6367,.F.);
#6367 = EDGE_CURVE('',#6071,#5922,#6368,.T.);
#6368 = LINE('',#6369,#6370);
#6369 = CARTESIAN_POINT('',(73.963246,4.497535,10.));
#6370 = VECTOR('',#6371,1.);
#6371 = DIRECTION('',(-0.,-0.,-1.));
#6372 = PLANE('',#6373);
#6373 = AXIS2_PLACEMENT_3D('',#6374,#6375,#6376);
#6374 = CARTESIAN_POINT('',(71.609667026071,3.136845,10.));
#6375 = DIRECTION('',(0.50051043582,-0.865730502891,0.));
#6376 = DIRECTION('',(0.865730502891,0.50051043582,0.));
#6377 = ADVANCED_FACE('',(#6378),#6389,.F.);
#6378 = FACE_BOUND('',#6379,.F.);
#6379 = EDGE_LOOP('',(#6380,#6381,#6382,#6383));
#6380 = ORIENTED_EDGE('',*,*,#6070,.F.);
#6381 = ORIENTED_EDGE('',*,*,#6367,.T.);
#6382 = ORIENTED_EDGE('',*,*,#5921,.T.);
#6383 = ORIENTED_EDGE('',*,*,#6384,.F.);
#6384 = EDGE_CURVE('',#6063,#5914,#6385,.T.);
#6385 = LINE('',#6386,#6387);
#6386 = CARTESIAN_POINT('',(46.609667026071,4.497535,10.));
#6387 = VECTOR('',#6388,1.);
#6388 = DIRECTION('',(-0.,-0.,-1.));
#6389 = PLANE('',#6390);
#6390 = AXIS2_PLACEMENT_3D('',#6391,#6392,#6393);
#6391 = CARTESIAN_POINT('',(73.963246,4.497535,10.));
#6392 = DIRECTION('',(0.,1.,0.));
#6393 = DIRECTION('',(-1.,0.,0.));
#6394 = ADVANCED_FACE('',(#6395),#6406,.F.);
#6395 = FACE_BOUND('',#6396,.F.);
#6396 = EDGE_LOOP('',(#6397,#6398,#6399,#6400));
#6397 = ORIENTED_EDGE('',*,*,#6062,.F.);
#6398 = ORIENTED_EDGE('',*,*,#6384,.T.);
#6399 = ORIENTED_EDGE('',*,*,#5913,.T.);
#6400 = ORIENTED_EDGE('',*,*,#6401,.F.);
#6401 = EDGE_CURVE('',#6055,#5906,#6402,.T.);
#6402 = LINE('',#6403,#6404);
#6403 = CARTESIAN_POINT('',(46.609667026071,6.959737,10.));
#6404 = VECTOR('',#6405,1.);
#6405 = DIRECTION('',(-0.,-0.,-1.));
#6406 = PLANE('',#6407);
#6407 = AXIS2_PLACEMENT_3D('',#6408,#6409,#6410);
#6408 = CARTESIAN_POINT('',(46.609667026071,4.497535,10.));
#6409 = DIRECTION('',(1.,0.,0.));
#6410 = DIRECTION('',(-0.,1.,0.));
#6411 = ADVANCED_FACE('',(#6412),#6418,.F.);
#6412 = FACE_BOUND('',#6413,.F.);
#6413 = EDGE_LOOP('',(#6414,#6415,#6416,#6417));
#6414 = ORIENTED_EDGE('',*,*,#6054,.F.);
#6415 = ORIENTED_EDGE('',*,*,#6401,.T.);
#6416 = ORIENTED_EDGE('',*,*,#5905,.T.);
#6417 = ORIENTED_EDGE('',*,*,#6326,.F.);
#6418 = PLANE('',#6419);
#6419 = AXIS2_PLACEMENT_3D('',#6420,#6421,#6422);
#6420 = CARTESIAN_POINT('',(46.609667026071,6.959737,10.));
#6421 = DIRECTION('',(0.,1.,0.));
#6422 = DIRECTION('',(-1.,0.,0.));
#6423 = ADVANCED_FACE('',(#6424),#6435,.F.);
#6424 = FACE_BOUND('',#6425,.T.);
#6425 = EDGE_LOOP('',(#6426,#6427,#6433,#6434));
#6426 = ORIENTED_EDGE('',*,*,#5945,.T.);
#6427 = ORIENTED_EDGE('',*,*,#6428,.T.);
#6428 = EDGE_CURVE('',#5946,#6095,#6429,.T.);
#6429 = LINE('',#6430,#6431);
#6430 = CARTESIAN_POINT('',(81.703527108156,4.924288362556,-18.));
#6431 = VECTOR('',#6432,1.);
#6432 = DIRECTION('',(0.,0.,1.));
#6433 = ORIENTED_EDGE('',*,*,#6094,.F.);
#6434 = ORIENTED_EDGE('',*,*,#6428,.F.);
#6435 = CYLINDRICAL_SURFACE('',#6436,3.);
#6436 = AXIS2_PLACEMENT_3D('',#6437,#6438,#6439);
#6437 = CARTESIAN_POINT('',(78.703527108156,4.924288362556,-18.));
#6438 = DIRECTION('',(-0.,-0.,-1.));
#6439 = DIRECTION('',(1.,0.,0.));
#6440 = ADVANCED_FACE('',(#6441),#6466,.T.);
#6441 = FACE_BOUND('',#6442,.T.);
#6442 = EDGE_LOOP('',(#6443,#6452,#6458,#6465));
#6443 = ORIENTED_EDGE('',*,*,#6444,.T.);
#6444 = EDGE_CURVE('',#5981,#6445,#6447,.T.);
#6445 = VERTEX_POINT('',#6446);
#6446 = CARTESIAN_POINT('',(84.949747468306,10.,9.));
#6447 = CIRCLE('',#6448,1.);
#6448 = AXIS2_PLACEMENT_3D('',#6449,#6450,#6451);
#6449 = CARTESIAN_POINT('',(84.949747468306,9.,9.));
#6450 = DIRECTION('',(-1.,0.,0.));
#6451 = DIRECTION('',(0.,0.,1.));
#6452 = ORIENTED_EDGE('',*,*,#6453,.T.);
#6453 = EDGE_CURVE('',#6445,#6163,#6454,.T.);
#6454 = LINE('',#6455,#6456);
#6455 = CARTESIAN_POINT('',(84.949747468306,10.,9.));
#6456 = VECTOR('',#6457,1.);
#6457 = DIRECTION('',(-1.,0.,0.));
#6458 = ORIENTED_EDGE('',*,*,#6459,.F.);
#6459 = EDGE_CURVE('',#5983,#6163,#6460,.T.);
#6460 = CIRCLE('',#6461,1.);
#6461 = AXIS2_PLACEMENT_3D('',#6462,#6463,#6464);
#6462 = CARTESIAN_POINT('',(4.949747468306,9.,9.));
#6463 = DIRECTION('',(-1.,0.,0.));
#6464 = DIRECTION('',(0.,0.,1.));
#6465 = ORIENTED_EDGE('',*,*,#5980,.F.);
#6466 = CYLINDRICAL_SURFACE('',#6467,1.);
#6467 = AXIS2_PLACEMENT_3D('',#6468,#6469,#6470);
#6468 = CARTESIAN_POINT('',(84.949747468306,9.,9.));
#6469 = DIRECTION('',(-1.,0.,0.));
#6470 = DIRECTION('',(0.,0.,1.));
#6471 = ADVANCED_FACE('',(#6472),#6490,.T.);
#6472 = FACE_BOUND('',#6473,.F.);
#6473 = EDGE_LOOP('',(#6474,#6481,#6482,#6483));
#6474 = ORIENTED_EDGE('',*,*,#6475,.F.);
#6475 = EDGE_CURVE('',#6017,#6131,#6476,.T.);
#6476 = CIRCLE('',#6477,1.);
#6477 = AXIS2_PLACEMENT_3D('',#6478,#6479,#6480);
#6478 = CARTESIAN_POINT('',(88.899494936612,5.050252531694,9.));
#6479 = DIRECTION('',(0.,1.,0.));
#6480 = DIRECTION('',(0.,0.,1.));
#6481 = ORIENTED_EDGE('',*,*,#6024,.T.);
#6482 = ORIENTED_EDGE('',*,*,#6444,.T.);
#6483 = ORIENTED_EDGE('',*,*,#6484,.F.);
#6484 = EDGE_CURVE('',#6131,#6445,#6485,.T.);
#6485 = CIRCLE('',#6486,4.949747468306);
#6486 = AXIS2_PLACEMENT_3D('',#6487,#6488,#6489);
#6487 = CARTESIAN_POINT('',(84.949747468306,5.050252531694,9.));
#6488 = DIRECTION('',(0.,0.,1.));
#6489 = DIRECTION('',(1.,0.,0.));
#6490 = TOROIDAL_SURFACE('',#6491,3.949747468306,1.);
#6491 = AXIS2_PLACEMENT_3D('',#6492,#6493,#6494);
#6492 = CARTESIAN_POINT('',(84.949747468306,5.050252531694,9.));
#6493 = DIRECTION('',(-0.,-0.,-1.));
#6494 = DIRECTION('',(1.,0.,0.));
#6495 = ADVANCED_FACE('',(#6496),#6502,.T.);
#6496 = FACE_BOUND('',#6497,.F.);
#6497 = EDGE_LOOP('',(#6498,#6499,#6500,#6501));
#6498 = ORIENTED_EDGE('',*,*,#6459,.F.);
#6499 = ORIENTED_EDGE('',*,*,#5990,.T.);
#6500 = ORIENTED_EDGE('',*,*,#6211,.T.);
#6501 = ORIENTED_EDGE('',*,*,#6170,.F.);
#6502 = TOROIDAL_SURFACE('',#6503,3.949747468306,1.);
#6503 = AXIS2_PLACEMENT_3D('',#6504,#6505,#6506);
#6504 = CARTESIAN_POINT('',(4.949747468306,5.050252531694,9.));
#6505 = DIRECTION('',(-0.,-0.,-1.));
#6506 = DIRECTION('',(1.8E-16,1.,0.));
#6507 = ADVANCED_FACE('',(#6508),#6514,.T.);
#6508 = FACE_BOUND('',#6509,.T.);
#6509 = EDGE_LOOP('',(#6510,#6511,#6512,#6513));
#6510 = ORIENTED_EDGE('',*,*,#6113,.T.);
#6511 = ORIENTED_EDGE('',*,*,#6130,.T.);
#6512 = ORIENTED_EDGE('',*,*,#6475,.F.);
#6513 = ORIENTED_EDGE('',*,*,#6016,.F.);
#6514 = CYLINDRICAL_SURFACE('',#6515,1.);
#6515 = AXIS2_PLACEMENT_3D('',#6516,#6517,#6518);
#6516 = CARTESIAN_POINT('',(88.899494936612,4.949747468306,9.));
#6517 = DIRECTION('',(0.,1.,0.));
#6518 = DIRECTION('',(0.,0.,1.));
#6519 = ADVANCED_FACE('',(#6520),#6531,.T.);
#6520 = FACE_BOUND('',#6521,.F.);
#6521 = EDGE_LOOP('',(#6522,#6523,#6524,#6530));
#6522 = ORIENTED_EDGE('',*,*,#6138,.T.);
#6523 = ORIENTED_EDGE('',*,*,#6484,.T.);
#6524 = ORIENTED_EDGE('',*,*,#6525,.F.);
#6525 = EDGE_CURVE('',#6230,#6445,#6526,.T.);
#6526 = LINE('',#6527,#6528);
#6527 = CARTESIAN_POINT('',(84.949747468306,10.,0.));
#6528 = VECTOR('',#6529,1.);
#6529 = DIRECTION('',(0.,0.,1.));
#6530 = ORIENTED_EDGE('',*,*,#6269,.F.);
#6531 = CYLINDRICAL_SURFACE('',#6532,4.949747468306);
#6532 = AXIS2_PLACEMENT_3D('',#6533,#6534,#6535);
#6533 = CARTESIAN_POINT('',(84.949747468306,5.050252531694,0.));
#6534 = DIRECTION('',(-0.,-0.,-1.));
#6535 = DIRECTION('',(1.,0.,0.));
#6536 = ADVANCED_FACE('',(#6537),#6543,.F.);
#6537 = FACE_BOUND('',#6538,.F.);
#6538 = EDGE_LOOP('',(#6539,#6540,#6541,#6542));
#6539 = ORIENTED_EDGE('',*,*,#6525,.T.);
#6540 = ORIENTED_EDGE('',*,*,#6453,.T.);
#6541 = ORIENTED_EDGE('',*,*,#6160,.F.);
#6542 = ORIENTED_EDGE('',*,*,#6238,.F.);
#6543 = PLANE('',#6544);
#6544 = AXIS2_PLACEMENT_3D('',#6545,#6546,#6547);
#6545 = CARTESIAN_POINT('',(84.949747468306,10.,0.));
#6546 = DIRECTION('',(0.,-1.,0.));
#6547 = DIRECTION('',(-1.,0.,0.));
#6548 = ( GEOMETRIC_REPRESENTATION_CONTEXT(3) 
GLOBAL_UNCERTAINTY_ASSIGNED_CONTEXT((#6552)) 
GLOBAL_UNIT_ASSIGNED_CONTEXT((#6549,#6550,#6551)) REPRESENTATION_CONTEXT
('Context #1','3D Context with UNIT and UNCERTAINTY') );
#6549 = ( LENGTH_UNIT() NAMED_UNIT(*) SI_UNIT(.MILLI.,.METRE.) );
#6550 = ( NAMED_UNIT(*) PLANE_ANGLE_UNIT() SI_UNIT($,.RADIAN.) );
#6551 = ( NAMED_UNIT(*) SI_UNIT($,.STERADIAN.) SOLID_ANGLE_UNIT() );
#6552 = UNCERTAINTY_MEASURE_WITH_UNIT(LENGTH_MEASURE(5.E-06),#6549,
  'distance_accuracy_value','confusion accuracy');
#6553 = CONTEXT_DEPENDENT_SHAPE_REPRESENTATION(#6554,#6556);
#6554 = ( REPRESENTATION_RELATIONSHIP('','',#5569,#10) 
REPRESENTATION_RELATIONSHIP_WITH_TRANSFORMATION(#6555) 
SHAPE_REPRESENTATION_RELATIONSHIP() );
#6555 = ITEM_DEFINED_TRANSFORMATION('','',#11,#39);
#6556 = PRODUCT_DEFINITION_SHAPE('Placement','Placement of an item',
  #6557);
#6557 = NEXT_ASSEMBLY_USAGE_OCCURRENCE('7','Body006','',#5,#5564,$);
#6558 = PRODUCT_RELATED_PRODUCT_CATEGORY('part',$,(#5566));
#6559 = CONTEXT_DEPENDENT_SHAPE_REPRESENTATION(#6560,#6562);
#6560 = ( REPRESENTATION_RELATIONSHIP('','',#5569,#10) 
REPRESENTATION_RELATIONSHIP_WITH_TRANSFORMATION(#6561) 
SHAPE_REPRESENTATION_RELATIONSHIP() );
#6561 = ITEM_DEFINED_TRANSFORMATION('','',#11,#43);
#6562 = PRODUCT_DEFINITION_SHAPE('Placement','Placement of an item',
  #6563);
#6563 = NEXT_ASSEMBLY_USAGE_OCCURRENCE('8','Body007','',#5,#5564,$);
#6564 = CONTEXT_DEPENDENT_SHAPE_REPRESENTATION(#6565,#6567);
#6565 = ( REPRESENTATION_RELATIONSHIP('','',#5569,#10) 
REPRESENTATION_RELATIONSHIP_WITH_TRANSFORMATION(#6566) 
SHAPE_REPRESENTATION_RELATIONSHIP() );
#6566 = ITEM_DEFINED_TRANSFORMATION('','',#11,#47);
#6567 = PRODUCT_DEFINITION_SHAPE('Placement','Placement of an item',
  #6568);
#6568 = NEXT_ASSEMBLY_USAGE_OCCURRENCE('9','Body008','',#5,#5564,$);
#6569 = CONTEXT_DEPENDENT_SHAPE_REPRESENTATION(#6570,#6572);
#6570 = ( REPRESENTATION_RELATIONSHIP('','',#5569,#10) 
REPRESENTATION_RELATIONSHIP_WITH_TRANSFORMATION(#6571) 
SHAPE_REPRESENTATION_RELATIONSHIP() );
#6571 = ITEM_DEFINED_TRANSFORMATION('','',#11,#51);
#6572 = PRODUCT_DEFINITION_SHAPE('Placement','Placement of an item',
  #6573);
#6573 = NEXT_ASSEMBLY_USAGE_OCCURRENCE('10','Body009','',#5,#5564,$);
#6574 = SHAPE_DEFINITION_REPRESENTATION(#6575,#6581);
#6575 = PRODUCT_DEFINITION_SHAPE('','',#6576);
#6576 = PRODUCT_DEFINITION('design','',#6577,#6580);
#6577 = PRODUCT_DEFINITION_FORMATION('','',#6578);
#6578 = PRODUCT('Body','Body','',(#6579));
#6579 = PRODUCT_CONTEXT('',#2,'mechanical');
#6580 = PRODUCT_DEFINITION_CONTEXT('part definition',#2,'design');
#6581 = ADVANCED_BREP_SHAPE_REPRESENTATION('',(#11,#6582),#7080);
#6582 = MANIFOLD_SOLID_BREP('',#6583);
#6583 = CLOSED_SHELL('',(#6584,#6626,#6657,#6688,#6793,#6898,#6910,#6932
    ,#6949,#6966,#6983,#7000,#7012,#7034,#7051,#7063));
#6584 = ADVANCED_FACE('',(#6585),#6621,.T.);
#6585 = FACE_BOUND('',#6586,.F.);
#6586 = EDGE_LOOP('',(#6587,#6597,#6606,#6614));
#6587 = ORIENTED_EDGE('',*,*,#6588,.T.);
#6588 = EDGE_CURVE('',#6589,#6591,#6593,.T.);
#6589 = VERTEX_POINT('',#6590);
#6590 = CARTESIAN_POINT('',(97.620099842961,87.821777132029,0.));
#6591 = VERTEX_POINT('',#6592);
#6592 = CARTESIAN_POINT('',(97.620099842961,87.821777132029,10.));
#6593 = LINE('',#6594,#6595);
#6594 = CARTESIAN_POINT('',(97.620099842961,87.821777132029,0.));
#6595 = VECTOR('',#6596,1.);
#6596 = DIRECTION('',(0.,0.,1.));
#6597 = ORIENTED_EDGE('',*,*,#6598,.T.);
#6598 = EDGE_CURVE('',#6591,#6599,#6601,.T.);
#6599 = VERTEX_POINT('',#6600);
#6600 = CARTESIAN_POINT('',(89.119979916139,96.292193959414,10.));
#6601 = CIRCLE('',#6602,6.003127391123);
#6602 = AXIS2_PLACEMENT_3D('',#6603,#6604,#6605);
#6603 = CARTESIAN_POINT('',(93.506800745995,92.194225989701,10.));
#6604 = DIRECTION('',(0.,0.,1.));
#6605 = DIRECTION('',(1.,0.,0.));
#6606 = ORIENTED_EDGE('',*,*,#6607,.F.);
#6607 = EDGE_CURVE('',#6608,#6599,#6610,.T.);
#6608 = VERTEX_POINT('',#6609);
#6609 = CARTESIAN_POINT('',(89.119979916139,96.292193959414,0.));
#6610 = LINE('',#6611,#6612);
#6611 = CARTESIAN_POINT('',(89.119979916139,96.292193959414,0.));
#6612 = VECTOR('',#6613,1.);
#6613 = DIRECTION('',(0.,0.,1.));
#6614 = ORIENTED_EDGE('',*,*,#6615,.F.);
#6615 = EDGE_CURVE('',#6589,#6608,#6616,.T.);
#6616 = CIRCLE('',#6617,6.003127391123);
#6617 = AXIS2_PLACEMENT_3D('',#6618,#6619,#6620);
#6618 = CARTESIAN_POINT('',(93.506800745995,92.194225989701,0.));
#6619 = DIRECTION('',(0.,0.,1.));
#6620 = DIRECTION('',(1.,0.,0.));
#6621 = CYLINDRICAL_SURFACE('',#6622,6.003127391123);
#6622 = AXIS2_PLACEMENT_3D('',#6623,#6624,#6625);
#6623 = CARTESIAN_POINT('',(93.506800745995,92.194225989701,0.));
#6624 = DIRECTION('',(-0.,-0.,-1.));
#6625 = DIRECTION('',(1.,0.,0.));
#6626 = ADVANCED_FACE('',(#6627),#6652,.F.);
#6627 = FACE_BOUND('',#6628,.F.);
#6628 = EDGE_LOOP('',(#6629,#6639,#6645,#6646));
#6629 = ORIENTED_EDGE('',*,*,#6630,.T.);
#6630 = EDGE_CURVE('',#6631,#6633,#6635,.T.);
#6631 = VERTEX_POINT('',#6632);
#6632 = CARTESIAN_POINT('',(1.949839082976,-2.178222867971,0.));
#6633 = VERTEX_POINT('',#6634);
#6634 = CARTESIAN_POINT('',(1.949839082976,-2.178222867971,10.));
#6635 = LINE('',#6636,#6637);
#6636 = CARTESIAN_POINT('',(1.949839082976,-2.178222867971,0.));
#6637 = VECTOR('',#6638,1.);
#6638 = DIRECTION('',(0.,0.,1.));
#6639 = ORIENTED_EDGE('',*,*,#6640,.T.);
#6640 = EDGE_CURVE('',#6633,#6591,#6641,.T.);
#6641 = LINE('',#6642,#6643);
#6642 = CARTESIAN_POINT('',(1.949839082976,-2.178222867971,10.));
#6643 = VECTOR('',#6644,1.);
#6644 = DIRECTION('',(0.728361830891,0.68519270523,0.));
#6645 = ORIENTED_EDGE('',*,*,#6588,.F.);
#6646 = ORIENTED_EDGE('',*,*,#6647,.F.);
#6647 = EDGE_CURVE('',#6631,#6589,#6648,.T.);
#6648 = LINE('',#6649,#6650);
#6649 = CARTESIAN_POINT('',(1.949839082976,-2.178222867971,0.));
#6650 = VECTOR('',#6651,1.);
#6651 = DIRECTION('',(0.728361830891,0.68519270523,0.));
#6652 = PLANE('',#6653);
#6653 = AXIS2_PLACEMENT_3D('',#6654,#6655,#6656);
#6654 = CARTESIAN_POINT('',(1.949839082976,-2.178222867971,0.));
#6655 = DIRECTION('',(-0.68519270523,0.728361830891,0.));
#6656 = DIRECTION('',(0.728361830891,0.68519270523,0.));
#6657 = ADVANCED_FACE('',(#6658),#6683,.T.);
#6658 = FACE_BOUND('',#6659,.T.);
#6659 = EDGE_LOOP('',(#6660,#6670,#6676,#6677));
#6660 = ORIENTED_EDGE('',*,*,#6661,.T.);
#6661 = EDGE_CURVE('',#6662,#6664,#6666,.T.);
#6662 = VERTEX_POINT('',#6663);
#6663 = CARTESIAN_POINT('',(1.465984934136,2.459744840949,0.));
#6664 = VERTEX_POINT('',#6665);
#6665 = CARTESIAN_POINT('',(1.465984934136,2.459744840949,10.));
#6666 = LINE('',#6667,#6668);
#6667 = CARTESIAN_POINT('',(1.465984934136,2.459744840949,0.));
#6668 = VECTOR('',#6669,1.);
#6669 = DIRECTION('',(0.,0.,1.));
#6670 = ORIENTED_EDGE('',*,*,#6671,.T.);
#6671 = EDGE_CURVE('',#6664,#6599,#6672,.T.);
#6672 = LINE('',#6673,#6674);
#6673 = CARTESIAN_POINT('',(1.465984934136,2.459744840949,10.));
#6674 = VECTOR('',#6675,1.);
#6675 = DIRECTION('',(0.682638848506,0.730755911717,0.));
#6676 = ORIENTED_EDGE('',*,*,#6607,.F.);
#6677 = ORIENTED_EDGE('',*,*,#6678,.F.);
#6678 = EDGE_CURVE('',#6662,#6608,#6679,.T.);
#6679 = LINE('',#6680,#6681);
#6680 = CARTESIAN_POINT('',(1.465984934136,2.459744840949,0.));
#6681 = VECTOR('',#6682,1.);
#6682 = DIRECTION('',(0.682638848506,0.730755911717,0.));
#6683 = PLANE('',#6684);
#6684 = AXIS2_PLACEMENT_3D('',#6685,#6686,#6687);
#6685 = CARTESIAN_POINT('',(1.465984934136,2.459744840949,0.));
#6686 = DIRECTION('',(-0.730755911717,0.682638848506,0.));
#6687 = DIRECTION('',(0.682638848506,0.730755911717,0.));
#6688 = ADVANCED_FACE('',(#6689,#6701,#6751,#6777),#6788,.F.);
#6689 = FACE_BOUND('',#6690,.F.);
#6690 = EDGE_LOOP('',(#6691,#6692,#6693,#6700));
#6691 = ORIENTED_EDGE('',*,*,#6615,.T.);
#6692 = ORIENTED_EDGE('',*,*,#6678,.F.);
#6693 = ORIENTED_EDGE('',*,*,#6694,.T.);
#6694 = EDGE_CURVE('',#6662,#6631,#6695,.T.);
#6695 = CIRCLE('',#6696,2.924052827499);
#6696 = AXIS2_PLACEMENT_3D('',#6697,#6698,#6699);
#6697 = CARTESIAN_POINT('',(-4.71791E-02,-4.23382E-02,0.));
#6698 = DIRECTION('',(0.,0.,1.));
#6699 = DIRECTION('',(1.,0.,0.));
#6700 = ORIENTED_EDGE('',*,*,#6647,.T.);
#6701 = FACE_BOUND('',#6702,.F.);
#6702 = EDGE_LOOP('',(#6703,#6713,#6721,#6729,#6737,#6745));
#6703 = ORIENTED_EDGE('',*,*,#6704,.T.);
#6704 = EDGE_CURVE('',#6705,#6707,#6709,.T.);
#6705 = VERTEX_POINT('',#6706);
#6706 = CARTESIAN_POINT('',(-0.5,0.866025403784,0.));
#6707 = VERTEX_POINT('',#6708);
#6708 = CARTESIAN_POINT('',(0.5,0.866025403784,0.));
#6709 = LINE('',#6710,#6711);
#6710 = CARTESIAN_POINT('',(24.572953556811,0.866025403784,0.));
#6711 = VECTOR('',#6712,1.);
#6712 = DIRECTION('',(1.,0.,0.));
#6713 = ORIENTED_EDGE('',*,*,#6714,.T.);
#6714 = EDGE_CURVE('',#6707,#6715,#6717,.T.);
#6715 = VERTEX_POINT('',#6716);
#6716 = CARTESIAN_POINT('',(1.,0.,0.));
#6717 = LINE('',#6718,#6719);
#6718 = CARTESIAN_POINT('',(-3.273791990053,7.402424867754,0.));
#6719 = VECTOR('',#6720,1.);
#6720 = DIRECTION('',(0.5,-0.866025403784,0.));
#6721 = ORIENTED_EDGE('',*,*,#6722,.T.);
#6722 = EDGE_CURVE('',#6715,#6723,#6725,.T.);
#6723 = VERTEX_POINT('',#6724);
#6724 = CARTESIAN_POINT('',(0.5,-0.866025403784,0.));
#6725 = LINE('',#6726,#6727);
#6726 = CARTESIAN_POINT('',(16.935268768459,27.600695139237,0.));
#6727 = VECTOR('',#6728,1.);
#6728 = DIRECTION('',(-0.5,-0.866025403784,0.));
#6729 = ORIENTED_EDGE('',*,*,#6730,.T.);
#6730 = EDGE_CURVE('',#6723,#6731,#6733,.T.);
#6731 = VERTEX_POINT('',#6732);
#6732 = CARTESIAN_POINT('',(-0.5,-0.866025403784,0.));
#6733 = LINE('',#6734,#6735);
#6734 = CARTESIAN_POINT('',(24.072953556811,-0.866025403784,0.));
#6735 = VECTOR('',#6736,1.);
#6736 = DIRECTION('',(-1.,0.,0.));
#6737 = ORIENTED_EDGE('',*,*,#6738,.T.);
#6738 = EDGE_CURVE('',#6731,#6739,#6741,.T.);
#6739 = VERTEX_POINT('',#6740);
#6740 = CARTESIAN_POINT('',(-1.,0.,0.));
#6741 = LINE('',#6742,#6743);
#6742 = CARTESIAN_POINT('',(-5.023791990053,6.969412165862,0.));
#6743 = VECTOR('',#6744,1.);
#6744 = DIRECTION('',(-0.5,0.866025403784,0.));
#6745 = ORIENTED_EDGE('',*,*,#6746,.T.);
#6746 = EDGE_CURVE('',#6739,#6705,#6747,.T.);
#6747 = LINE('',#6748,#6749);
#6748 = CARTESIAN_POINT('',(15.685268768459,28.899733244913,0.));
#6749 = VECTOR('',#6750,1.);
#6750 = DIRECTION('',(0.5,0.866025403784,0.));
#6751 = FACE_BOUND('',#6752,.F.);
#6752 = EDGE_LOOP('',(#6753,#6763,#6771));
#6753 = ORIENTED_EDGE('',*,*,#6754,.T.);
#6754 = EDGE_CURVE('',#6755,#6757,#6759,.T.);
#6755 = VERTEX_POINT('',#6756);
#6756 = CARTESIAN_POINT('',(5.900716972011,4.28,0.));
#6757 = VERTEX_POINT('',#6758);
#6758 = CARTESIAN_POINT('',(53.630040328727,55.484606159121,0.));
#6759 = LINE('',#6760,#6761);
#6760 = CARTESIAN_POINT('',(26.552745072042,26.43575019461,0.));
#6761 = VECTOR('',#6762,1.);
#6762 = DIRECTION('',(0.681847476524,0.731494373702,0.));
#6763 = ORIENTED_EDGE('',*,*,#6764,.T.);
#6764 = EDGE_CURVE('',#6757,#6765,#6767,.T.);
#6765 = VERTEX_POINT('',#6766);
#6766 = CARTESIAN_POINT('',(56.657805420288,52.484957963463,0.));
#6767 = LINE('',#6768,#6769);
#6768 = CARTESIAN_POINT('',(54.431399885521,54.690688310173,-8.9E-16));
#6769 = VECTOR('',#6770,1.);
#6770 = DIRECTION('',(0.71039758919,-0.703800586298,0.));
#6771 = ORIENTED_EDGE('',*,*,#6772,.T.);
#6772 = EDGE_CURVE('',#6765,#6755,#6773,.T.);
#6773 = LINE('',#6774,#6775);
#6774 = CARTESIAN_POINT('',(53.24413515864,49.242931352115,0.));
#6775 = VECTOR('',#6776,1.);
#6776 = DIRECTION('',(-0.725101263546,-0.688642256621,0.));
#6777 = FACE_BOUND('',#6778,.F.);
#6778 = EDGE_LOOP('',(#6779));
#6779 = ORIENTED_EDGE('',*,*,#6780,.F.);
#6780 = EDGE_CURVE('',#6781,#6781,#6783,.T.);
#6781 = VERTEX_POINT('',#6782);
#6782 = CARTESIAN_POINT('',(74.674897418794,71.680081404371,0.));
#6783 = CIRCLE('',#6784,2.);
#6784 = AXIS2_PLACEMENT_3D('',#6785,#6786,#6787);
#6785 = CARTESIAN_POINT('',(72.674897418794,71.680081404371,0.));
#6786 = DIRECTION('',(0.,0.,1.));
#6787 = DIRECTION('',(1.,0.,-0.));
#6788 = PLANE('',#6789);
#6789 = AXIS2_PLACEMENT_3D('',#6790,#6791,#6792);
#6790 = CARTESIAN_POINT('',(48.645907113623,47.248176945176,0.));
#6791 = DIRECTION('',(0.,0.,1.));
#6792 = DIRECTION('',(1.,0.,0.));
#6793 = ADVANCED_FACE('',(#6794,#6806,#6856,#6882),#6893,.T.);
#6794 = FACE_BOUND('',#6795,.T.);
#6795 = EDGE_LOOP('',(#6796,#6797,#6798,#6805));
#6796 = ORIENTED_EDGE('',*,*,#6598,.T.);
#6797 = ORIENTED_EDGE('',*,*,#6671,.F.);
#6798 = ORIENTED_EDGE('',*,*,#6799,.T.);
#6799 = EDGE_CURVE('',#6664,#6633,#6800,.T.);
#6800 = CIRCLE('',#6801,2.924052827499);
#6801 = AXIS2_PLACEMENT_3D('',#6802,#6803,#6804);
#6802 = CARTESIAN_POINT('',(-4.71791E-02,-4.23382E-02,10.));
#6803 = DIRECTION('',(0.,0.,1.));
#6804 = DIRECTION('',(1.,0.,0.));
#6805 = ORIENTED_EDGE('',*,*,#6640,.T.);
#6806 = FACE_BOUND('',#6807,.T.);
#6807 = EDGE_LOOP('',(#6808,#6818,#6826,#6834,#6842,#6850));
#6808 = ORIENTED_EDGE('',*,*,#6809,.T.);
#6809 = EDGE_CURVE('',#6810,#6812,#6814,.T.);
#6810 = VERTEX_POINT('',#6811);
#6811 = CARTESIAN_POINT('',(-0.5,0.866025403784,10.));
#6812 = VERTEX_POINT('',#6813);
#6813 = CARTESIAN_POINT('',(0.5,0.866025403784,10.));
#6814 = LINE('',#6815,#6816);
#6815 = CARTESIAN_POINT('',(24.572953556811,0.866025403784,10.));
#6816 = VECTOR('',#6817,1.);
#6817 = DIRECTION('',(1.,0.,0.));
#6818 = ORIENTED_EDGE('',*,*,#6819,.T.);
#6819 = EDGE_CURVE('',#6812,#6820,#6822,.T.);
#6820 = VERTEX_POINT('',#6821);
#6821 = CARTESIAN_POINT('',(1.,0.,10.));
#6822 = LINE('',#6823,#6824);
#6823 = CARTESIAN_POINT('',(-3.273791990053,7.402424867754,10.));
#6824 = VECTOR('',#6825,1.);
#6825 = DIRECTION('',(0.5,-0.866025403784,0.));
#6826 = ORIENTED_EDGE('',*,*,#6827,.T.);
#6827 = EDGE_CURVE('',#6820,#6828,#6830,.T.);
#6828 = VERTEX_POINT('',#6829);
#6829 = CARTESIAN_POINT('',(0.5,-0.866025403784,10.));
#6830 = LINE('',#6831,#6832);
#6831 = CARTESIAN_POINT('',(16.935268768459,27.600695139237,10.));
#6832 = VECTOR('',#6833,1.);
#6833 = DIRECTION('',(-0.5,-0.866025403784,0.));
#6834 = ORIENTED_EDGE('',*,*,#6835,.T.);
#6835 = EDGE_CURVE('',#6828,#6836,#6838,.T.);
#6836 = VERTEX_POINT('',#6837);
#6837 = CARTESIAN_POINT('',(-0.5,-0.866025403784,10.));
#6838 = LINE('',#6839,#6840);
#6839 = CARTESIAN_POINT('',(24.072953556811,-0.866025403784,10.));
#6840 = VECTOR('',#6841,1.);
#6841 = DIRECTION('',(-1.,0.,0.));
#6842 = ORIENTED_EDGE('',*,*,#6843,.T.);
#6843 = EDGE_CURVE('',#6836,#6844,#6846,.T.);
#6844 = VERTEX_POINT('',#6845);
#6845 = CARTESIAN_POINT('',(-1.,0.,10.));
#6846 = LINE('',#6847,#6848);
#6847 = CARTESIAN_POINT('',(-5.023791990053,6.969412165862,10.));
#6848 = VECTOR('',#6849,1.);
#6849 = DIRECTION('',(-0.5,0.866025403784,0.));
#6850 = ORIENTED_EDGE('',*,*,#6851,.T.);
#6851 = EDGE_CURVE('',#6844,#6810,#6852,.T.);
#6852 = LINE('',#6853,#6854);
#6853 = CARTESIAN_POINT('',(15.685268768459,28.899733244913,10.));
#6854 = VECTOR('',#6855,1.);
#6855 = DIRECTION('',(0.5,0.866025403784,0.));
#6856 = FACE_BOUND('',#6857,.T.);
#6857 = EDGE_LOOP('',(#6858,#6868,#6876));
#6858 = ORIENTED_EDGE('',*,*,#6859,.T.);
#6859 = EDGE_CURVE('',#6860,#6862,#6864,.T.);
#6860 = VERTEX_POINT('',#6861);
#6861 = CARTESIAN_POINT('',(5.900716972011,4.28,10.));
#6862 = VERTEX_POINT('',#6863);
#6863 = CARTESIAN_POINT('',(53.630040328727,55.484606159121,10.));
#6864 = LINE('',#6865,#6866);
#6865 = CARTESIAN_POINT('',(5.900716972011,4.28,10.));
#6866 = VECTOR('',#6867,1.);
#6867 = DIRECTION('',(0.681847476524,0.731494373702,0.));
#6868 = ORIENTED_EDGE('',*,*,#6869,.T.);
#6869 = EDGE_CURVE('',#6862,#6870,#6872,.T.);
#6870 = VERTEX_POINT('',#6871);
#6871 = CARTESIAN_POINT('',(56.657805420288,52.484957963463,10.));
#6872 = LINE('',#6873,#6874);
#6873 = CARTESIAN_POINT('',(53.630040328727,55.484606159121,10.));
#6874 = VECTOR('',#6875,1.);
#6875 = DIRECTION('',(0.71039758919,-0.703800586298,0.));
#6876 = ORIENTED_EDGE('',*,*,#6877,.T.);
#6877 = EDGE_CURVE('',#6870,#6860,#6878,.T.);
#6878 = LINE('',#6879,#6880);
#6879 = CARTESIAN_POINT('',(56.657805420288,52.484957963463,10.));
#6880 = VECTOR('',#6881,1.);
#6881 = DIRECTION('',(-0.725101263546,-0.688642256621,0.));
#6882 = FACE_BOUND('',#6883,.T.);
#6883 = EDGE_LOOP('',(#6884));
#6884 = ORIENTED_EDGE('',*,*,#6885,.F.);
#6885 = EDGE_CURVE('',#6886,#6886,#6888,.T.);
#6886 = VERTEX_POINT('',#6887);
#6887 = CARTESIAN_POINT('',(74.674897418794,71.680081404371,10.));
#6888 = CIRCLE('',#6889,2.);
#6889 = AXIS2_PLACEMENT_3D('',#6890,#6891,#6892);
#6890 = CARTESIAN_POINT('',(72.674897418794,71.680081404371,10.));
#6891 = DIRECTION('',(0.,0.,1.));
#6892 = DIRECTION('',(1.,0.,0.));
#6893 = PLANE('',#6894);
#6894 = AXIS2_PLACEMENT_3D('',#6895,#6896,#6897);
#6895 = CARTESIAN_POINT('',(48.645907113623,47.248176945176,10.));
#6896 = DIRECTION('',(0.,0.,1.));
#6897 = DIRECTION('',(1.,0.,0.));
#6898 = ADVANCED_FACE('',(#6899),#6905,.T.);
#6899 = FACE_BOUND('',#6900,.F.);
#6900 = EDGE_LOOP('',(#6901,#6902,#6903,#6904));
#6901 = ORIENTED_EDGE('',*,*,#6661,.T.);
#6902 = ORIENTED_EDGE('',*,*,#6799,.T.);
#6903 = ORIENTED_EDGE('',*,*,#6630,.F.);
#6904 = ORIENTED_EDGE('',*,*,#6694,.F.);
#6905 = CYLINDRICAL_SURFACE('',#6906,2.924052827499);
#6906 = AXIS2_PLACEMENT_3D('',#6907,#6908,#6909);
#6907 = CARTESIAN_POINT('',(-4.71791E-02,-4.23382E-02,0.));
#6908 = DIRECTION('',(-0.,-0.,-1.));
#6909 = DIRECTION('',(1.,0.,0.));
#6910 = ADVANCED_FACE('',(#6911),#6927,.T.);
#6911 = FACE_BOUND('',#6912,.T.);
#6912 = EDGE_LOOP('',(#6913,#6914,#6920,#6921));
#6913 = ORIENTED_EDGE('',*,*,#6704,.T.);
#6914 = ORIENTED_EDGE('',*,*,#6915,.T.);
#6915 = EDGE_CURVE('',#6707,#6812,#6916,.T.);
#6916 = LINE('',#6917,#6918);
#6917 = CARTESIAN_POINT('',(0.5,0.866025403784,-2.));
#6918 = VECTOR('',#6919,1.);
#6919 = DIRECTION('',(0.,0.,1.));
#6920 = ORIENTED_EDGE('',*,*,#6809,.F.);
#6921 = ORIENTED_EDGE('',*,*,#6922,.F.);
#6922 = EDGE_CURVE('',#6705,#6810,#6923,.T.);
#6923 = LINE('',#6924,#6925);
#6924 = CARTESIAN_POINT('',(-0.5,0.866025403784,-2.));
#6925 = VECTOR('',#6926,1.);
#6926 = DIRECTION('',(0.,0.,1.));
#6927 = PLANE('',#6928);
#6928 = AXIS2_PLACEMENT_3D('',#6929,#6930,#6931);
#6929 = CARTESIAN_POINT('',(0.5,0.866025403784,-2.));
#6930 = DIRECTION('',(0.,-1.,0.));
#6931 = DIRECTION('',(-1.,0.,0.));
#6932 = ADVANCED_FACE('',(#6933),#6944,.T.);
#6933 = FACE_BOUND('',#6934,.T.);
#6934 = EDGE_LOOP('',(#6935,#6936,#6937,#6938));
#6935 = ORIENTED_EDGE('',*,*,#6746,.T.);
#6936 = ORIENTED_EDGE('',*,*,#6922,.T.);
#6937 = ORIENTED_EDGE('',*,*,#6851,.F.);
#6938 = ORIENTED_EDGE('',*,*,#6939,.F.);
#6939 = EDGE_CURVE('',#6739,#6844,#6940,.T.);
#6940 = LINE('',#6941,#6942);
#6941 = CARTESIAN_POINT('',(-1.,0.,-2.));
#6942 = VECTOR('',#6943,1.);
#6943 = DIRECTION('',(0.,0.,1.));
#6944 = PLANE('',#6945);
#6945 = AXIS2_PLACEMENT_3D('',#6946,#6947,#6948);
#6946 = CARTESIAN_POINT('',(-0.5,0.866025403784,-2.));
#6947 = DIRECTION('',(0.866025403784,-0.5,0.));
#6948 = DIRECTION('',(-0.5,-0.866025403784,0.));
#6949 = ADVANCED_FACE('',(#6950),#6961,.T.);
#6950 = FACE_BOUND('',#6951,.T.);
#6951 = EDGE_LOOP('',(#6952,#6953,#6959,#6960));
#6952 = ORIENTED_EDGE('',*,*,#6714,.T.);
#6953 = ORIENTED_EDGE('',*,*,#6954,.T.);
#6954 = EDGE_CURVE('',#6715,#6820,#6955,.T.);
#6955 = LINE('',#6956,#6957);
#6956 = CARTESIAN_POINT('',(1.,0.,-2.));
#6957 = VECTOR('',#6958,1.);
#6958 = DIRECTION('',(0.,0.,1.));
#6959 = ORIENTED_EDGE('',*,*,#6819,.F.);
#6960 = ORIENTED_EDGE('',*,*,#6915,.F.);
#6961 = PLANE('',#6962);
#6962 = AXIS2_PLACEMENT_3D('',#6963,#6964,#6965);
#6963 = CARTESIAN_POINT('',(1.,0.,-2.));
#6964 = DIRECTION('',(-0.866025403784,-0.5,0.));
#6965 = DIRECTION('',(-0.5,0.866025403784,0.));
#6966 = ADVANCED_FACE('',(#6967),#6978,.T.);
#6967 = FACE_BOUND('',#6968,.T.);
#6968 = EDGE_LOOP('',(#6969,#6970,#6971,#6972));
#6969 = ORIENTED_EDGE('',*,*,#6738,.T.);
#6970 = ORIENTED_EDGE('',*,*,#6939,.T.);
#6971 = ORIENTED_EDGE('',*,*,#6843,.F.);
#6972 = ORIENTED_EDGE('',*,*,#6973,.F.);
#6973 = EDGE_CURVE('',#6731,#6836,#6974,.T.);
#6974 = LINE('',#6975,#6976);
#6975 = CARTESIAN_POINT('',(-0.5,-0.866025403784,-2.));
#6976 = VECTOR('',#6977,1.);
#6977 = DIRECTION('',(0.,0.,1.));
#6978 = PLANE('',#6979);
#6979 = AXIS2_PLACEMENT_3D('',#6980,#6981,#6982);
#6980 = CARTESIAN_POINT('',(-1.,0.,-2.));
#6981 = DIRECTION('',(0.866025403784,0.5,0.));
#6982 = DIRECTION('',(0.5,-0.866025403784,0.));
#6983 = ADVANCED_FACE('',(#6984),#6995,.T.);
#6984 = FACE_BOUND('',#6985,.T.);
#6985 = EDGE_LOOP('',(#6986,#6987,#6993,#6994));
#6986 = ORIENTED_EDGE('',*,*,#6722,.T.);
#6987 = ORIENTED_EDGE('',*,*,#6988,.T.);
#6988 = EDGE_CURVE('',#6723,#6828,#6989,.T.);
#6989 = LINE('',#6990,#6991);
#6990 = CARTESIAN_POINT('',(0.5,-0.866025403784,-2.));
#6991 = VECTOR('',#6992,1.);
#6992 = DIRECTION('',(0.,0.,1.));
#6993 = ORIENTED_EDGE('',*,*,#6827,.F.);
#6994 = ORIENTED_EDGE('',*,*,#6954,.F.);
#6995 = PLANE('',#6996);
#6996 = AXIS2_PLACEMENT_3D('',#6997,#6998,#6999);
#6997 = CARTESIAN_POINT('',(0.5,-0.866025403784,-2.));
#6998 = DIRECTION('',(-0.866025403784,0.5,0.));
#6999 = DIRECTION('',(0.5,0.866025403784,0.));
#7000 = ADVANCED_FACE('',(#7001),#7007,.T.);
#7001 = FACE_BOUND('',#7002,.T.);
#7002 = EDGE_LOOP('',(#7003,#7004,#7005,#7006));
#7003 = ORIENTED_EDGE('',*,*,#6730,.T.);
#7004 = ORIENTED_EDGE('',*,*,#6973,.T.);
#7005 = ORIENTED_EDGE('',*,*,#6835,.F.);
#7006 = ORIENTED_EDGE('',*,*,#6988,.F.);
#7007 = PLANE('',#7008);
#7008 = AXIS2_PLACEMENT_3D('',#7009,#7010,#7011);
#7009 = CARTESIAN_POINT('',(-0.5,-0.866025403784,-2.));
#7010 = DIRECTION('',(0.,1.,0.));
#7011 = DIRECTION('',(1.,0.,0.));
#7012 = ADVANCED_FACE('',(#7013),#7029,.T.);
#7013 = FACE_BOUND('',#7014,.T.);
#7014 = EDGE_LOOP('',(#7015,#7016,#7022,#7023));
#7015 = ORIENTED_EDGE('',*,*,#6859,.F.);
#7016 = ORIENTED_EDGE('',*,*,#7017,.T.);
#7017 = EDGE_CURVE('',#6860,#6755,#7018,.T.);
#7018 = LINE('',#7019,#7020);
#7019 = CARTESIAN_POINT('',(5.900716972011,4.28,10.));
#7020 = VECTOR('',#7021,1.);
#7021 = DIRECTION('',(-0.,-0.,-1.));
#7022 = ORIENTED_EDGE('',*,*,#6754,.T.);
#7023 = ORIENTED_EDGE('',*,*,#7024,.F.);
#7024 = EDGE_CURVE('',#6862,#6757,#7025,.T.);
#7025 = LINE('',#7026,#7027);
#7026 = CARTESIAN_POINT('',(53.630040328727,55.484606159121,10.));
#7027 = VECTOR('',#7028,1.);
#7028 = DIRECTION('',(-0.,-0.,-1.));
#7029 = PLANE('',#7030);
#7030 = AXIS2_PLACEMENT_3D('',#7031,#7032,#7033);
#7031 = CARTESIAN_POINT('',(5.900716972011,4.28,10.));
#7032 = DIRECTION('',(0.731494373702,-0.681847476524,0.));
#7033 = DIRECTION('',(0.681847476524,0.731494373702,0.));
#7034 = ADVANCED_FACE('',(#7035),#7046,.T.);
#7035 = FACE_BOUND('',#7036,.T.);
#7036 = EDGE_LOOP('',(#7037,#7038,#7044,#7045));
#7037 = ORIENTED_EDGE('',*,*,#6877,.F.);
#7038 = ORIENTED_EDGE('',*,*,#7039,.T.);
#7039 = EDGE_CURVE('',#6870,#6765,#7040,.T.);
#7040 = LINE('',#7041,#7042);
#7041 = CARTESIAN_POINT('',(56.657805420288,52.484957963463,10.));
#7042 = VECTOR('',#7043,1.);
#7043 = DIRECTION('',(-0.,-0.,-1.));
#7044 = ORIENTED_EDGE('',*,*,#6772,.T.);
#7045 = ORIENTED_EDGE('',*,*,#7017,.F.);
#7046 = PLANE('',#7047);
#7047 = AXIS2_PLACEMENT_3D('',#7048,#7049,#7050);
#7048 = CARTESIAN_POINT('',(56.657805420288,52.484957963463,10.));
#7049 = DIRECTION('',(-0.688642256621,0.725101263546,0.));
#7050 = DIRECTION('',(-0.725101263546,-0.688642256621,0.));
#7051 = ADVANCED_FACE('',(#7052),#7058,.T.);
#7052 = FACE_BOUND('',#7053,.T.);
#7053 = EDGE_LOOP('',(#7054,#7055,#7056,#7057));
#7054 = ORIENTED_EDGE('',*,*,#6869,.F.);
#7055 = ORIENTED_EDGE('',*,*,#7024,.T.);
#7056 = ORIENTED_EDGE('',*,*,#6764,.T.);
#7057 = ORIENTED_EDGE('',*,*,#7039,.F.);
#7058 = PLANE('',#7059);
#7059 = AXIS2_PLACEMENT_3D('',#7060,#7061,#7062);
#7060 = CARTESIAN_POINT('',(53.630040328727,55.484606159121,10.));
#7061 = DIRECTION('',(-0.703800586298,-0.71039758919,0.));
#7062 = DIRECTION('',(0.71039758919,-0.703800586298,0.));
#7063 = ADVANCED_FACE('',(#7064),#7075,.F.);
#7064 = FACE_BOUND('',#7065,.F.);
#7065 = EDGE_LOOP('',(#7066,#7067,#7073,#7074));
#7066 = ORIENTED_EDGE('',*,*,#6885,.F.);
#7067 = ORIENTED_EDGE('',*,*,#7068,.T.);
#7068 = EDGE_CURVE('',#6886,#6781,#7069,.T.);
#7069 = LINE('',#7070,#7071);
#7070 = CARTESIAN_POINT('',(74.674897418794,71.680081404371,10.));
#7071 = VECTOR('',#7072,1.);
#7072 = DIRECTION('',(-0.,-0.,-1.));
#7073 = ORIENTED_EDGE('',*,*,#6780,.T.);
#7074 = ORIENTED_EDGE('',*,*,#7068,.F.);
#7075 = CYLINDRICAL_SURFACE('',#7076,2.);
#7076 = AXIS2_PLACEMENT_3D('',#7077,#7078,#7079);
#7077 = CARTESIAN_POINT('',(72.674897418794,71.680081404371,10.));
#7078 = DIRECTION('',(0.,0.,1.));
#7079 = DIRECTION('',(1.,0.,-0.));
#7080 = ( GEOMETRIC_REPRESENTATION_CONTEXT(3) 
GLOBAL_UNCERTAINTY_ASSIGNED_CONTEXT((#7084)) 
GLOBAL_UNIT_ASSIGNED_CONTEXT((#7081,#7082,#7083)) REPRESENTATION_CONTEXT
('Context #1','3D Context with UNIT and UNCERTAINTY') );
#7081 = ( LENGTH_UNIT() NAMED_UNIT(*) SI_UNIT(.MILLI.,.METRE.) );
#7082 = ( NAMED_UNIT(*) PLANE_ANGLE_UNIT() SI_UNIT($,.RADIAN.) );
#7083 = ( NAMED_UNIT(*) SI_UNIT($,.STERADIAN.) SOLID_ANGLE_UNIT() );
#7084 = UNCERTAINTY_MEASURE_WITH_UNIT(LENGTH_MEASURE(2.E-05),#7081,
  'distance_accuracy_value','confusion accuracy');
#7085 = CONTEXT_DEPENDENT_SHAPE_REPRESENTATION(#7086,#7088);
#7086 = ( REPRESENTATION_RELATIONSHIP('','',#6581,#10) 
REPRESENTATION_RELATIONSHIP_WITH_TRANSFORMATION(#7087) 
SHAPE_REPRESENTATION_RELATIONSHIP() );
#7087 = ITEM_DEFINED_TRANSFORMATION('','',#11,#55);
#7088 = PRODUCT_DEFINITION_SHAPE('Placement','Placement of an item',
  #7089);
#7089 = NEXT_ASSEMBLY_USAGE_OCCURRENCE('11','Body010','',#5,#6576,$);
#7090 = PRODUCT_RELATED_PRODUCT_CATEGORY('part',$,(#6578));
#7091 = CONTEXT_DEPENDENT_SHAPE_REPRESENTATION(#7092,#7094);
#7092 = ( REPRESENTATION_RELATIONSHIP('','',#6581,#10) 
REPRESENTATION_RELATIONSHIP_WITH_TRANSFORMATION(#7093) 
SHAPE_REPRESENTATION_RELATIONSHIP() );
#7093 = ITEM_DEFINED_TRANSFORMATION('','',#11,#59);
#7094 = PRODUCT_DEFINITION_SHAPE('Placement','Placement of an item',
  #7095);
#7095 = NEXT_ASSEMBLY_USAGE_OCCURRENCE('12','Body011','',#5,#6576,$);
#7096 = CONTEXT_DEPENDENT_SHAPE_REPRESENTATION(#7097,#7099);
#7097 = ( REPRESENTATION_RELATIONSHIP('','',#6581,#10) 
REPRESENTATION_RELATIONSHIP_WITH_TRANSFORMATION(#7098) 
SHAPE_REPRESENTATION_RELATIONSHIP() );
#7098 = ITEM_DEFINED_TRANSFORMATION('','',#11,#63);
#7099 = PRODUCT_DEFINITION_SHAPE('Placement','Placement of an item',
  #7100);
#7100 = NEXT_ASSEMBLY_USAGE_OCCURRENCE('13','Body012','',#5,#6576,$);
#7101 = CONTEXT_DEPENDENT_SHAPE_REPRESENTATION(#7102,#7104);
#7102 = ( REPRESENTATION_RELATIONSHIP('','',#6581,#10) 
REPRESENTATION_RELATIONSHIP_WITH_TRANSFORMATION(#7103) 
SHAPE_REPRESENTATION_RELATIONSHIP() );
#7103 = ITEM_DEFINED_TRANSFORMATION('','',#11,#67);
#7104 = PRODUCT_DEFINITION_SHAPE('Placement','Placement of an item',
  #7105);
#7105 = NEXT_ASSEMBLY_USAGE_OCCURRENCE('14','Body013','',#5,#6576,$);
#7106 = MECHANICAL_DESIGN_GEOMETRIC_PRESENTATION_REPRESENTATION('',(
    #7107),#7080);
#7107 = STYLED_ITEM('color',(#7108),#6582);
#7108 = PRESENTATION_STYLE_ASSIGNMENT((#7109,#7115));
#7109 = SURFACE_STYLE_USAGE(.BOTH.,#7110);
#7110 = SURFACE_SIDE_STYLE('',(#7111));
#7111 = SURFACE_STYLE_FILL_AREA(#7112);
#7112 = FILL_AREA_STYLE('',(#7113));
#7113 = FILL_AREA_STYLE_COLOUR('',#7114);
#7114 = COLOUR_RGB('',0.447058818107,0.474509808674,0.501960817233);
#7115 = CURVE_STYLE('',#7116,POSITIVE_LENGTH_MEASURE(0.1),#7117);
#7116 = DRAUGHTING_PRE_DEFINED_CURVE_FONT('continuous');
#7117 = COLOUR_RGB('',9.803921802644E-02,9.803921802644E-02,
  9.803921802644E-02);
#7118 = MECHANICAL_DESIGN_GEOMETRIC_PRESENTATION_REPRESENTATION('',(
    #7119),#1112);
#7119 = STYLED_ITEM('color',(#7120),#85);
#7120 = PRESENTATION_STYLE_ASSIGNMENT((#7121,#7127));
#7121 = SURFACE_STYLE_USAGE(.BOTH.,#7122);
#7122 = SURFACE_SIDE_STYLE('',(#7123));
#7123 = SURFACE_STYLE_FILL_AREA(#7124);
#7124 = FILL_AREA_STYLE('',(#7125));
#7125 = FILL_AREA_STYLE_COLOUR('',#7126);
#7126 = COLOUR_RGB('',0.301960791261,0.301960791261,0.301960791261);
#7127 = CURVE_STYLE('',#7128,POSITIVE_LENGTH_MEASURE(0.1),#7117);
#7128 = DRAUGHTING_PRE_DEFINED_CURVE_FONT('continuous');
#7129 = MECHANICAL_DESIGN_GEOMETRIC_PRESENTATION_REPRESENTATION('',(
    #7130),#4998);
#7130 = STYLED_ITEM('color',(#7131),#1843);
#7131 = PRESENTATION_STYLE_ASSIGNMENT((#7132,#7137));
#7132 = SURFACE_STYLE_USAGE(.BOTH.,#7133);
#7133 = SURFACE_SIDE_STYLE('',(#7134));
#7134 = SURFACE_STYLE_FILL_AREA(#7135);
#7135 = FILL_AREA_STYLE('',(#7136));
#7136 = FILL_AREA_STYLE_COLOUR('',#7114);
#7137 = CURVE_STYLE('',#7138,POSITIVE_LENGTH_MEASURE(0.1),#7117);
#7138 = DRAUGHTING_PRE_DEFINED_CURVE_FONT('continuous');
#7139 = MECHANICAL_DESIGN_GEOMETRIC_PRESENTATION_REPRESENTATION('',(
    #7140),#5551);
#7140 = STYLED_ITEM('color',(#7141),#5342);
#7141 = PRESENTATION_STYLE_ASSIGNMENT((#7142,#7147));
#7142 = SURFACE_STYLE_USAGE(.BOTH.,#7143);
#7143 = SURFACE_SIDE_STYLE('',(#7144));
#7144 = SURFACE_STYLE_FILL_AREA(#7145);
#7145 = FILL_AREA_STYLE('',(#7146));
#7146 = FILL_AREA_STYLE_COLOUR('',#7114);
#7147 = CURVE_STYLE('',#7148,POSITIVE_LENGTH_MEASURE(0.1),#7117);
#7148 = DRAUGHTING_PRE_DEFINED_CURVE_FONT('continuous');
#7149 = MECHANICAL_DESIGN_GEOMETRIC_PRESENTATION_REPRESENTATION('',(
    #7150),#6548);
#7150 = STYLED_ITEM('color',(#7151),#5570);
#7151 = PRESENTATION_STYLE_ASSIGNMENT((#7152,#7157));
#7152 = SURFACE_STYLE_USAGE(.BOTH.,#7153);
#7153 = SURFACE_SIDE_STYLE('',(#7154));
#7154 = SURFACE_STYLE_FILL_AREA(#7155);
#7155 = FILL_AREA_STYLE('',(#7156));
#7156 = FILL_AREA_STYLE_COLOUR('',#7114);
#7157 = CURVE_STYLE('',#7158,POSITIVE_LENGTH_MEASURE(0.1),#7117);
#7158 = DRAUGHTING_PRE_DEFINED_CURVE_FONT('continuous');
#7159 = MECHANICAL_DESIGN_GEOMETRIC_PRESENTATION_REPRESENTATION('',(
    #7160),#5323);
#7160 = STYLED_ITEM('color',(#7161),#5017);
#7161 = PRESENTATION_STYLE_ASSIGNMENT((#7162,#7167));
#7162 = SURFACE_STYLE_USAGE(.BOTH.,#7163);
#7163 = SURFACE_SIDE_STYLE('',(#7164));
#7164 = SURFACE_STYLE_FILL_AREA(#7165);
#7165 = FILL_AREA_STYLE('',(#7166));
#7166 = FILL_AREA_STYLE_COLOUR('',#7114);
#7167 = CURVE_STYLE('',#7168,POSITIVE_LENGTH_MEASURE(0.1),#7117);
#7168 = DRAUGHTING_PRE_DEFINED_CURVE_FONT('continuous');
#7169 = MECHANICAL_DESIGN_GEOMETRIC_PRESENTATION_REPRESENTATION('',(
    #7170),#1819);
#7170 = STYLED_ITEM('color',(#7171),#1131);
#7171 = PRESENTATION_STYLE_ASSIGNMENT((#7172,#7177));
#7172 = SURFACE_STYLE_USAGE(.BOTH.,#7173);
#7173 = SURFACE_SIDE_STYLE('',(#7174));
#7174 = SURFACE_STYLE_FILL_AREA(#7175);
#7175 = FILL_AREA_STYLE('',(#7176));
#7176 = FILL_AREA_STYLE_COLOUR('',#7114);
#7177 = CURVE_STYLE('',#7178,POSITIVE_LENGTH_MEASURE(0.1),#7117);
#7178 = DRAUGHTING_PRE_DEFINED_CURVE_FONT('continuous');
ENDSEC;
END-ISO-10303-21;
